sim_time_s,estimated_x_m,estimated_y_m,physical_x_m,physical_y_m,estimated_yaw_rad,physical_yaw_rad,imu_aligned_yaw_rad,encoder_yaw_change_rad
12420.042,0.0017438160790847492,-6.667434088070801e-09,0.0018353664807836036,-8.809684076242543e-09,-7.796072705379753e-06,-9.342421891649262e-06,-9.342421891649262e-06,0.0
12420.062,0.002770916085489466,-1.710772895129807e-08,0.002888945666043509,-2.1584187744889694e-08,-1.2535039830438968e-05,-1.4963214479934114e-05,-1.4963214479934109e-05,-4.860889380355003e-06
12420.082,0.0040707516197371575,-3.729877429161148e-08,0.0042071910757725366,-4.57896619608434e-08,-1.852925408387644e-05,-2.2006543453239596e-05,-2.2006543453239586e-05,-1.1613985224203568e-05
12420.102,0.005633689172432198,-7.187388817614835e-08,0.0057895284755963075,-8.696115395969642e-08,-2.570884543567254e-05,-3.0438679982725877e-05,-3.0438679982725856e-05,-1.820346169864784e-05
12420.122,0.00746002743228963,-1.2644997324460517e-07,0.007643080175167646,-1.5196051098243732e-07,-3.404669827018052e-05,-4.026260023423983e-05,-4.02626002342398e-05,-2.7570103109925527e-05
12420.142,0.009561256717302194,-2.0799911041622356e-07,0.0097688713958937,-2.486729821024735e-07,-4.355999465620095e-05,-5.144381880099829e-05,-5.1443818800998265e-05,-3.6275667425421836e-05
12420.162,0.011932694815205086,-3.2392656141173e-07,0.012167581112897318,-3.860285706960329e-07,-5.419086916395086e-05,-6.394094980115851e-05,-6.394094980115847e-05,-4.701734014208667e-05
12420.182,0.014576877829191263,-4.827404358794552e-07,0.014839004808567492,-5.738953620130576e-07,-6.590863007258454e-05,-7.770404825585039e-05,-7.770404825585037e-05,-5.8841280279410034e-05
12420.202,0.0174934969098703,-6.936186402606861e-07,0.01778281031603816,-8.230276021015943e-07,-7.86671538529672e-05,-9.267870777458572e-05,-9.26787077745857e-05,-7.170126235693561e-05
12420.222,0.020687454483106375,-9.669226081808236e-07,0.020998240930762777,-1.1449514605247557e-06,-9.243560830895505e-05,-0.00010880510681253631,-0.00010880510681253629,-8.698263429141446e-05
12420.242,0.024150634811280842,-1.3125578747948856e-06,0.0244791288524498,-1.5511840487972734e-06,-0.00010713249272652632,-0.00012599427565123666,-0.0001259942756512366,-0.00010183503524333777
12420.262,0.027841580314542248,-1.7364913434365981e-06,0.02818220086932671,-2.0481600073717454e-06,-0.00012253728929553415,-0.0001439785564601999,-0.00014397855646019987,-0.0001157607199411401
12420.282,0.031667300380606035,-2.2353828676999444e-06,0.03201544303670277,-2.6319628735858163e-06,-0.0001382244136682264,-0.00016226590076018064,-0.00016226590076018062,-0.00013145885014854633
12420.302,0.035569249165084645,-2.8054527379566797e-06,0.035920478651446076,-3.29805141833529e-06,-0.00015392300317851277,-0.00018055193575383747,-0.0001805519357538374,-0.00014715099587095745
12420.322,0.0395109987358987,-3.4429535454823944e-06,0.039864463932466225,-4.0425758429224895e-06,-0.00016948852565301797,-0.00019867132683813445,-0.00019867132683813445,-0.0001626981153166906
12420.342,0.04347511641196905,-4.1453572982667655e-06,0.04382977185868829,-4.862507486585172e-06,-0.00018484321169445994,-0.0002165395156328967,-0.0002165395156328967,-0.00017878886383944557
12420.362,0.04745114650974374,-4.910422948223815e-06,0.04780641742742721,-5.75529909015956e-06,-0.00019994703914077606,-0.0002341120868396089,-0.00023411208683960885,-0.0001931065202179918
12420.382,0.051433340652985764,-5.736282129895227e-06,0.051788912951091275,-6.7188123126353295e-06,-0.00021478084015744947,-0.0002513678912713504,-0.0002513678912713503,-0.00020791273873831123
12420.402,0.055418557625305766,-6.621328679255241e-06,0.055774265576554884,-7.751199224803064e-06,-0.00022933658078665395,-0.000268298234404945,-0.00026829823440494493,-0.00022244050941335201
12420.422,0.05940515192919073,-7.564138786600877e-06,0.059760893149227626,-8.850821043099116e-06,-0.00024360957336500924,-0.00028490125959784615,-0.0002849012595978461,-0.00023668833500755003
12420.442,0.06339219494428532,-8.563415490061184e-06,0.06374793425810416,-1.0016166925933701e-05,-0.000257606580807641,-0.00030117850076021,-0.00030117850076020997,-0.00025065760113835155
12420.462,0.06737922773023314,-9.617944360662963e-06,0.0677349417246576,-1.1245819886026833e-05,-0.0002713275046600706,-0.00031713324813270854,-0.00031713324813270843,-0.0002643511053384914
12420.482,0.07136601617102697,-1.072656666838371e-05,0.07172169437100763,-1.2538429405797445e-05,-0.0002847761083444363,-0.00033276994265932886,-0.0003327699426593288,-0.0002777727018226259
12420.502,0.07535245555765957,-1.1888167970004163e-05,0.07570809450193122,-1.3892695208457242e-05,-0.0002979565336854129,-0.0003480934453744957,-0.00034809344537449564,-0.0002909265436907017
12420.522,0.07933850743878743,-1.3101656908076648e-05,0.07969411089001553,-1.5307355981917644e-05,-0.00031087044007052655,-0.00036310878432038084,-0.0003631087843203808,-0.0003038169348639523
12420.542,0.08332417840488678,-1.436599177799398e-05,0.083679744222536,-1.6781181231224906e-05,-0.0003235274328442203,-0.0003778210164255942,-0.00037782101642559415,-0.0003164482111900414
12420.562,0.08730948208535355,-1.568014194661049e-05,0.08766501287257415,-1.8312967621481316e-05,-0.0003359290728137536,-0.00039223507255751154,-0.00039223507255751143,-0.0003288245473503536
12420.582,0.09129444456362028,-1.7043098140899212e-05,0.09164994324106245,-1.9901535826799622e-05,-0.00034807970275189156,-0.0004063560164378351,-0.00040635601643783506,-0.00034095031185494944
12420.602,0.0952790921320677,-1.8453864267803897e-05,0.09563456457455308,-2.154572925014711e-05,-0.0003599811151561458,-0.00042018879386609265,-0.00042018879386609265,-0.0003528297230041808
12420.622,0.09926345978157267,-1.9911471569680223e-05,0.09961890565070572,-2.3244412045926414e-05,-0.0003716423384184854,-0.00043373823252598835,-0.00043373823252598835,-0.0003650421829117124
12420.642,0.10324757098864622,-2.1414968114971993e-05,0.10360299287356436,-2.4996467797259018e-05,-0.00038306498002952034,-0.00044700905154040037,-0.00044700905154040037,-0.00037586591043135874
12420.662,0.1072314517004159,-2.296341530754023e-05,0.10758685192570336,-2.6800799533250483e-05,-0.00039425288288060385,-0.00046000577062081384,-0.00046000577062081384,-0.00038758241810955954
12420.682,0.11121512522870793,-2.4555890060478507e-05,0.11157050592959349,-2.865632838173694e-05,-0.00040521004451584335,-0.00047273304292631374,-0.00047273304292631374,-0.00039904576236929963
12420.702,0.11519861298883342,-2.6191485136455514e-05,0.1155539760966009,-3.056199397094976e-05,-0.0004159403111003993,-0.00048519535714850164,-0.0004851953571485017,-0.00040867263815704577
12420.722,0.1191819343601871,-2.7869308387362447e-05,0.11953728161338216,-3.251675356754142e-05,-0.0004264474424967234,-0.000497397103698978,-0.0004973971036989781,-0.0004191576601250348
12420.742,0.12316510678517055,-2.9588482395493887e-05,0.12352043974101225,-3.4519581637899186e-05,-0.0004367351287892747,-0.0005093425784803307,-0.0005093425784803308,-0.00042942360224328726
12420.762,0.12714814590280138,-3.134814397003183e-05,0.1275034659589952,-3.6569469326665843e-05,-0.0004468068750998149,-0.0005210359003090519,-0.000521035900309052,-0.0004394739469908594
12420.782,0.13113106575373593,-3.314744380201766e-05,0.13148637417158401,-3.866542399445447e-05,-0.00045666629927644325,-0.0005324812858110591,-0.0005324812858110592,-0.00044931233477898074
12420.802,0.13511387901783442,-3.49855467999081e-05,0.13546917692840216,-4.0806469588715476e-05,-0.00046631692104757164,-0.0005436828408354505,-0.0005436828408354506,-0.0004589422660505075
12420.822,0.1390965970627235,-3.6861631492060315e-05,0.1394518855580874,-4.299164603399743e-05,-0.0004757621716785812,-0.00055464457270507,-0.0005546445727050701,-0.0004692985092681151
12420.842,0.14307922690639457,-3.877486064019156e-05,0.14343451082637837,-4.5220009206493895e-05,-0.0004849953855333696,-0.0005653704079701968,-0.0005653704079701967,-0.0004785017623930773
12420.862,0.14706178525517186,-4.072445798754869e-05,0.14741706133616744,-4.7490629557369345e-05,-0.0004940398383868355,-0.0005758641052034525,-0.0005758641052034525,-0.0004866151510063118
12420.882,0.15104427526373448,-4.270965097201682e-05,0.15139954426360183,-4.9802592007634275e-05,-0.0005028888022424703,-0.0005861295237726059,-0.0005861295237726059,-0.0004954447453784636
12420.902,0.1550267045668066,-4.4729670202311107e-05,0.1553819671700929,-5.215499731170556e-05,-0.0005115455017762788,-0.0005961704253426162,-0.0005961704253426162,-0.0005040823923186354
12420.922,0.15900907954295826,-4.67837513769065e-05,0.15936433685770168,-5.45469608269225e-05,-0.0005200111938857984,-0.0006059904824906194,-0.0006059904824906196,-0.0005125312313766306
12420.942,0.1629914070748379,-4.8871156971395795e-05,0.16334665908770163,-5.6977612011761846e-05,-0.0005282927445744037,-0.000615593291852408,-0.0006155932918524081,-0.000520794347080989
12420.962,0.1669736918859252,-5.0991154162212056e-05,0.16732893906747234,-5.944609429056886e-05,-0.0005363911968048405,-0.0006249822998825862,-0.0006249822998825863,-0.0005288746506557082
12420.982,0.17095593873633275,-5.314302166869898e-05,0.17131118151238112,-6.195156468743373e-05,-0.0005443095934573989,-0.0006341610526876859,-0.000634161052687686,-0.0005367752065198229
12421.002,0.17493815194799528,-5.532605018359215e-05,0.1752933906976253,-6.449319419267786e-05,-0.0005520508957650254,-0.0006431330044628073,-0.0006431330044628075,-0.0005444989590158195
12421.022,0.17892033537167112,-5.7539541864803386e-05,0.1792755704326376,-6.707016721026215e-05,-0.0005596179916203125,-0.0006519015277918262,-0.0006519015277918263,-0.0005520487911832914
12421.042,0.18290249244428547,-5.978281014496442e-05,0.18325772411352792,-6.968168130926481e-05,-0.0005670137206814565,-0.000660469927449031,-0.0006604699274490311,-0.0005601561105924672
12421.062,0.18688462619726423,-6.20551793703226e-05,0.18723985474007424,-7.232694686059648e-05,-0.0005742407725911389,-0.0006688413670372935,-0.0006688413670372936,-0.0005666378701101234
12421.082,0.19086673933513595,-6.435598457837102e-05,0.19122196499487956,-7.500518672403198e-05,-0.0005813019469410081,-0.0006770191088443293,-0.0006770191088443294,-0.0005743780792919988
12421.102,0.19484883435229325,-6.668457186835288e-05,0.1952040573453323,-7.771563665940797e-05,-0.0005881999677558551,-0.0006850063301928613,-0.0006850063301928614,-0.0005805644605960006
12421.122,0.19883091333025626,-6.904029751709743e-05,0.19918613399558655,-8.045754480318616e-05,-0.0005949359124977676,-0.0006928061331972371,-0.0006928061331972372,-0.0005879487418346614
12421.142,0.20281297847864924,-7.1422517751276e-05,0.20316819696483515,-8.323017147363007e-05,-0.0006015139782287756,-0.0007004215581195,-0.0007004215581195001,-0.0005938500716222222
12421.162,0.20679503155272652,-7.383062007736534e-05,0.20715024788063635,-8.60327886861553e-05,-0.0006079382032703011,-0.0007078555114658126,-0.0007078555114658127,-0.0006002588913638814
12421.182,0.2107770737742238,-7.626398375908474e-05,0.21113228828754954,-8.886468003489092e-05,-0.000614206554561982,-0.0007151109981589678,-0.0007151109981589679,-0.0006065151374414409
12421.202,0.2147591069235266,-7.872200597500618e-05,0.21511431962539443,-9.172514102544052e-05,-0.0006203261189874511,-0.0007221909431602499,-0.00072219094316025,-0.000612621302635345
12421.222,0.21874113219328592,-8.120410143647798e-05,0.21909634310335835,-9.461347852539998e-05,-0.0006262992995818631,-0.0007290982018991328,-0.0007290982018991328,-0.0006185798279699773
12421.242,0.22272315063364398,-8.370968753673553e-05,0.22307835984500196,-9.752901064459639e-05,-0.0006321270033304297,-0.0007358355727050879,-0.000735835572705088,-0.0006243931148104608
12421.262,0.22670516323001252,-8.623819010703172e-05,0.22706037082415745,-0.00010047106637700721,-0.0006378115015976911,-0.0007424057287836891,-0.0007424057287836892,-0.0006300634177018014
12421.282,0.23068717080517395,-8.878904264682889e-05,0.2310423769054747,-0.00010343898532376009,-0.000643353781063849,-0.0007488114386758506,-0.0007488114386758506,-0.0006355931327433342
12421.302,0.23466917430390485,-9.136168680866332e-05,0.23502437893509356,-0.0001064321181029523,-0.0006487589319807909,-0.0007550553973387381,-0.0007550553973387382,-0.0006409845561502762
12421.322,0.2386511743698565,-9.39555770728067e-05,0.23900637762266033,-0.00010944982583344705,-0.0006540264649801236,-0.0007611402344338943,-0.0007611402344338944,-0.0006462399364555132
12421.342,0.2426331717174642,-9.657017622024089e-05,0.24298837360907366,-0.00011249147998073566,-0.0006591612982460544,-0.0007670685266533717,-0.0007670685266533718,-0.0006513614850619072
12421.362,0.24661516684014406,-9.920495738935723e-05,0.24697036741239975,-0.00011555646202455475,-0.0006641641688066241,-0.0007728427327953858,-0.0007728427327953858,-0.0006563512745545423
12421.382,0.25059716020565737,-0.00010185939969592367,0.2509523595033572,-0.00011864416323290625,-0.0006690372675699545,-0.000778465404987364,-0.000778465404987364,-0.0006612115147503243
12421.402,0.25457915228280104,-0.00010453298896503018,0.2549343503616969,-0.00012175398504306384,-0.000673780206441044,-0.000783939026437956,-0.0007839390264379559,-0.0006659443216459899
12421.422,0.2585611435337877,-0.00010722521535460374,0.2589163404071222,-0.00012488533860738438,-0.0006784000953119043,-0.0007892660200288508,-0.0007892660200288508,-0.0006710050791051084
12421.442,0.26254313429361814,-0.00010993559092609225,0.26289832998638085,-0.00012803764459199069,-0.000682895241845633,-0.0007944487587037203,-0.0007944487587037202,-0.0006754769824027879
12421.462,0.2665251248454566,-0.00011266362350413134,0.2668803193762989,-0.00013121033290994512,-0.0006872699972476236,-0.000799489504554199,-0.0007994895045541991,-0.0006793985871506662
12421.482,0.2705071154248187,-0.0001154088375737647,0.27086230881744744,-0.0001344028424817099,-0.00069152516650296,-0.0008043906105429675,-0.0008043906105429676,-0.0006836419071783059
12421.502,0.274489106317759,-0.00011817075993659013,0.2748442985864489,-0.00013761462162482617,-0.0006956615515401753,-0.0008091543654112911,-0.0008091543654112913,-0.0006877677965186769
12421.522,0.27847109774786233,-0.00012094892388125378,0.27882628891405836,-0.0001408451276105826,-0.0006996833857815221,-0.000813783001375026,-0.0008137830013750261,-0.0006921729189079321
12421.542,0.28245308993045254,-0.0001237428735477078,0.2828082799947003,-0.00014409382649594973,-0.0007035902596219978,-0.0008182787047166705,-0.0008182787047166706,-0.0006956748853700809
12421.562,0.2864350829797892,-0.00012655215975952564,0.2867902719583832,-0.00014736019284850184,-0.0007073861970626674,-0.000822643555995811,-0.000822643555995811,-0.0006994597138174869
12421.582,0.2904170770129299,-0.00012937634203864041,0.2907722649181479,-0.00015064370953552707,-0.0007110719326526866,-0.0008268797254215839,-0.000826879725421584,-0.000703134530067266
12421.602,0.29439907219182043,-0.00013221498532637257,0.29475425903308894,-0.0001539438681023686,-0.0007146492756963678,-0.0008309893225630701,-0.0008309893225630702,-0.0007067011312146508
12421.622,0.2983810686593331,-0.00013506766016177163,0.29873625442917134,-0.00015726016834951946,-0.0007181189335333628,-0.0008349744042370093,-0.0008349744042370094,-0.0007101612757943804
12421.642,0.30236306651610584,-0.00013793394090690108,0.30271825120140744,-0.00016059211817326575,-0.0007214826713625866,-0.0008388369846508046,-0.0008388369846508047,-0.0007135166936799662
12421.662,0.3063450657677241,-0.00014081341424014075,0.306700249398153,-0.00016393923331424134,-0.0007247452105186196,-0.0008425789777993047,-0.0008425789777993048,-0.0007167689951762915
12421.682,0.3103270664845285,-0.00014370567730027315,0.3106822490662844,-0.00016730103716222113,-0.0007279061940854203,-0.000846202385089087,-0.000846202385089087,-0.0007199199162000852
12421.702,0.31430906875977993,-0.00014661032912903005,0.31466425029559353,-0.00017067706111344587,-0.0007309672901840758,-0.0008497091512892226,-0.0008497091512892226,-0.0007229711132355315
12421.722,0.31829107265439044,-0.0001495269752688544,0.3186462531479237,-0.00017406684417266063,-0.0007339301220146731,-0.0008531011717102753,-0.0008531011717102754,-0.000725924206922141
12421.742,0.32227307822788825,-0.00015245522767150897,0.3226282576752545,-0.00017746993281823865,-0.0007367962861329116,-0.0008563803019769165,-0.0008563803019769165,-0.0007287807911143926
12421.762,0.3262550855067238,-0.0001553946976209536,0.3266102638712888,-0.0001808858807385259,-0.0007395653698766077,-0.0008595483029466123,-0.0008595483029466124,-0.0007315423462035486
12421.782,0.33023709442048793,-0.00015834501526236145,0.33059227173878214,-0.000184314248670366,-0.0007422427710396103,-0.0008626070204526651,-0.0008626070204526652,-0.0007342104742744732
12421.802,0.3342191050626487,-0.00016130581186112156,0.33457428133485173,-0.00018775460475019707,-0.0007448281214586277,-0.0008655582474726371,-0.0008655582474726372,-0.0007367867022812617
12421.822,0.33820111754274307,-0.0001642767137283367,0.33855629267776854,-0.00019120652411485617,-0.0007473184250909357,-0.0008684037308283656,-0.0008684037308283656,-0.000739272523966229
12421.842,0.3421831317565135,-0.00016725735616909942,0.3425383057704409,-0.00019466958878299948,-0.000749720596106184,-0.0008711451800239153,-0.0008711451800239153,-0.000741669407903712
12421.862,0.3461651476600007,-0.00017024739981483868,0.3465203206177043,-0.0001981433874580601,-0.0007520385974517077,-0.0008737842140033719,-0.000873784214003372,-0.0007439787142011099
12421.882,0.3501471653602392,-0.0001732464943842124,0.35050233719320484,-0.00020162751529575123,-0.0007542669262339966,-0.0008763225364060807,-0.0008763225364060808,-0.0007464191397983086
12421.902,0.35412918474531907,-0.00017625430266545721,0.35448435552339636,-0.00020512157428436532,-0.0007564138503745709,-0.0008787617996760711,-0.0008787617996760712,-0.0007483404398953019
12421.922,0.35811120594649404,-0.00017927048985823547,0.3584663756328868,-0.00020862517289105427,-0.0007584756625833297,-0.0008811036134490878,-0.0008811036134490878,-0.0007503956426756174
12421.942,0.3620932288969955,-0.00018229472963041452,0.36244839752084923,-0.00021213792591414526,-0.0007604570401000127,-0.0008833495527702271,-0.0008833495527702272,-0.0007523688844212922
12421.962,0.3660752536126122,-0.00018532669850532236,0.3664304211498998,-0.00021565945427510545,-0.0007623567871518804,-0.0008855011071733718,-0.0008855011071733718,-0.0007543538490546655
12421.982,0.370057280018363,-0.0001883660751348916,0.3704124464687883,-0.00021918938484643077,-0.0007641770652024388,-0.000887559847851857,-0.0008875598478518571,-0.0007560746010606587
12422.002,0.3740393081355488,-0.00019141254386081661,0.3743944734987022,-0.0002227273508262747,-0.0007659191738329195,-0.0008895272986321389,-0.0008895272986321389,-0.0007578097389918143
12422.022,0.37802133796075454,-0.00019446579950171698,0.37837650225229424,-0.00022627299137892908,-0.0007675851533555878,-0.0008914049424887255,-0.0008914049424887256,-0.00075946809700897
12422.042,0.38200336951087044,-0.0001975255394126706,0.38235853272392156,-0.00022982595150609529,-0.0007691754769312177,-0.0008931942309068866,-0.0008931942309068868,-0.000761050922938001
12422.062,0.385985402736046,-0.00020059146464308328,0.38634056486421253,-0.00023338588183948142,-0.0007706913045951201,-0.0008948965335450795,-0.0008948965335450796,-0.0007626327665280841
12422.082,0.38996743759704056,-0.0002036632799444987,0.39032259862340324,-0.00023695243849718105,-0.0007721331580371212,-0.0008965132999721206,-0.0008965132999721208,-0.0007639946850887453
12422.102,0.39394947407316255,-0.0002067406951870994,0.3943046340137808,-0.00024052528343232842,-0.0007735036906734208,-0.0008980459350775641,-0.0008980459350775642,-0.0007653580779248915
12422.122,0.39793151219072986,-0.00020982342772156814,0.39828667104294674,-0.00024410408409914356,-0.000774803349248891,-0.0008994958057754893,-0.0008994958057754895,-0.0007666507127108344
12422.142,0.40191355195522527,-0.0002129111963951361,0.40226870969684353,-0.0002476885133271828,-0.0007760325950970764,-0.0009008642492999758,-0.0009008642492999759,-0.000767873739337087
12422.162,0.4058955932801662,-0.000216003725390645,0.4062507499211161,-0.0002512782491298857,-0.000777193874977806,-0.0009021525249536898,-0.0009021525249536899,-0.0007690282127441289
12422.182,0.40987763613259476,-0.00021910074504670108,0.4102327916731903,-0.0002548729745793009,-0.000778287648025308,-0.0009033619702184112,-0.0009033619702184112,-0.0007701152972100984
12422.202,0.4138596805259129,-0.00022220198880506013,0.41421483496401945,-0.00025847237813050156,-0.0007793150259502449,-0.0009044938805960583,-0.0009044938805960583,-0.0007711360952334177
12422.222,0.41784172648240364,-0.00022530719030729822,0.41819687978655984,-0.0002620761532971644,-0.0007802757868004198,-0.0009055495158500885,-0.0009055495158500885,-0.000772183377184424
12422.242,0.421823773951666,-0.00022841609452643537,0.4221789261312767,-0.0002656839985617745,-0.0007811729614985958,-0.0009065301077463984,-0.0009065301077463985,-0.0007730259510098138
12422.262,0.4258058228833578,-0.00023152844631463623,0.42616097394771174,-0.0002692956171759959,-0.0007820074930938752,-0.0009074368143831809,-0.0009074368143831809,-0.0007738904645123423
12422.282,0.4297878732408014,-0.00023464399813751566,0.43014302319001546,-0.0002729107170407106,-0.0007827798102014385,-0.000908270869742596,-0.0009082708697425961,-0.0007746141539302094
12422.302,0.4337699250495524,-0.0002377625030166469,0.4341250738689414,-0.0002765290110325386,-0.0007834903312416574,-0.0009090334684775623,-0.0009090334684775624,-0.0007752825984333439
12422.322,0.43775197827765266,-0.0002408837194969684,0.4381071259802346,-0.00028015021669204187,-0.0007841412641580151,-0.0009097257713638369,-0.000909725771363837,-0.000775958180525361
12422.342,0.44173403293408703,-0.00024400741092777767,0.4420891795141922,-0.0002837740561354617,-0.0007847329802461938,-0.0009103489135289641,-0.0009103489135289642,-0.0007765134135122993
12422.362,0.44571608896683756,-0.000247133343289756,0.44607123441809365,-0.0002874002558658513,-0.0007852663795455304,-0.0009109039594639097,-0.0009109039594639097,-0.000777041031235684
12422.382,0.44969814631946237,-0.00025026128622398586,0.4500532906444002,-0.00029102854667412023,-0.0007857424411770356,-0.0009113922341127063,-0.0009113922341127065,-0.0007775114119594662
12422.402,0.453680204985212,-0.00025339101261513685,0.4540353482358223,-0.0002946586671954502,-0.0007861628946232735,-0.0009118183960963748,-0.0009118183960963749,-0.0007779275809617061
12422.422,0.4576622648923199,-0.0002565223297302774,0.45801740743026426,-0.000298290396558898,-0.0007865435817052245,-0.0009122018384364657,-0.0009122018384364658,-0.0007783050214209322
12422.442,0.4616443265788136,-0.00025965510479863566,0.461999468438606,-0.0003019235924014326,-0.0007868955189872475,-0.0009125563953820595,-0.0009125563953820596,-0.0007786543441070284
12422.462,0.46562638999759803,-0.000262789232401152,0.4659815311572283,-0.00030555814923532694,-0.0007872227261424109,-0.0009128862626556696,-0.0009128862626556697,-0.0007789792473652568
12422.482,0.46960845492343545,-0.0002659246199660738,0.46996359536306687,-0.0003091939748766794,-0.0007875282097752961,-0.000913194440256881,-0.0009131944402568811,-0.0007792827093096329
12422.502,0.4735905211744668,-0.0002690611858952621,0.47394566086128104,-0.00031283098836850916,-0.0007878144250159672,-0.0009134835547957075,-0.0009134835547957076,-0.0007795673235272686
12422.522,0.4775725885492839,-0.00027219885758919136,0.4779277274458055,-0.00031646911850601115,-0.000788083559063838,-0.0009137559086548219,-0.000913755908654822,-0.0007798613383786866
12422.542,0.4815546568724846,-0.000275337570548771,0.48190979492358527,-0.0003201083026692976,-0.0007883373068998098,-0.0009140135224765455,-0.0009140135224765456,-0.0007800888390732259
12422.562,0.4855367258705083,-0.0002784772694214017,0.48589186310133514,-0.00032374848573289315,-0.0007885786608593525,-0.0009142581453372397,-0.0009142581453372398,-0.0007803294587526572
12422.582,0.48951879540050347,-0.00028161790739676386,0.4898739318270862,-0.0003273896191589792,-0.0007888090707556497,-0.0009144913639414948,-0.0009144913639414949,-0.0007805588059765679
12422.602,0.4935008654194709,-0.0002847594425518546,0.4938560010208068,-0.0003310316604112945,-0.0007890291727232316,-0.0009147145625248828,-0.0009147145625248829,-0.0007807782460766821
12422.622,0.49748293583706577,-0.0002879018360600377,0.4978380705972049,-0.00033467457208360664,-0.0007892402371261869,-0.0009149289513085501,-0.0009149289513085502,-0.0007809889755685402
12422.642,0.5014650065695869,-0.0002910450545292607,0.5018201404862399,-0.0003383183212880282,-0.0007894436676616816,-0.0009151355906759585,-0.0009151355906759586,-0.0007811920463450989
12422.662,0.5054470775304201,-0.0002941890693020946,0.5058022105979256,-0.0003419628790361436,-0.0007896401567497614,-0.0009153353857108399,-0.0009153353857108399,-0.0007814076318055621
12422.682,0.5094291486320106,-0.0002973338548237704,0.5097842808552964,-0.00034560821975704667,-0.0007898308600241832,-0.0009155291805920455,-0.0009155291805920457,-0.0007815787064111004
12422.702,0.5134112198725752,-0.00030047938915277905,0.5137663512502249,-0.00034925432111221886,-0.000790016312365984,-0.0009157177067993503,-0.0009157177067993504,-0.0007817638620029275
12422.722,0.517393291234915,-0.0003036256527130716,0.5177484217686296,-0.00035290116346094246,-0.0007901972308213998,-0.0009159016006726063,-0.0009159016006726064,-0.000781962264554877
12422.742,0.5213753627117765,-0.0003067726279815618,0.5217304923893236,-0.00035654872952262383,-0.0007903738143820095,-0.0009160814180946278,-0.0009160814180946279,-0.0007821209847513377
12422.762,0.5253574342347048,-0.00030992029966403587,0.5257125630588203,-0.00036019700402551943,-0.000790546986268477,-0.0009162576206637982,-0.0009162576206637983,-0.0007822939494844831
12422.782,0.52933950576047,-0.0003130686542087652,0.5296946337322184,-0.0003638459734590248,-0.0007907168874114179,-0.000916430662449986,-0.0009164306624499861,-0.0007824637917712697
12422.802,0.5333215773082761,-0.0003162176796619843,0.5336767044281362,-0.0003674956260867559,-0.0007908840375773314,-0.0009166009319645647,-0.0009166009319645648,-0.0007826308925313292
12422.822,0.5373036488844153,-0.00031936736620298843,0.537658775152977,-0.0003711459515867574,-0.0007910488677525807,-0.0009167687640306073,-0.0009167687640306073,-0.0007827955828044284
12422.842,0.5412857204908352,-0.0003225177047008898,0.5416408459041282,-0.00037479694087223385,-0.0007912115593216904,-0.0009169344494442938,-0.0009169344494442938,-0.0007829581536808334
12422.862,0.5452677920859207,-0.00032566868725432196,0.5456229166416198,-0.0003784485858730602,-0.0007913723714618852,-0.0009170982167884759,-0.0009170982167884759,-0.0007831188190883595
12422.882,0.5492498636302235,-0.00032882030670394096,0.5496049873310348,-0.0003821008794093785,-0.0007915315285328673,-0.0009172603151594255,-0.0009172603151594256,-0.0007832778369469554
12422.902,0.5532319351525846,-0.0003319725569688769,0.5535870579993971,-0.00038575381531003635,-0.0007916892249162128,-0.0009174209528804212,-0.0009174209528804213,-0.0007834354100931115
12422.922,0.5572140066688583,-0.0003351254325675086,0.5575691286622733,-0.00038940738814779763,-0.0007918456359477968,-0.0009175803063717244,-0.0009175803063717244,-0.0007835917128783082
12422.942,0.5611960781865878,-0.0003382789287186006,0.5615511993227099,-0.00039306159313720645,-0.0007920009271400808,-0.0009177385271318908,-0.0009177385271318908,-0.0007837468987152632
12422.962,0.5651781496708305,-0.00034143304114316443,0.5655332699462141,-0.00039671642599042113,-0.0007921551864117331,-0.0009178957213120279,-0.000917895721312028,-0.0007839010605015966
12422.982,0.5691602210814777,-0.000344587765961685,0.5695157786074357,-0.00040037228475187927,-0.000792308557471241,-0.0009180516383664766,-0.0009180516383664603,-0.0007840543496598069
12423.002,0.5731466735264271,-0.00034774656900356525,0.5735054403614851,-0.00040403532851576886,-0.0007924572772792809,-0.0009182045038977288,-0.0009182045038974727,-0.0007842038750235728
12423.022,0.577165227437468,-0.00035093142500182135,0.5775251026236102,-0.00040772653663976953,-0.0007926176392868756,-0.000918367762346192,-0.000918367762345001,-0.0007843639543323232
12423.042,0.5811948725679636,-0.0003541257120213745,0.5815553539850467,-0.0004114281229621717,-0.0007927757643260443,-0.0009185290376705328,-0.0009185290376684044,-0.0007845221083736615
12423.062,0.5852305873824757,-0.00035732544961062567,0.5855914005321806,-0.0004151356834395908,-0.0007929344117734282,-0.0009186896548507546,-0.0009186896548476879,-0.0007846808041277446
12423.082,0.5892696267548663,-0.00036052845554733823,0.5896306133112478,-0.0004188467930043405,-0.0007930895556351086,-0.0009188467573950635,-0.0009188467573910567,-0.0007848356970500662
12423.102,0.5933104073540697,-0.00036373347349228714,0.5936714800210101,-0.00042256006374174874,-0.000793246818103607,-0.0009190061296850426,-0.000919006129680096,-0.0007849933822289691
12423.122,0.5973520561822134,-0.00036693982389771236,0.5977131678734386,-0.0004262747428919968,-0.0007934074743079195,-0.0009191685897669061,-0.0009191685897610197,-0.0007851540401731737
12423.142,0.6013941023663859,-0.0003701471389366474,0.6017552266279459,-0.00042999042119592123,-0.0007935681403490035,-0.0009193310580582878,-0.0009193310580514614,-0.000785314706513615
12423.162,0.6054362817992083,-0.0003733552091400085,0.6057962248239335,-0.0004337057760391925,-0.0007937288015248255,-0.000919491584275771,-0.0009194915842680753,-0.0007854755208973288
12423.182,0.6094666600056035,-0.0003765545002547969,0.6098287459208048,-0.0004374139317638251,-0.0007938697594089515,-0.0009196357217296048,-0.0009196357217215251,-0.0007856153893244167
12423.202,0.6135184749433097,-0.0003797714207959036,0.6138786635368566,-0.00044113870505396046,-0.0007940214453365179,-0.0009197892874410658,-0.0009197892874313249,-0.0007857668863525761
12423.222,0.6175513241844743,-0.0003829738935252637,0.6179115823746503,-0.0004448484678524663,-0.0007941724045485126,-0.0009199422497911793,-0.000919942249780168,-0.0007859181863490505
12423.242,0.6215848768385205,-0.000386177540348553,0.6219451709719483,-0.0004485594728352857,-0.000794326389651513,-0.0009200979650188398,-0.0009200979650065587,-0.0007860723197540312
12423.262,0.6256187964071139,-0.0003893821006082796,0.6259791136277032,-0.0004522714335351294,-0.0007944803783997337,-0.000920253273515642,-0.0009202532735020905,-0.0007862258703979992
12423.282,0.6296529543733583,-0.00039258746303441426,0.630014933435025,-0.00045598574143282703,-0.0007946302985645963,-0.000920405114610644,-0.0009204051145957244,-0.0007863757894934319
12423.302,0.6337037383432149,-0.00039580664557225593,0.6340658892282292,-0.00045971459644794595,-0.0007947825363446953,-0.000920559256799003,-0.0009205592567816637,-0.000786528550663116
12423.322,0.6377562483864585,-0.0003990278229241129,0.6381145877270412,-0.00046344200285976814,-0.0007949367373920713,-0.0009207150258148953,-0.0009207150257932217,-0.0007866825621879119
12423.342,0.6417706521018454,-0.0004022193271445474,0.6421263019343605,-0.0004671359900562756,-0.0007950894605205999,-0.0009208701993827016,-0.000920870199356761,-0.0007868351793154931
12423.362,0.6457581720027099,-0.0004053900713370474,0.6461129069846421,-0.0004708074877181658,-0.0007952480832501954,-0.0009210318894111115,-0.0009210318893811219,-0.0007869943779315869
12423.382,0.6497365581606507,-0.000408554189934234,0.6500905506431897,-0.00047447139384846135,-0.0007954059649464904,-0.000921193323933682,-0.0009211933238993716,-0.0007871522562861253
12423.402,0.6537075342518374,-0.000411713077263792,0.6540612445623858,-0.0004781295832536307,-0.0007955793259175249,-0.000921369870826224,-0.000921369870787609,-0.0007873263422796536
12423.422,0.6576757086649461,-0.0004148704033125696,0.658029426266683,-0.00048178614428785293,-0.000795744611850856,-0.0009215370185926129,-0.0009215370185497456,-0.0007874916537498706
12423.442,0.6616439744117799,-0.0004180284584280625,0.6619975556357217,-0.0004854433302185076,-0.0007959101436227782,-0.0009217055597779549,-0.0009217055597308399,-0.0007876572088975313
12423.462,0.6656108972300023,-0.0004211861166663941,0.6659641714620882,-0.0004890998153095855,-0.0007960853504547508,-0.0009218845303715277,-0.0009218845303201763,-0.0007878334468775906
12423.482,0.6695747758444385,-0.0004243420519696246,0.669928213969795,-0.0004927546532677931,-0.0007962614702966448,-0.0009220628452657376,-0.0009220628452100965,-0.0007880096083586056
12423.502,0.6735403191963641,-0.0004275000123433281,0.6738946391802558,-0.0004964124034655069,-0.0007964381338389231,-0.0009222432148030482,-0.000922243214743006,-0.0007881863743271911
12423.522,0.6775147130000261,-0.0004306657241837183,0.6778679628892966,-0.0005000772409958632,-0.0007966155874980931,-0.0009224226577064819,-0.0009224226576413075,-0.0007883638421382282
12423.542,0.6814784419552175,-0.00043382364507238956,0.6818310994944528,-0.0005037334081799929,-0.000796793286905309,-0.0009226045580692349,-0.0009226045579989368,-0.000788541576514228
12423.562,0.6854362888295891,-0.00043697760795376937,0.6857880292720586,-0.0005073846152481655,-0.0007969903336111029,-0.0009228059756320496,-0.0009228059755565569,-0.0007887401988609927
12423.582,0.6893850154818052,-0.0004401250883849254,0.6897382851378702,-0.0005110304971587392,-0.0007971843349265556,-0.0009230133463234752,-0.0009230133462427396,-0.0007889342756096652
12423.602,0.6933490882365683,-0.0004432856798506504,0.6937022946502142,-0.0005146900740163299,-0.0007974764734816613,-0.0009233140419721568,-0.0009233140418849993,-0.0007892299889679134
12423.622,0.6973126088293505,-0.00044644694837227424,0.6976616307487749,-0.0005183464484330634,-0.0007977053891129525,-0.0009235453221090119,-0.000923545322013228,-0.0007894586620465873
12423.642,0.7012343915812178,-0.0004495758215845886,0.7015818147520542,-0.0005219678370676035,-0.0007979326013621648,-0.0009239048157690133,-0.0009239048156646576,-0.0007896857784215376
12423.662,0.7051403145038883,-0.0004526939905345449,0.7054854931517283,-0.0005255774497567258,-0.0007992746647985125,-0.0009253318464186665,-0.0009253318463054605,-0.0007910557694764753
12423.682,0.7090239564325364,-0.0004557990610521971,0.7093686909120502,-0.0005291723289348613,-0.0007997745215049944,-0.00092585614757693,-0.0009258561474551892,-0.0007915546319554255
12423.702,0.7129033617433698,-0.0004589026659178353,0.7132475290744141,-0.0005327652210510476,-0.0008002629205799058,-0.0009263693126280008,-0.0009263693124977051,-0.0007920425747451798
12423.722,0.7167773239556607,-0.0004620038038478286,0.7171216530148958,-0.0005363557753691239,-0.0008007518401677891,-0.0009268823908521117,-0.0009268823907134459,-0.0007925309168848233
12423.742,0.72065315317024,-0.0004651083201633048,0.7209975893695417,-0.0005399500207253963,-0.0008012350274293787,-0.000927389201841037,-0.000927389201693999,-0.0007930135291838517
12423.762,0.7245303291470231,-0.0004682157772635645,0.7248749636731545,-0.0005435475888393141,-0.0008017123319926168,-0.0009278903978089915,-0.000927890397653567,-0.0007934924056136965
12423.782,0.7284097915265633,-0.0004713269229125805,0.7287544999030152,-0.0005471491536715932,-0.0008021911297522197,-0.0009283924471093541,-0.0009283924469454104,-0.0007939691018829722
12423.802,0.7322903300181728,-0.0004744407756978849,0.7326357796420309,-0.0005507543125271038,-0.0008026647823226734,-0.0009288910039607707,-0.0009288910037881111,-0.0007944448476568047
12423.822,0.7361786588981242,-0.00047756275197773844,0.7365224353969572,-0.0005543664941296536,-0.0008031515841176953,-0.0009294016287225707,-0.0009294016285402633,-0.0007949302867510071
12423.842,0.740050712300792,-0.00048067353054896965,0.7403935949191525,-0.0005579662811291333,-0.0008036330831048465,-0.0009299070270288443,-0.0009299070268369308,-0.0007954116832749796
12423.862,0.7439143263755017,-0.0004837793879897627,0.744256189617427,-0.0005615603051541203,-0.0008041138652213435,-0.0009304585633814454,-0.0009304585631799818,-0.0007958924250583508
12423.882,0.7477682912742506,-0.0004868802924973301,0.7481112508948564,-0.0005651511404717988,-0.0008049915605882321,-0.0009314009727046447,-0.0009314009724938599,-0.0007967733376547946
12423.902,0.7516338034267356,-0.0004899930078274415,0.7519781764522921,-0.0005687552971273648,-0.0008056132456005556,-0.0009320635737006527,-0.0009320635734795565,-0.0007974028807353675
12423.922,0.7555141514357571,-0.0004931202082690337,0.7558541013444531,-0.0005723705190705557,-0.0008062012144379788,-0.0009326871443566118,-0.0009326871441229029,-0.0007979902112701086
12423.942,0.759351202734726,-0.0004962147636004905,0.7596888601324046,-0.0005759498135724362,-0.0008067849837400897,-0.0009333059099669706,-0.0009333059097207901,-0.0007985737645142325
12423.962,0.7631663539503531,-0.0004992938817579571,0.7635030100238375,-0.0005795129210085294,-0.0008073676325575715,-0.000934042658295972,-0.0009340426580373595,-0.0007991564006612767
12423.982,0.7669726177499504,-0.000502370706640933,0.7673080621001147,-0.0005830753910146155,-0.0008089705281794136,-0.0009357624113545892,-0.0009357624110832905,-0.0008007835853593276
12424.002,0.7707680206558148,-0.0005054426424624467,0.771102946084706,-0.000586630676656857,-0.000809795779152027,-0.0009366641215525458,-0.0009366641212687677,-0.0008016087746214059
12424.022,0.7745595881955121,-0.0005085146137315025,0.774894560204589,-0.0005901864645318491,-0.0008106285830738198,-0.0009375727822095143,-0.0009375727819134052,-0.0008024415720555123
12424.042,0.7783530770077862,-0.0005115912900988223,0.7786880943831881,-0.0005937475782545948,-0.0008114538021719925,-0.0009384734410254322,-0.0009384734407170217,-0.0008032668465445746
12424.062,0.7821485922517416,-0.0005146727428164079,0.7824825338713229,-0.0005973146430865191,-0.0008122793685562861,-0.0009397989468818645,-0.0009397989465611968,-0.0008040924380589448
12424.082,0.7859350395975259,-0.0005177519629991223,0.7862708074822496,-0.0006008941325761328,-0.0008167280686876224,-0.0009446186257701609,-0.0009446186254375878,-0.0008086245310845838
12424.102,0.789741502776387,-0.0005208639703416184,0.7900774825506055,-0.0006045076564550178,-0.0008183905467466305,-0.0009478962008813293,-0.0009478962005360099,-0.0008102876208682378
12424.122,0.7935521033696661,-0.0005240129909435558,0.7938858882148349,-0.0006082003325156342,-0.0008320022190243109,-0.0009626870941172565,-0.0009626870937579371,-0.0008241827819808918
12424.142,0.7973430836772417,-0.0005271756128249152,0.7976757794957503,-0.0006118770464650933,-0.0008364953426041266,-0.0009678765793634173,-0.000967876578990364,-0.0008286744147863693
12424.162,0.8011256755646052,-0.0005303482107786105,0.8014572941405127,-0.0006155869814003531,-0.0008409770553041621,-0.0009783892553607118,-0.000978389254973808,-0.0008331553284794134
12424.182,0.8049003209230771,-0.000533550450922245,0.8052289439840395,-0.0006198448986751209,-0.0008935938193718538,-0.0010981440611882792,-0.0010981440607844863,-0.0009188679539766208
12424.202,0.8086529021655808,-0.0005378595484890137,0.8089770255332421,-0.0006277437851201994,-0.001490489046753191,-0.0018123274593411713,-0.0018123274589030148,-0.001567405637547715
12424.222,0.8124020896163716,-0.0005452117950411401,0.8127224609122526,-0.0006408769390077561,-0.002477377440384375,-0.002949157821551721,-0.002949157821064636,-0.00258467180134602
12424.242,0.8161650651893617,-0.0005568050304003473,0.8164809316646167,-0.000660223091108196,-0.0037144943036826025,-0.004393769261966686,-0.004393769261416814,-0.003839713603635231
12424.262,0.8199013870606072,-0.000573245883714056,0.8202155013694509,-0.0006862510095724517,-0.005106626432483153,-0.006030411732822266,-0.006030411732200373,-0.005243495817204916
12424.282,0.8236258949153842,-0.0005950112784444719,0.8239390520942786,-0.0007193413139898251,-0.0065936083730916825,-0.007776619631667352,-0.007776619630966309,-0.006771479462372219
12424.302,0.8273558247962308,-0.0006226641477067836,0.8276571522335224,-0.0007604803668869036,-0.008222503738420305,-0.00960791176057306,-0.009607911759785913,-0.008379031177481561
12424.322,0.831061358495095,-0.0006560592173882908,0.831359693681703,-0.0008077311954649005,-0.00981916314043482,-0.011456235826626271,-0.011456235825748668,-0.00996960203799692
12424.342,0.8347632810194126,-0.0006953824699234005,0.8350610415456137,-0.0008623739581316986,-0.011434137622208752,-0.0133450669425773,-0.01334506694160395,-0.011589847079693778
12424.362,0.8384668266024623,-0.0007407599264535958,0.8387639422511889,-0.0009243769865625272,-0.013067083659866332,-0.015248571347446307,-0.015248571346373023,-0.01322136274335978
12424.382,0.842171949446787,-0.000792166305805553,0.8424680199084799,-0.0009930765319031655,-0.014663291211700073,-0.017116302265471256,-0.017116302264295502,-0.014810905148235288
12424.402,0.8458765894227105,-0.0008494321826760476,0.8461718317668933,-0.0010691675353720251,-0.016255080666710508,-0.01898285897228815,-0.01898285897100577,-0.016407413359077246
12424.422,0.8495812618335478,-0.0009126611805088335,0.8498761222678581,-0.0011532805911352792,-0.017891127785082235,-0.020892990943353673,-0.020892990941958723,-0.01804309500065111
12424.442,0.8532790170185516,-0.0009817940188124642,0.8535730855481435,-0.0012438120665705648,-0.019497490314763482,-0.022766683572167632,-0.022766683570658214,-0.019650119905941607
12424.462,0.8569809564084646,-0.0010569370123070126,0.8572736224775391,-0.0013414931798416694,-0.021088489807807455,-0.02462283556674161,-0.02462283556511385,-0.02123914680405341
12424.482,0.8606995705708254,-0.001138309655107145,0.8609691347061281,-0.0014456716336401032,-0.022563567130567154,-0.02646313518868557,-0.02646313518693496,-0.022717961622134065
12424.502,0.8643526012399974,-0.0012236167621718088,0.864626938593041,-0.001554174983885242,-0.024125576778216556,-0.028252686526287915,-0.02825268652441511,-0.02427348944582845
12424.522,0.8679996645315275,-0.0013144619207435503,0.8682752022297614,-0.0016686201812997114,-0.025682284162265773,-0.03004015528631808,-0.03004015528431833,-0.025829122730213903
12424.542,0.8716062775812494,-0.0014099308758541151,0.8718794718100599,-0.0017887223560254157,-0.02725927930646698,-0.031860975106440655,-0.03186097510431311,-0.027407520675468575
12424.562,0.8751903044829982,-0.0015104077931830464,0.8754603639365786,-0.0019146722183389588,-0.028788783238226444,-0.03363992606263457,-0.03363992606038037,-0.028933652958059095
12424.582,0.8787743623217091,-0.001616377293781442,0.8790410405456949,-0.002047226320728148,-0.030326824916329206,-0.03542020993128069,-0.03542020992889471,-0.030470300673299283
12424.602,0.8823790887893442,-0.001728297598663092,0.8826124748008092,-0.0021860545224933084,-0.031803063702923975,-0.037217228914639765,-0.037217228912116165,-0.031953674706322856
12424.622,0.8859383822390307,-0.00184428855211839,0.8861640939870807,-0.0023303967490368345,-0.03334133901984745,-0.0389845312227715,-0.038984531220109496,-0.033484385855403476
12424.642,0.8894953959802309,-0.0019656230004158975,0.8897168598388167,-0.0024816852417352507,-0.03485481903939806,-0.040745453543097075,-0.04074545354029346,-0.03499793222327928
12424.662,0.8930498841779625,-0.002092281195432594,0.8932673737411063,-0.002639459750363177,-0.0363762881937972,-0.0425108393993665,-0.0425108393964182,-0.03651949941003693
12424.682,0.896609047115876,-0.002224506904534543,0.8968212682947623,-0.0028038645771112885,-0.03789108708513295,-0.04427106708756917,-0.04427106708447264,-0.0380342997563011
12424.702,0.900157259083759,-0.0023616946317306384,0.9003660821177338,-0.002974136757261779,-0.039394978962638376,-0.04602222389303324,-0.046022223889787855,-0.03953807275039733
12424.722,0.9037149831060318,-0.0025046162802984944,0.9039183500945328,-0.003150852974584291,-0.040905967509778346,-0.04778429265239453,-0.047784292648994225,-0.04104855295748559
12424.742,0.9072656999289358,-0.0026526238080611386,0.9074637866468508,-0.003333692121803841,-0.042413421379487094,-0.0495427054429942,-0.04954270543943598,-0.0425557907587783
12424.762,0.9108125267944023,-0.0028058220256053767,0.9110047754224452,-0.0035227831439769396,-0.04391892174155571,-0.05129850245735771,-0.0512985024536386,-0.044061113700074046
12424.782,0.914351469148398,-0.002964013341877234,0.9145370205388488,-0.00371786630237569,-0.04542353014560199,-0.053049453022018064,-0.0530494530181364,-0.045565742933254216
12424.802,0.9178774898930383,-0.003126940512248848,0.918054402644826,-0.003918226591119632,-0.04692320884699044,-0.05478795764865352,-0.0547879576446086,-0.04705662613809406
12424.822,0.9213772570454917,-0.003293802957366675,0.9215426476443342,-0.004120521237516147,-0.04837475481112838,-0.05650172084830887,-0.05650172084409902,-0.048512561313883366
12424.842,0.9248408842540653,-0.0034640193580893776,0.9249979184658265,-0.004327248649486175,-0.0498341151090788,-0.058223014979482034,-0.05822301497510723,-0.04997163961606579
12424.862,0.9282997098677648,-0.003639055735743582,0.9284484253014818,-0.004539800483225087,-0.051290962473894836,-0.05994203428638142,-0.05994203428183898,-0.051428260804477786
12424.882,0.9317555001518052,-0.0038189832006409264,0.9318938000710641,-0.004758136810119402,-0.052746000738061245,-0.06166041916087593,-0.061660419156163535,-0.05288317074608699
12424.902,0.9351900009651357,-0.00400281889591236,0.9353148406881028,-0.004981126147616398,-0.054215678557757906,-0.06338327586239856,-0.06338327585751807,-0.05435321340927916
12424.922,0.9385903246522175,-0.004189922885164519,0.9387001037913889,-0.005208173032822104,-0.05570900585653144,-0.0650882032944784,-0.06508820328943508,-0.05584635226013065
12424.942,0.9419803216044565,-0.004381447483413104,0.942077751596649,-0.005440258011479124,-0.05716510647090021,-0.06677992860219926,-0.06677992859699282,-0.0573024520260187
12424.962,0.9453659937759551,-0.004577671918016061,0.9454512794904378,-0.005677943585117512,-0.05862001109356837,-0.0684677735519551,-0.06846777354658513,-0.05875730718624762
12424.982,0.9487515297015863,-0.004778820157456027,0.9488244047856735,-0.005921080911226692,-0.06005629647556286,-0.07014011062165824,-0.07014011061612395,-0.06019244885082001
12425.002,0.9521392997999868,-0.00498499353999823,0.9522002760620131,-0.006170777426053976,-0.061510971973913336,-0.07182457906352066,-0.07182457905781789,-0.06164858530873871
12425.022,0.955565327991882,-0.005198522861123166,0.9555815175849257,-0.006426803290201252,-0.06282447919028465,-0.07349829899041754,-0.07349829898454133,-0.0629497733583143
12425.042,0.9589345484812132,-0.005412759965118903,0.9589365319017439,-0.00668501552565801,-0.0641885452707703,-0.07508561480026221,-0.07508561479421999,-0.06431860854337461
12425.062,0.962296916321394,-0.005631190942105816,0.9622837561359419,-0.0069480932114888575,-0.06554430329002418,-0.07665647890611561,-0.0766564788999072,-0.06566853439954332
12425.082,0.9656472381102486,-0.0058532884353259835,0.965621925764461,-0.0072153614362846265,-0.06682427231620279,-0.07814265030479732,-0.07814265029842986,-0.06693913816911046
12425.102,0.969014143172758,-0.0060806984724891475,0.9689736038461617,-0.007488431221037648,-0.06806213746250375,-0.0795786737393808,-0.07957867373285174,-0.06817642956326686
12425.122,0.972373480267938,-0.00631174128324732,0.9723108163058615,-0.007764504791310629,-0.06928470309247954,-0.08094922956782687,-0.0809492295611382,-0.06937532461808114
12425.142,0.9756943663152928,-0.006543857698899546,0.97561193026734,-0.008039560117422283,-0.07028038448840226,-0.0821239263296207,-0.08212392632278766,-0.07037098394395593
12425.162,0.9789870625008429,-0.006777289362632801,0.9788850785925796,-0.00831620876369123,-0.07127131383811447,-0.08328403087618726,-0.08328403086921375,-0.0713620389412038
12425.182,0.982263454761554,-0.0070127865891133016,0.9821429464821738,-0.008595227610379123,-0.07222643507380716,-0.08439821470509087,-0.08439821469798138,-0.0723109198655235
12425.202,0.9855405289584581,-0.007251402087111862,0.9853986330583057,-0.008877460710949903,-0.07314132269632197,-0.0854563916069797,-0.08545639159973688,-0.07321472407090675
12425.222,0.9887901632329225,-0.0074908417018904145,0.9886311690518758,-0.009160437702682732,-0.0739427727653902,-0.08638588778491307,-0.08638588777755572,-0.07401029078426331
12425.242,0.9920548087415086,-0.0077338867562594974,0.9918785415914755,-0.00944726953505705,-0.0746656791801598,-0.08722553858258651,-0.08722553857511912,-0.07472629091339708
12425.262,0.9953424052860941,-0.007981097688274092,0.9951384393841515,-0.009738519608262344,-0.07537281913897281,-0.08799401041168461,-0.0879940104041116,-0.07542360015682621
12425.282,0.9985967197640172,-0.008227869590042802,0.998368816306891,-0.010028632664373678,-0.07602283382621748,-0.08874419642022346,-0.08874419641255633,-0.07608237609563522
12425.302,1.0018334237840045,-0.00847549317927514,1.0015810909230365,-0.010319664356839158,-0.07668298147317269,-0.08949040709751971,-0.08949040708976475,-0.07673868913896309
12425.322,1.0050677145822762,-0.00872498979518252,1.0047903251348371,-0.010612323431185776,-0.0772685718177854,-0.09015879963042042,-0.09015879962258394,-0.07714502587775435
12425.342,1.008326578820531,-0.008977722130721753,1.0079965793067105,-0.0109068485036258,-0.07768342028915393,-0.09081276287703097,-0.09081276286910964,-0.07773056240488023
12425.362,1.0115500160865862,-0.009229490340218159,1.0111951980020266,-0.011202377433702209,-0.0781952283172519,-0.09138002749382436,-0.09138002748583189,-0.07822974468684141
12425.382,1.014771505815842,-0.009482566851009759,1.0143899100463691,-0.011498448096521133,-0.07859597054688289,-0.09182837336926117,-0.09182837336120844,-0.07862660049395463
12425.402,1.0180145818230735,-0.009738135094684405,1.0175788913522996,-0.011795221710598032,-0.07878877884813251,-0.09222219268887669,-0.09222219268076734,-0.07881144342050474
12425.422,1.0212293770753214,-0.00999242509710442,1.0207700114128555,-0.012093130502997353,-0.07906784551600049,-0.09252657332861311,-0.09252657332045529,-0.07908245561448281
12425.442,1.0244715170789627,-0.010249789005878937,1.0239772850970965,-0.012394132126908803,-0.07935828261433557,-0.0927758955074563,-0.09277589549924739,-0.07936780148713928
12425.462,1.0276943770102338,-0.010506378774238267,1.0271712981745076,-0.012693324186361609,-0.0795401874108693,-0.09296369244521734,-0.0929636924369624,-0.0795492296840734
12425.482,1.0308937863193286,-0.010761621120993256,1.0303421614077082,-0.012990495142281459,-0.07964678938663389,-0.09306481272797969,-0.09306481271969065,-0.07964214358931856
12425.502,1.0340827475813668,-0.011016180910000901,1.0335017538443083,-0.013286334889429487,-0.0796591507463099,-0.09306744429061926,-0.09306744428230482,-0.07965098128558219
12425.522,1.037260275901815,-0.01126983676151258,1.0366484658661577,-0.013580973234438777,-0.07966453804866214,-0.09306338690012089,-0.09306338689178445,-0.0796591704643279
12425.542,1.0404308950655325,-0.011522987561732879,1.0397784140367017,-0.013874469056980062,-0.07976342876934893,-0.09307291292207878,-0.0930729129137234,-0.07975008941484864
12425.562,1.0435916573637165,-0.011775579611552983,1.0429086923333697,-0.014167357278962324,-0.07973660508454106,-0.09302874068281954,-0.09302874067444689,-0.07972852665984148
12425.582,1.0467551994658761,-0.01202837332023795,1.046036219007069,-0.014460050409425572,-0.07974498243608202,-0.09300883246934927,-0.09300883246095776,-0.07973954442375604
12425.602,1.0498666487594321,-0.012276942990335809,1.0491196832529406,-0.014748054364526104,-0.07964139393567328,-0.09285741521748382,-0.09285741520910593,-0.0796058752886993
12425.622,1.053007693966924,-0.01252723916143279,1.0522323552270199,-0.015037444664227947,-0.07939482348966663,-0.09254907952426218,-0.0925490795159124,-0.07936013456212422
12425.642,1.056176745227256,-0.012778934121699706,1.0553675166759666,-0.015327897704704952,-0.07912264736806185,-0.09222374296194043,-0.09222374295362043,-0.07909608911695813
12425.662,1.0593377881271868,-0.013029357584306884,1.0584827806448804,-0.015616242535539712,-0.07903099492273101,-0.09200537186172143,-0.09200537185342966,-0.07899902922230051
12425.682,1.0624899326465487,-0.013278656025818462,1.0616005469683798,-0.015903643078287833,-0.07882902392946599,-0.0917638895912691,-0.0917638895830085,-0.07880406179347194
12425.702,1.0656459166108538,-0.013527708920503818,1.0647200219922615,-0.01619079799611933,-0.07867917650166761,-0.09157614190934436,-0.09157614190111119,-0.07865749766566893
12425.722,1.0688159607894063,-0.013777217912102629,1.0678270181796357,-0.01647636077527785,-0.07834710972079485,-0.09137786926093694,-0.09137786925273754,-0.07831927926964902
12425.742,1.071959833093912,-0.014023761138529656,1.0709350248687417,-0.01676109429139524,-0.07816341081047094,-0.09115814981024725,-0.09115814980208709,-0.07813057059769409
12425.762,1.0751075806343178,-0.014270004819782101,1.0740453921233204,-0.01704538339952787,-0.07799014607814128,-0.09094155255784117,-0.09094155254971838,-0.07795767575677068
12425.782,1.078270963272244,-0.014517065195939621,1.0771637249782036,-0.01732998612127789,-0.0778101906905296,-0.09064174317106793,-0.09064174316298555,-0.07777030188908829
12425.802,1.0814249476440372,-0.014762543909899698,1.0802835541903666,-0.017613217677465223,-0.07754365604782905,-0.09033522544345077,-0.09033522543541028,-0.07750630264349871
12425.822,1.0845822330639643,-0.015007461975963414,1.0834052326618786,-0.01789577913644615,-0.07729190443571653,-0.09004512194634533,-0.09004512193834575,-0.0772550488828719
12425.842,1.0877302208985202,-0.01525087850668204,1.0865171082456735,-0.01817661085828371,-0.07705114223690983,-0.08975378312078232,-0.08975378311282732,-0.0770118099866196
12425.862,1.0908693263822788,-0.015492683126318298,1.0896194830868193,-0.018455120519932124,-0.07667810928576052,-0.0893287665760007,-0.08932876656810199,-0.07663216721433888
12425.882,1.0940000533079697,-0.01573248824745844,1.0927116018263927,-0.018731029981841795,-0.07620501944327375,-0.08879269264588424,-0.08879269263804893,-0.07615300930151286
12425.902,1.0971115331691368,-0.015969308937348974,1.095784336922244,-0.019003293985577555,-0.07573116074906025,-0.0882583934523639,-0.08825839344459413,-0.07568252421879176
12425.922,1.1002148184818619,-0.01620404414474953,1.098849232567836,-0.01927327069439377,-0.07526210255634756,-0.08772946741070246,-0.08772946740299827,-0.07521293848311243
12425.942,1.1033280820340536,-0.01643819569730003,1.1019110892918724,-0.01954175137301245,-0.07487058522749293,-0.0871905836263267,-0.08719058361868848,-0.07481502070475975
12425.962,1.1064184690529317,-0.016669201517291857,1.1049578056347078,-0.019806548473153728,-0.07435970560400239,-0.08661249049557584,-0.08661249048801081,-0.07430893980785006
12425.982,1.1094511210528366,-0.0168942690744042,1.107957102192923,-0.020065530770889784,-0.07373900796133945,-0.08591660729667673,-0.08591660728921462,-0.07379224966753335
12426.002,1.112543113433231,-0.017121879171362375,1.111001807118067,-0.020326226811908897,-0.07309451114163434,-0.08509230889713347,-0.0850923088897866,-0.07301243781503891
12426.022,1.1156459849776588,-0.01734785168330029,1.114070370464001,-0.02058512892254154,-0.07230780451603762,-0.0842313237655151,-0.0842313237582904,-0.07222722207875965
12426.042,1.1187698571318403,-0.017572879409688505,1.1171580212762278,-0.020842878640266963,-0.07151010417173316,-0.08336164451704457,-0.08336164450994342,-0.07142695395289632
12426.062,1.1219043663516983,-0.017796145027061377,1.120255293911682,-0.021098600865015662,-0.07070566284516014,-0.08248693158259725,-0.08248693157562065,-0.0706225920127468
12426.082,1.1250477238115548,-0.01801747931612646,1.1233594810730154,-0.021352120647528682,-0.06988628149815997,-0.08159591545054241,-0.08159591544369145,-0.06980139885013403
12426.102,1.1281803155602321,-0.01823544127446654,1.1264525073518712,-0.021602155591557003,-0.06903049445233943,-0.08063595223304605,-0.08063595222633027,-0.06891488056837028
12426.122,1.1313020920001295,-0.018449465933604418,1.1295313363318946,-0.021848009585021935,-0.06787281518419162,-0.07933862988854308,-0.07933862988198621,-0.06776126591206874
12426.142,1.1344752024700786,-0.018663063411267795,1.1326363471462717,-0.022091271147003634,-0.06658068576449676,-0.07801284401466345,-0.07801284400826121,-0.06646007852737142
12426.162,1.1376214362764057,-0.018871002288851454,1.135737825813181,-0.0223293329338467,-0.065402597262343,-0.07666234409488144,-0.07666234408863798,-0.0652798207676959
12426.182,1.1407774992877882,-0.01907577939736809,1.1388493367311214,-0.022563859836869867,-0.06417750738865086,-0.07526048078559616,-0.07526048077951267,-0.06405109800875336
12426.202,1.143938236702649,-0.019276916138463763,1.1419648657180843,-0.02279418244496956,-0.06291810063165,-0.07382157937046757,-0.07382157936454511,-0.06278850657223019
12426.222,1.147095177308646,-0.019473768564280795,1.1450776323305474,-0.023019669266802326,-0.06161873952685844,-0.07233906993250985,-0.07233906992675068,-0.06148450948154036
12426.242,1.1502556821015446,-0.01966662689917769,1.1481937020006918,-0.02324076347296609,-0.06026835867033365,-0.0707958348092174,-0.07079583480362309,-0.06011977343665459
12426.262,1.1534772814123633,-0.01985848754730393,1.1513092342012035,-0.023458355075160066,-0.05868381975047452,-0.0691688741368161,-0.06916887413138736,-0.05854241930858689
12426.282,1.156642295846005,-0.0200422611286534,1.1544298178867056,-0.023669663350428794,-0.05732333772383673,-0.06761843305105229,-0.0676184330457846,-0.05718744885721692
12426.302,1.1598197665323635,-0.020222476280063767,1.1575625325168772,-0.023876394416061555,-0.05599130880975717,-0.06610235377641151,-0.06610235377130053,-0.05585673304264536
12426.322,1.1630052277245808,-0.02039890222142648,1.1606978585470973,-0.024078492925832928,-0.05466556052849549,-0.0645924463821005,-0.06459244637714524,-0.054530967939169867
12426.342,1.1661442268702331,-0.020568574833324995,1.1637927124434,-0.02427315398525942,-0.05329838230483973,-0.06302485253088923,-0.06302485252610633,-0.05314671083095775
12426.362,1.1693125433755156,-0.020735059090673625,1.166898697851904,-0.024463505978521927,-0.051552121469563394,-0.061182731968361825,-0.061182731963777985,-0.051379261679616255
12426.382,1.1725031800164778,-0.02089690174064004,1.1700459680530668,-0.02465056523910986,-0.04979342020394321,-0.05919790104835751,-0.05919790104397969,-0.04960951373010586
12426.402,1.1757475195005977,-0.021055850454276433,1.173229603788078,-0.02483340426178747,-0.04805415065198156,-0.05711734325324175,-0.057117343249071466,-0.04786042138014377
12426.422,1.1789981538967218,-0.021209030211509095,1.1764351094009577,-0.025009282696349215,-0.04611736241077607,-0.05493946328782248,-0.05493946328386233,-0.04591942738219539
12426.442,1.182264573312215,-0.02135654148117742,1.1796568384942565,-0.02517888213013018,-0.04413284958847147,-0.05272520088531679,-0.052725200881564495,-0.04393044105304595
12426.462,1.1855328872121569,-0.02149757975704857,1.1828838060120437,-0.025341636772425475,-0.04211689047906372,-0.05049027790315304,-0.050490277899606376,-0.041912895486246375
12426.482,1.1888380970010457,-0.021633291127084772,1.1861271413702903,-0.02549918892803524,-0.039965598085090065,-0.048197179364605526,-0.048197179361260764,-0.03975835958615441
12426.502,1.1921265785968513,-0.02176139133843943,1.1893689517762673,-0.02564790657738114,-0.03789956467472559,-0.045895133226205614,-0.04589513322305877,-0.03768950594162564
12426.522,1.1954389916273844,-0.02188357593167585,1.1926198062980522,-0.025790399296297527,-0.035929224897289676,-0.04359685221808013,-0.043596852215125034,-0.035713257420977536
12426.542,1.1987330120843898,-0.021998509925024168,1.195889586748436,-0.02592315758644187,-0.03379759116230164,-0.04138017867844536,-0.04138017867567224,-0.033574476015816895
12426.562,1.2020172828661042,-0.022105997401629485,1.1991787904008502,-0.026049038548518783,-0.03166493780776583,-0.039370071248708,-0.03937007124610117,-0.03145760430862802
12426.582,1.2053292097581028,-0.022207379153779166,1.2024818023211485,-0.026170143565483573,-0.029544427530364216,-0.03744318922351899,-0.03744318922106974,-0.02933469623014834
12426.602,1.2086460751887105,-0.022301954019272548,1.2058085321438048,-0.026285775247218524,-0.02746483442149087,-0.03547711473029652,-0.035477114728001816,-0.02725376629227988
12426.622,1.211994365747355,-0.02239043719081662,1.209162947738415,-0.02639499960718931,-0.02537541499526386,-0.03349896983349607,-0.033498969831349354,-0.025164214391361295
12426.642,1.2153511139497533,-0.022472365885815138,1.2125110804229127,-0.026499006041540023,-0.023352433298271885,-0.03150603918923306,-0.03150603918723037,-0.02314281213855101
12426.662,1.2187003871467859,-0.022547166272268958,1.2158627556707684,-0.026593841097011486,-0.021325254775890985,-0.02961572919933436,-0.02961572919746699,-0.02112538924232263
12426.682,1.2220128443756422,-0.0226146353688343,1.219181172331381,-0.026681788180179185,-0.019398425019418287,-0.02783059867030118,-0.02783059866856707,-0.01920130477372634
12426.702,1.2254019603561306,-0.02267643932451377,1.2225292136324177,-0.0267647846935363,-0.017055217984871168,-0.025937253991441273,-0.02593725398984235,-0.016813552364548432
12426.722,1.2288116836965375,-0.022730495299346558,1.2259002730751587,-0.02684075249963389,-0.014648394086719358,-0.023991101064297835,-0.023991101062831748,-0.014401474432443018
12426.742,1.2322634774041235,-0.022777239477676067,1.2292944729166462,-0.026913968257221817,-0.012363039291563006,-0.022061080508429448,-0.022061080507088684,-0.012120240581786252
12426.762,1.235692561868147,-0.02281547589390414,1.2326804161665361,-0.026976735932538545,-0.009917018156243832,-0.02009804386774749,-0.020098043866529962,-0.009672803186483541
12426.782,1.2391326992709297,-0.022845710634657356,1.23606454090568,-0.02703613418074034,-0.007647635755628037,-0.018205216879003006,-0.018205216877900932,-0.007406024383327992
12426.802,1.2425756898948515,-0.022867888252493435,1.2394660418692864,-0.027084005396555443,-0.0052297653344817495,-0.01628048558808967,-0.0162804855870985,-0.004984753340917248
12426.822,1.246030890978852,-0.022881744047216806,1.2428789002720435,-0.027125231978802077,-0.0027897052138707496,-0.014340834729807562,-0.014340834728922058,-0.0025440852811585606
12426.842,1.249486172066004,-0.02288715530486188,1.246290626004867,-0.02715988676473303,-0.0003406878785218119,-0.01240711462873525,-0.012407114627949868,-9.472076708398512e-05
12426.862,1.2529597089780142,-0.022884501669850482,1.2497058214282601,-0.02718916980164286,0.0019102980885846218,-0.010552370127318826,-0.010552370126624962,0.002150255507310989
12426.882,1.256423986422701,-0.022873775782072732,1.2531289158579428,-0.027209432077827646,0.0042729794182441655,-0.008696358848790142,-0.00869635884818237,0.004521543417839472
12426.902,1.2598977485952398,-0.022854698907064572,1.256564800471216,-0.027225022305777054,0.006680808177959255,-0.006824001628502427,-0.0068240016279748125,0.006913208702467599
12426.922,1.2634324695488304,-0.02282702049014693,1.260073245293294,-0.027234252499140965,0.008969138863483541,-0.005001914507087559,-0.005001914506631705,0.009197276478278952
12426.942,1.266992148137638,-0.022791057273642085,1.2636057380423642,-0.027236607520131233,0.011231883102295167,-0.003210360624933779,-0.0032103606245444255,0.011458774685499757
12426.962,1.2705683580687062,-0.022746889807520435,1.2671553282653063,-0.027232463028852096,0.013449498352562983,-0.001469996398445907,-0.0014699963981172825,0.013667329654573443
12426.982,1.2741798252458176,-0.022694527236283343,1.2707237822121673,-0.027224974252957647,0.015475149740401335,0.00017525808282721977,0.00017525808310215327,0.015690462327728694
12427.002,1.2777749111187247,-0.022635096343137314,1.274282577792114,-0.02720908210014154,0.017585257523084954,0.001794727563583183,0.0017947275638087452,0.0177941011357548
12427.022,1.2813670280747247,-0.022568076115561858,1.277850512104235,-0.027186480388888337,0.01975048521894016,0.003480529726122719,0.0034805297263017627,0.019964729004321956
12427.042,1.285006305605548,-0.022492710504643732,1.2814574307977553,-0.027159950450575933,0.021627044686484954,0.004977609838764543,0.004977609838905258,0.021815510846902888
12427.062,1.2886636201863466,-0.022410280250699795,1.2850944179004915,-0.027123840841431855,0.023405676084661157,0.0063186697694608,0.006318669769569339,0.023574662335851468
12427.082,1.292342252343415,-0.022321137759835238,1.2887513171798946,-0.027082095826869178,0.02503233304277742,0.0075362725883427436,0.007536272588424278,0.0251916064113197
12427.102,1.2960270447027658,-0.0222259468606482,1.2924101042386467,-0.027035172713324892,0.026678928704982015,0.008755120652895585,0.008755120652952898,0.026845557435850396
12427.122,1.2997029391594639,-0.022124843570186944,1.296063018272779,-0.02698338844325333,0.02831484187643675,0.009970221138715592,0.009970221138751569,0.02847957625111658
12427.142,1.3033803992311588,-0.02201767972668243,1.2997217517389563,-0.026926258874012027,0.02994981720921626,0.011156136173793654,0.011156136173811523,0.030017753230059802
12427.162,1.3071038884229493,-0.0219036872686329,1.3034194376296693,-0.02686788723045927,0.03126134388947343,0.012102050007125305,0.012102050007130657,0.0313794121391988
12427.182,1.3108567152171973,-0.021784245503399687,1.3071556002556164,-0.026802301588562116,0.03234006191998021,0.012800722183793538,0.012800722183791058,0.0324405758862712
12427.202,1.31463846064449,-0.021660092906405765,1.3109222208461333,-0.026733790681166804,0.03330514093420685,0.013422722633070582,0.013422722633062514,0.03340517570634988
12427.222,1.3184684401821931,-0.021530358942434148,1.3147443670193295,-0.026665305551044866,0.034477142457629964,0.014282916713592884,0.014282916713578328,0.03460648150032246
12427.242,1.3223249129465027,-0.021394862488935008,1.3185918581329161,-0.026593344262957754,0.03576791513795278,0.015251618504513833,0.015251618504493324,0.035899310780773394
12427.262,1.326185354072911,-0.02125423929153541,1.3224421509552762,-0.026519101328444886,0.03697022147552376,0.01614811350458772,0.01614811350456326,0.03709169726140317
12427.282,1.3300753033673156,-0.021108341378185087,1.3263331587993394,-0.02644264623146758,0.037890421005015384,0.016759993924035373,0.016759993924009835,0.037945777278986376
12427.302,1.3340505904169773,-0.02095674849230127,1.3303027782569308,-0.02636690981851491,0.0382903994170165,0.016952926120587786,0.016952926120563875,0.038305355610750824
12427.322,1.3380522772017318,-0.020803145062457704,1.3343020589464882,-0.026291239948957597,0.0384404185675504,0.016963031717723582,0.016963031717702255,0.038453990304104416
12427.342,1.3420768174284816,-0.020648167224144812,1.3383173647086828,-0.0262142325983449,0.03854630939575508,0.01692226811030354,0.016922268110284876,0.03855595228571798
12427.362,1.3460904834945755,-0.020493128021676164,1.342323674001438,-0.026136278406895308,0.03867126515881155,0.016881218330803256,0.016881218330787276,0.038683820068790634
12427.382,1.3501063637116686,-0.020337543865800084,1.3463364668286513,-0.026059863642024908,0.03873231117187389,0.016783159409283162,0.016783159409269877,0.03873398724259205
12427.402,1.3541511574263156,-0.02018072332733399,1.3503712896335582,-0.025985247896976763,0.03881376502527844,0.016738945896042634,0.01673894589603173,0.038835761707633525
12427.422,1.3582047131605912,-0.020022871420040247,1.3544124506626973,-0.025908670071018953,0.03904214207045105,0.016823218442568337,0.01682321844255955,0.039037725127852675
12427.442,1.362250500953575,-0.01986428716067052,1.358445069800984,-0.02583034482411536,0.03934648680362433,0.01694955478531299,0.016949554785306437,0.03938044004894744
12427.462,1.366284479811388,-0.01970481974911556,1.362465640200375,-0.02574962950920453,0.03967475457946381,0.01709421740665985,0.017094217406655704,0.0397088375990735
12427.482,1.3703316872774483,-0.01954365019675233,1.366503802623241,-0.025672226399470175,0.03990357781963143,0.017148954989623887,0.017148954989622097,0.03992543182567016
12427.502,1.3744121380176613,-0.01938045035629998,1.3705819237274666,-0.02559586290639043,0.04003216536758149,0.01713721883917149,0.017137218839171922,0.04004727598542691
12427.522,1.3785799246663897,-0.019213201776310765,1.374749441909632,-0.025522775179188283,0.040198677480934995,0.017269467221804544,0.017269467221806147,0.04022218389217166
12427.542,1.38277954476226,-0.019043861927900103,1.3789401093976452,-0.025451278094750743,0.04041217580694309,0.017455590255234178,0.017455590255236457,0.04043952665787453
12427.562,1.3869474714448744,-0.018874890189336187,1.3831026305832517,-0.025378493411009968,0.04062540517531526,0.017629712846258153,0.017629712846261185,0.04065266808424543
12427.582,1.3911077566298964,-0.01870540310082895,1.3872698542728916,-0.025311487466626138,0.040782662721049204,0.01773530266892031,0.017735302668923807,0.04079117350059849
12427.602,1.395342705577428,-0.01853265647658786,1.391501179653745,-0.025251104027362244,0.04074133176273287,0.017745272027500335,0.017745272027503676,0.04073967526687287
12427.622,1.3996205170844669,-0.01835836965241127,1.3957717302378605,-0.02518986290407177,0.04071259242432008,0.017789767396113883,0.01778976739611694,0.040695927487531
12427.642,1.40390424183191,-0.018184011525056047,1.4000529896875629,-0.025128697785380325,0.040672506783240824,0.017854230256693523,0.01785423025669636,0.04067844305457186
12427.662,1.4081977745857632,-0.018009267310886992,1.4043386138312601,-0.025065204079748857,0.04068121535619594,0.017927927016672965,0.017927927016675543,0.04068720774178535
12427.682,1.4124787501077694,-0.017835015674354457,1.4086149895501145,-0.025001854950689986,0.040681242128137285,0.01798035188664659,0.017980351886648892,0.04068659085384425
12427.702,1.4167704728399524,-0.017660444268336614,1.4129064256075166,-0.024945313859453762,0.04063091323629351,0.01798630102657967,0.017986301026581466,0.04063467664661394
12427.722,1.4210968685007805,-0.017484657361840905,1.4172277732881726,-0.02488812727561793,0.04057800578948192,0.018087389566680528,0.018087389566681673,0.0405801163940783
12427.742,1.4254285519008882,-0.017308842317225823,1.4215496361904572,-0.02483085689189286,0.040555777275798545,0.018175395606776765,0.018175395606777396,0.04055944948774319
12427.762,1.4297746697157412,-0.01713248538431049,1.4258850049189513,-0.02477136934578891,0.04055751191455657,0.018285927286418046,0.018285927286417824,0.04056331185209759
12427.782,1.4340983943616106,-0.01695703388653372,1.430210289498689,-0.024713880905312752,0.04055845351459315,0.018356082829029518,0.018356082829028248,0.0405599702738324
12427.802,1.438460645823801,-0.016780121422320896,1.4345619284290938,-0.02466088533085769,0.0405072004806627,0.01849576837039281,0.01849576837038982,0.04050796224970825
12427.822,1.44281004920305,-0.016604401579553656,1.438954694938723,-0.024611743477140638,0.04023178220376821,0.018742158398643443,0.018742158398638065,0.04023943714008473
12427.842,1.447271477892849,-0.016424834387054024,1.4433980591182691,-0.024565666409006277,0.04021587675861254,0.018993691139841288,0.018993691139832295,0.04021846780354723
12427.862,1.4516913099595565,-0.01624700983982054,1.4478039738895505,-0.024518850270178017,0.04020704329555055,0.019230044486457095,0.019230044486444324,0.0402115393318717
12427.882,1.4560737132884494,-0.016070693735598978,1.4521920669516941,-0.024481490167085285,0.04022881022716083,0.01943199303590446,0.019431993035887475,0.040225380518202535
12427.902,1.460519932429791,-0.015891982418530442,1.4566163461234423,-0.024446780219313236,0.040114185071012325,0.019698565084025427,0.01969856508400283,0.040108428901803876
12427.922,1.4649740250342163,-0.0157135690874511,1.4610557627640934,-0.024413470649178804,0.039948068391626165,0.019986156393819284,0.019986156393790554,0.03994215939248809
12427.942,1.469439540976172,-0.015535352179607685,1.4654963505248741,-0.024380016621144106,0.03982837193495856,0.020267519010237725,0.0202675190102026,0.03982222360283133
12427.962,1.473898805975566,-0.015357848950066826,1.4699324585840545,-0.02434394462031151,0.039748708843829667,0.020575295976314554,0.02057529597627263,0.03975411822751873
12427.982,1.4783270361311045,-0.015181704429560034,1.4743528889636481,-0.024309221454152458,0.039772966237040165,0.020935219075378625,0.02093521907532933,0.03977434210925051
12428.002,1.4827973149898095,-0.015003861591365063,1.4787982535460515,-0.02427728404820134,0.039757295650395756,0.0213806692409563,0.02138066924089815,0.03976245448204172
12428.022,1.4872721133947318,-0.014826077586240426,1.4832585616925846,-0.024245222710829354,0.03969433775202152,0.02185848446873913,0.021858484468671155,0.03969954369116031
12428.042,1.4917637379040816,-0.014647705448047284,1.4877230961487449,-0.024211585962491875,0.03970151574161381,0.022345027450620867,0.02234502745054223,0.03970712931042035
12428.062,1.4962397549975837,-0.014469824150447603,1.4921759383855921,-0.024175364304352593,0.03972672530607405,0.022835224170302804,0.022835224170212567,0.039732392907771676
12428.082,1.500700411894299,-0.014292447491045805,1.4966230378349745,-0.024143319381381964,0.03975164499385798,0.02332199718317346,0.023321997183069938,0.03975648431443363
12428.102,1.50516780019101,-0.01411487014886905,1.5010733708455475,-0.02411232601659824,0.039690975315900996,0.02388706950893949,0.023887069508820954,0.039695741412410175
12428.122,1.5096405029841333,-0.013937284987800811,1.505516690111676,-0.024080503021790583,0.039677488013268813,0.02443548233667481,0.024435482336540765,0.03968260097478135
12428.142,1.514097369543971,-0.013760338865508455,1.509949721192775,-0.024046414251677743,0.03970213163647866,0.025002241503338078,0.02500224150318776,0.039711159706729275
12428.162,1.5185716542441918,-0.013582586274913508,1.5143983871273416,-0.024010672449800475,0.039706402452075115,0.025589467752130276,0.02558946775196063,0.03971479909969231
12428.182,1.523019105078545,-0.013405827935066738,1.5188289112649584,-0.023981600053337472,0.039723208196649415,0.026186610757619435,0.026186610757429053,0.039728108099461715
12428.202,1.5274797481350941,-0.01322873445502861,1.5232708348843769,-0.02395233822764322,0.03966211934260651,0.026859294624635547,0.02685929462442205,0.03966325517435212
12428.222,1.5319408566939279,-0.013051911902196268,1.5277113897935244,-0.023921945928498084,0.039597559087873775,0.027534902870442607,0.02753490287020498,0.039602446489307774
12428.242,1.5363911962234609,-0.01287553658069931,1.5321351458685777,-0.023888147247796858,0.0396326121567518,0.028199580795653243,0.028199580795391234,0.03963917877132956
12428.262,1.540832739240697,-0.012699393511859882,1.5365609311705664,-0.023855309219016355,0.039663254984386116,0.02882776639915021,0.028827766398862264,0.03966749278258587
12428.282,1.5452751169708216,-0.012523182729644882,1.5409828909832226,-0.023824799471957817,0.03958884438324163,0.0295078310363813,0.029507831036065368,0.0395922669584265
12428.302,1.5497087268281116,-0.012347639476692051,1.5453970297620085,-0.023793719796188086,0.03951013379974792,0.030204011795243475,0.03020401179489822,0.0395134858007552
12428.322,1.5541547046817048,-0.012171743762198307,1.5498148549613717,-0.023758875991859635,0.039621763066449954,0.03107215210713338,0.031072152106753903,0.0396608402011272
12428.342,1.5586104720904492,-0.011994400696160368,1.5542437108390248,-0.023714994694792466,0.03993539095562099,0.03214456248948141,0.032144562489060585,0.039972182105243614
12428.362,1.563034964907162,-0.011816918485835765,1.5586497770408112,-0.023673328126576736,0.04024755164415278,0.033206038172237856,0.03320603817177319,0.04028217952561571
12428.382,1.5674502549331444,-0.011638709430611089,1.5630485078291518,-0.02362903760395704,0.040450149030030455,0.03429124798702222,0.034291247986511494,0.04048410833372823
12428.402,1.5718718287916518,-0.011459192975316581,1.5674430630499387,-0.023581985927005677,0.04070472677615499,0.035364094133386745,0.035364094132828566,0.04073805690309511
12428.422,1.576302074249743,-0.011278163939972398,1.571844430415579,-0.02353062109128656,0.040987439032053645,0.036469174831575385,0.03646917483096619,0.04102430265720861
12428.442,1.580699746840181,-0.011097175534275174,1.5762190906573743,-0.023476248871233483,0.0412759681417053,0.037566947116427246,0.03756694711576507,0.0413120665601079
12428.462,1.5850849807661604,-0.0109154560126923,1.5805980329654283,-0.023424747730134414,0.041500577294418584,0.038678829368125466,0.038678829367406166,0.04153403033004764
12428.482,1.5894888999317498,-0.010732023301072478,1.5849761800031523,-0.02336978554328044,0.04175472399332098,0.03980500711651355,0.0398050071157347,0.04178764722934936
12428.502,1.593881646973843,-0.010548075227541164,1.589354013645562,-0.023312743291127824,0.04195350187277183,0.04095506812846687,0.04095506812762528,0.041986171361002016
12428.522,1.59828063129458,-0.010362775646402707,1.5937256737546601,-0.023249329313123596,0.04224757692128387,0.04213498148419261,0.0421349814832838,0.04228377971020643
12428.542,1.602629152998237,-0.01017833208206662,1.5980542510735114,-0.023184524351851764,0.04253517968039509,0.04326472141668046,0.04326472141570587,0.04257654605356044
12428.562,1.6069847604260614,-0.009992369868568222,1.6023931712985595,-0.023122564976109726,0.04279091207035359,0.04437528755655652,0.044375287555513884,0.042822974740850936
12428.582,1.6113512989752072,-0.00980487984085759,1.6067369162259786,-0.023055899096784797,0.04303134336067297,0.04550900359992106,0.04550900359880796,0.043062936067495734
12428.602,1.6157284920903598,-0.009615888523714602,1.6110911488650768,-0.022986916753498645,0.04326708889478865,0.046666333397333185,0.046666333396145454,0.04331419656932614
12428.622,1.6201118030317985,-0.00942546616583096,1.6154488390946091,-0.02291039450990595,0.04355255199589387,0.047904515323387034,0.04790451532211517,0.04358710107751942
12428.642,1.6244393510318345,-0.009236286237699032,1.6197530052902123,-0.02283288107758595,0.043825524419135765,0.0491085511354469,0.0491085511340912,0.043859424975504976
12428.662,1.6287296036860934,-0.009047605995435989,1.6240238528898103,-0.022751798432857025,0.044074738404382016,0.05026318883120473,0.05026318882976769,0.04410725054745225
12428.682,1.6330259291092295,-0.00885759484226165,1.6283025999800984,-0.022668850801468923,0.04431964087180037,0.051428964933114114,0.05142896493159285,0.044312195807356215
12428.702,1.6373380243175104,-0.008665990298181558,1.6326021371931534,-0.02258382595417542,0.044525451364619564,0.05265447705027362,0.05265447704866074,0.04456440212019307
12428.722,1.641635945923006,-0.008473876821958782,1.636880091873409,-0.022491396707211973,0.04480767308353606,0.05389070286623586,0.0538907028645271,0.0448426679014364
12428.742,1.6459012783414342,-0.008282034630273107,1.6411258689802404,-0.022395962143965834,0.04509677128930869,0.05512254495061032,0.05512254494880405,0.045135524817606486
12428.762,1.6501297742510568,-0.008090598304153436,1.645340121198679,-0.022299114162977605,0.04538357762186428,0.056306759728972325,0.056306759727071554,0.04541950063311616
12428.782,1.6543653442030493,-0.007897646580153777,1.6495624630004289,-0.02220045191483224,0.04566290208691383,0.057498651912454,0.05749865191045565,0.04569849670836071
12428.802,1.6586180276323055,-0.00770271733854772,1.6537986304290178,-0.022097916287411392,0.045959630352010734,0.058738844674695985,0.058738844672592806,0.046000660327251225
12428.822,1.6628467170596906,-0.007507555430029047,1.6580120080053928,-0.021990585642890623,0.046273455837606885,0.05998946178058934,0.05998946177837748,0.046311532586009056
12428.842,1.6670469592046206,-0.007312423637081229,1.6621969811660058,-0.021881053489840024,0.046569595420994474,0.06121630769890994,0.06121630769658946,0.04660579299295339
12428.862,1.6712226366126255,-0.007117233370974199,1.6663601146685543,-0.02176892355560652,0.04685075520108038,0.06240418782947909,0.062404187827053016,0.04688642331612117
12428.882,1.6754054519563786,-0.006920539238103732,1.6705340928020243,-0.02165497420590505,0.047127747833898295,0.06358998363843267,0.06358998363589989,0.04713464287321855
12428.902,1.679624742663083,-0.006721052175184234,1.674744845140513,-0.021536936468978165,0.047400152370375544,0.06488236217119452,0.06488236216854099,0.04744184960739589
12428.922,1.6838146170014743,-0.006521615343272583,1.6789178892746708,-0.021413193673034233,0.04772191318642492,0.06616294326480934,0.06616294326203354,0.04776988765279233
12428.942,1.6879455962418672,-0.006323540405078216,1.68303721431674,-0.02127940846548953,0.04809196573063229,0.06742375248945874,0.06742375248656353,0.04813555691117215
12428.962,1.6920511791059574,-0.006125212739554655,1.6871306289220402,-0.02114340816628043,0.04844405984482536,0.06865652841037065,0.06865652840735699,0.04848616905976956
12428.982,1.6961286632433317,-0.0059268059379204265,1.6912034968002452,-0.02100621332379699,0.048791141206202523,0.06985069904648358,0.06985069904335636,0.0488020427710664
12429.002,1.7002457929484662,-0.005725051828797114,1.6953152379295935,-0.02086284733297371,0.04918718561742107,0.07122018328159763,0.07122018327833653,0.049241663118289945
12429.022,1.704333438032124,-0.005522862073036093,1.6993917182687182,-0.02071328154016147,0.049681419073563056,0.07262760303246675,0.07262760302906962,0.04975072334677311
12429.042,1.7083759018531077,-0.00532063606148881,1.7034319114763965,-0.020553795649618983,0.05030346529950892,0.07415538460952853,0.07415538460598857,0.05037838769283061
12429.062,1.712398810759968,-0.005116744641794566,1.707447888094292,-0.020390447407167597,0.0509757895109909,0.07569777329346553,0.07569777328978029,0.051050947513966806
12429.082,1.7164125304075832,-0.004910609065385473,1.7114521530704496,-0.020224052654692935,0.05164988497412029,0.07724372163056152,0.07724372162672871,0.051725276408880944
12429.102,1.7203917264038513,-0.00470349806366413,1.715424885869896,-0.020054515069500463,0.05234632177354303,0.07873312158709408,0.07873312158312037,0.05241177893041396
12429.122,1.7243594340469233,-0.004494586655717406,1.7193862736242755,-0.019882820826487558,0.052875263328768865,0.08011962251819095,0.08011962251407581,0.05296097332331855
12429.142,1.728311327538506,-0.0042836771791239375,1.723331767984783,-0.019696406334292076,0.05379635407379627,0.08191659999042035,0.08191659998613922,0.05390115614948436
12429.162,1.732260980607023,-0.004069075054252823,1.7272751800535067,-0.01950374469133069,0.0547651890345841,0.08376244003755912,0.08376244003310741,0.05486974923580654
12429.182,1.7362142877154132,-0.003850437583429161,1.7312242959759405,-0.019306212080255146,0.05573159707961549,0.08562221484856253,0.08562221484393567,0.05583591257214938
12429.202,1.74018627758773,-0.0036269358487336875,1.7351924841709534,-0.019102534042112995,0.056695335166750384,0.08757257068637014,0.0875725706815534,0.0568082136809248
12429.222,1.7441297978782635,-0.003401064618329416,1.7391237791317975,-0.01889139373408915,0.057740544379427196,0.0895284968054776,0.08952849680047147,0.05786014520209272
12429.242,1.7480083028624311,-0.003174661877574772,1.742994720022738,-0.018663969745523076,0.058885007101300756,0.0914816387548331,0.09148163874964486,0.05900996264626498
12429.262,1.751869458273641,-0.0029447752763816473,1.7468491246853788,-0.018431850044389117,0.060049151824443384,0.09345679438443696,0.0934567943790627,0.060172568432963376
12429.282,1.7557226293284052,-0.002710888887693689,1.7506971810921426,-0.018194909635783015,0.06119981357401373,0.09542522870985141,0.09542522870428821,0.06132207314750825
12429.302,1.7595849974021234,-0.002472002199847313,1.7545534392176054,-0.01795208252822747,0.062339559594005285,0.09743050606326754,0.09743050605750525,0.0624612580117943
12429.322,1.763442908378523,-0.002228930601828525,1.7584080813244956,-0.01770250308022829,0.0635345314517802,0.09958075855811391,0.09958075855213294,0.06366190898738132
12429.342,1.7672819528199326,-0.0019820759372638826,1.7622336093631679,-0.01743568482261087,0.06493805006423953,0.10198854596287105,0.10198854595663909,0.06509988701137423
12429.362,1.771051349033112,-0.0017340743257132478,1.7659868201035935,-0.017162667618512793,0.06646015223962908,0.10463307354399858,0.1046330735374773,0.06661749828353153
12429.382,1.7747336377141323,-0.0014862430527935542,1.769657909199356,-0.016888840384246262,0.06794642593892429,0.10722004261403627,0.1072200426072274,0.06810295973805854
12429.402,1.778378858379452,-0.0012354453262007114,1.7732949150478141,-0.01660972972504508,0.06944789425154685,0.10981173392365727,0.10981173391655824,0.06960809703883314
12429.422,1.7820160264971676,-0.0009796318749926746,1.7769239726639672,-0.016316659416160086,0.07099931549448198,0.11245239594001641,0.11245239593262013,0.07115531372790658
12429.442,1.7856323165925778,-0.0007196584391749289,1.7805290137695964,-0.016019453718880455,0.07255230634122457,0.11507390152828878,0.11507390152059656,0.07272216415964629
12429.462,1.7892359073809245,-0.00045482483630947365,1.7841211193857656,-0.015712948709558618,0.07416710138809238,0.11775367552961159,0.11775367552161384,0.0743363013571196
12429.482,1.7928278938765545,-0.0001850062244985367,1.7877020882118058,-0.015400186107876744,0.07578839471755694,0.12043701043518026,0.12043701042687335,0.07595955226295359
12429.502,1.796414864616609,9.032776143276064e-05,1.7912786513445238,-0.015080370857681975,0.07743706378675243,0.12313814600563075,0.12313814599701169,0.07761214659942658
12429.522,1.8000049122442303,0.00037189376651794166,1.7948590663924657,-0.014751668012454793,0.07910968032443481,0.1258610519306579,0.12586105192172323,0.07928778401613941
12429.542,1.8036034474857792,0.0006602271645940752,1.7984485306109983,-0.014407956505130966,0.08079532258341471,0.12861653258371578,0.1286165325744585,0.08097234612163157
12429.562,1.807196103429237,0.0009541681778351147,1.802023614771447,-0.014060224383458553,0.08250385062313789,0.13136653005031088,0.13136653004073218,0.08269977607428004
12429.582,1.8107439965364363,0.0012509426202625758,1.8055543164237398,-0.013697229842412307,0.08441920291613683,0.13426956709107235,0.13426956708116286,0.0846221321840666
12429.602,1.814263515015744,0.0015522468754572663,1.8090581445935825,-0.013327877857203732,0.08639273221193984,0.13722767511919565,0.13722767510894954,0.08660035939731789
12429.622,1.8177726178493905,0.0018597156898617108,1.8125514768124613,-0.012950578863790864,0.08840811016890303,0.14022313733968372,0.14022313732909572,0.08861944210015264
12429.642,1.821273854727785,0.0021736143573093045,1.8160375649278084,-0.012563725948290569,0.0904146288237583,0.14320954167079156,0.14320954165986016,0.09062272752008817
12429.662,1.8247752533756179,0.0024945443404794667,1.8195269018426699,-0.012163215978107973,0.0923824713923468,0.146188424409999,0.14618842439871943,0.09258940622494302
12429.682,1.8282717334967036,0.0028220043127308216,1.8230056648735387,-0.011762393461411941,0.09441242789134582,0.14919692639212076,0.14919692638049273,0.09463838885508914
12429.702,1.831735613391282,0.003153873895078968,1.8264526843176268,-0.011348323407480803,0.09663078431030252,0.15234027430277608,0.15234027429079647,0.09686379167747687
12429.722,1.8351943578928727,0.0034930909757548757,1.8298942413228227,-0.010924865166333968,0.09890144716245698,0.15554776300736467,0.15554776299502374,0.0991383731879683
12429.742,1.8386477606770146,0.0038397571115825744,1.8333284803863596,-0.010491116421677596,0.10118525767730005,0.15875236219493236,0.15875236218222893,0.10141342294430042
12429.762,1.842085776730341,0.0041925905890087874,1.8367468326698377,-0.010045491658878296,0.10333463644115125,0.16181622400208873,0.1618162239890325,0.1035519165279847
12429.782,1.8455213427889947,0.004552475995063497,1.8401646459491088,-0.00958226028676049,0.10538996921292727,0.164815791318464,0.16481579130505386,0.10560767529547647
12429.802,1.8489571308097046,0.004919575417558557,1.8435806490690716,-0.009123259962130415,0.10749240739072828,0.1678381741151809,0.16783817410141338,0.10770991180824875
12429.822,1.85238811339261,0.005293526250349184,1.8469898071737625,-0.008651792814247215,0.1096518651836769,0.17090307479721514,0.17090307478308622,0.10987850987375
12429.842,1.8558094820192774,0.005673986728218913,1.850387013776981,-0.008170440084409498,0.11183414510191202,0.1739894248289083,0.17398942481441207,0.11206167782266056
12429.862,1.8592098617730397,0.006059502684385046,1.8537636368043116,-0.007678122859997013,0.11393385976867222,0.1769945907754354,0.1769945907605774,0.11414860243438829
12429.882,1.8626011058397618,0.006451112242829325,1.8571315141189324,-0.0071779853192934315,0.11600059653788918,0.1799671053901422,0.17996710537492241,0.1162148305135876
12429.902,1.8659897794277969,0.006849517182676359,1.8604968344910815,-0.0066687041239529106,0.11806361528662065,0.1829390105630109,0.18293901054742648,0.11827761158911557
12429.922,1.8693767278671414,0.007254791275484776,1.8638615540294932,-0.006143315059136033,0.12013286221819265,0.18593066483424195,0.18593066481829054,0.12035510178823414
12429.942,1.8727591876477732,0.007666750922656638,1.8672143387147575,-0.005618177821753173,0.12229515886299326,0.18895229794108523,0.18895229792477333,0.12253211107672062
12429.962,1.8760989631595002,0.008081078827246561,1.8705223396868635,-0.005081209706787617,0.12454939982824015,0.1919990000186775,0.19199900000201361,0.1247798045422736
12429.982,1.8794249174431357,0.008501218275295618,1.8738165820660788,-0.004537807624136667,0.126756826847086,0.1950074501573251,0.19500745014030627,0.12698349248904475
12430.002,1.8827393428470227,0.008927285501550582,1.8770995573318665,-0.003987636255732499,0.12893747324277155,0.19798544093073783,0.19798544091336498,0.12916261287341574
12430.022,1.8860473944343112,0.009359871360213113,1.8803764708199628,-0.0034292724610500225,0.13111757501094748,0.2009563456484081,0.20095634563068102,0.13134263496667947
12430.042,1.8893577422822627,0.009800078944259735,1.883655694305105,-0.0028625048486368983,0.13328909163135264,0.20392220727028298,0.2039222072521989,0.13351399893697652
12430.062,1.8926716192444737,0.01024806742491499,1.8869347240856442,-0.0022875203041759825,0.13545085367601178,0.20687200373093362,0.20687200371249193,0.13567440498449804
12430.082,1.8959539092647473,0.0106990088873845,1.8901799849316108,-0.0017019602780891233,0.13761134445224663,0.20976717552234708,0.20976717550356447,0.13783369444935623
12430.102,1.8992227358955698,0.011155261568255326,1.893410057819876,-0.0011078998661694993,0.1397503748796667,0.21265362409899916,0.21265362407987068,0.13997143532846804
12430.122,1.9024774315978912,0.0116166254690815,1.896626366516146,-0.0005079260168491989,0.14187971557482507,0.21552857150713056,0.21552857148765608,0.14210016860476196
12430.142,1.9057242191219637,0.012083922089311095,1.8998344732648154,9.954997094377408e-05,0.14400918338216387,0.21840226647575794,0.21840226645593686,0.14422925748642812
12430.162,1.9089664901854653,0.012557604203012896,1.9030374751158752,0.0007143891284993346,0.14612956353573098,0.22126571278468443,0.22126571276451626,0.14634916220197847
12430.182,1.9122018551663478,0.013037276740887976,1.9062324393752608,0.0013383671478111457,0.14824257835221882,0.22412310025262683,0.22412310023211118,0.14846059897893987
12430.202,1.9154648264908192,0.013527423907672788,1.909415077204816,0.0019800556570854244,0.15010738095216394,0.22698268678326597,0.22698268676240052,0.15033024626512892
12430.222,1.9186665179154971,0.014015150134661817,1.9125748662586723,0.00261701197135427,0.15223145661597876,0.2297885110509779,0.22978851102978395,0.15245107164885466
12430.242,1.9218749118775154,0.014510861842881754,1.9157400051478544,0.0032633172157418688,0.15435324502072215,0.23260136188516425,0.2326013618636369,0.15457341611693498
12430.262,1.9250818091093698,0.015013308380298851,1.918902098493673,0.003917626478605143,0.15647442561565805,0.23541960782000995,0.23541960779814514,0.15669391677693684
12430.282,1.9282778304769896,0.015520990671028875,1.9220523226858017,0.004578765489840239,0.15858945212888542,0.23822176462677572,0.238221764604576,0.1588085871494502
12430.302,1.9314617713531124,0.016033627749496175,1.9251896374903665,0.005248115725744944,0.16068713328815598,0.24100752593542837,0.24100752591289715,0.1609049711071061
12430.322,1.9346432551295702,0.016552725910165714,1.9283244804587922,0.005924711472464931,0.16278686129443398,0.24379508187865506,0.24379508185579105,0.16300460920070126
12430.342,1.9378243280078253,0.0170786155086767,1.931453757169724,0.006610615891191832,0.1648852387630872,0.2465784604108422,0.2465784603876473,0.1650817251340502
12430.362,1.940963995536626,0.017604451263957824,1.9345385110014932,0.007312125183227117,0.16700821007010436,0.249320417616767,0.24932041759326676,0.16722685680494617
12430.382,1.944118067677575,0.018139075617670607,1.9376000245555909,0.008001142677692419,0.16883709012745068,0.2519725215320297,0.2519725215082427,0.1690554772970552
12430.402,1.947235513747791,0.018673847888576213,1.940662793378777,0.008704493949401537,0.17093432056627103,0.2546330013723134,0.25463300134823763,0.1711513966921439
12430.422,1.9503448829042442,0.019213933438868847,1.9437167951258745,0.009415886857191448,0.17302603862785393,0.2572886220334793,0.2572886220091176,0.17324296623582788
12430.442,1.9534538210075767,0.019760644810567773,1.9467698824351065,0.010134845256628918,0.17511728234403928,0.25994346434364446,0.25994346431899684,0.17533424704199574
12430.462,1.9565612024954486,0.020313782429391913,1.9498200876152616,0.01086112164387095,0.17720744091174198,0.2625961276787727,0.2625961276538398,0.17742404991001204
12430.482,1.959658659615421,0.0208718285747587,1.952858284165797,0.01159418147547342,0.17930174402852217,0.2652392031480123,0.2652392031227984,0.1795177734998757
12430.502,1.9627401315555135,0.021433653469809927,1.9558762936486267,0.012335590160146594,0.18138381672963144,0.26786189911294633,0.2678618990874529,0.18159887307031158
12430.522,1.9657927640014254,0.02199666768181503,1.9588684029607553,0.013090710126761003,0.18341590512266184,0.2704424650872258,0.27044246506146863,0.18363225702690664
12430.542,1.968855042110796,0.02256801758739778,1.961869581373782,0.013844020319974695,0.18549529359051906,0.27305548811893215,0.27305548809290003,0.1857108912529591
12430.562,1.9719199066959368,0.02314639443280139,1.9648706076155527,0.014616081647823916,0.18752642435415984,0.27567797626364104,0.275677976237326,0.1877416526483774
12430.582,1.9749566854299796,0.02372590302120107,1.967845590368577,0.015377004444806932,0.1895993085703348,0.27826505357997094,0.27826505355339215,0.18981443226260863
12430.602,1.9779969511369087,0.02431261558531706,1.9708237430824334,0.01614642399362136,0.19167446898238022,0.28085564094131893,0.2808556409144762,0.1918899866171095
12430.622,1.9810428321263007,0.02490697489744005,1.9738052564205493,0.016924613734343227,0.19375288946428404,0.2834488797182027,0.28344887969109595,0.19396869872592679
12430.642,1.9840784734977917,0.02550585543147782,1.9767723940310327,0.017711130331658793,0.19581235562997681,0.2860061411097563,0.286006141082397,0.196026577263113
12430.662,1.9870946403835312,0.0261073545291831,1.9797191638970435,0.018503528410565732,0.1978728040370445,0.2885383799481284,0.2885383799205267,0.19808623783430063
12430.682,1.9900974035473742,0.026712577526380954,1.9826544270991255,0.01931136000178755,0.19987044840498613,0.2910397347283577,0.29103973470052097,0.2000840974773163
12430.702,1.993100006836997,0.027324058511196892,1.9855901702710568,0.020112488657228002,0.20193572075880803,0.2935462242539239,0.2935462242258609,0.20215044992812287
12430.722,1.996110815463399,0.0279436995317865,1.9885329766428157,0.020923312528989144,0.2040071604637573,0.296059797137436,0.296059797109147,0.20422235856996887
12430.742,1.999125987595995,0.02857075788235424,1.991477217656064,0.021743499313887447,0.20608301786247704,0.29857380318780974,0.2985738031592955,0.20629855971538968
12430.762,2.0021314165360855,0.02920226914765713,1.9944089917426624,0.022570610467268583,0.20813153105259627,0.3010642556004597,0.30106425557172306,0.20834517434823868
12430.782,2.0051219387129,0.02983704706295819,1.997321900668101,0.023401300794297458,0.21019244003957605,0.3035499710909223,0.30354997106196974,0.21040670222201982
12430.802,2.008068530627689,0.0304688285929649,2.000188177358305,0.024234283701490028,0.2122316531486487,0.30594625724443625,0.3059462572153003,0.21244259959093442
12430.822,2.011003106838375,0.03110427745810238,2.0030413625105523,0.02507042576360489,0.2142607431845643,0.3083255777537597,0.30832557772444524,0.214471252886121
12430.842,2.01391337075037,0.031740634040727266,2.0058747210075296,0.025907545551998937,0.2162799684553599,0.31063196109404434,0.3106319610645875,0.21649035721880142
12430.862,2.0168396843245824,0.03238670378416479,2.0087211259156517,0.02675745775029589,0.2183071893490659,0.3129456036652626,0.3129456036356617,0.21851781250723457
12430.882,2.0197615241116424,0.03303784556504209,2.0115624384796345,0.027626610014881963,0.22022139443523842,0.3152109885641302,0.3152109885343889,0.22043106456412517
12430.902,2.022682254163374,0.03369476121196779,2.014403120900952,0.02848958308574033,0.22224580504399244,0.31752666407995456,0.3175266640500731,0.2224563169184516
12430.922,2.0256086389169634,0.03435903011554372,2.017248727117468,0.02937266270270959,0.22420952011556014,0.31984245893289304,0.31984245890287005,0.22442131441643448
12430.942,2.0285296393057437,0.03502827712082142,2.020084617192042,0.030249305334773317,0.22624801391144206,0.32215572603076187,0.3221557260006109,0.2264592234334296
12430.962,2.0314354955105753,0.03570028076467924,2.022904152848978,0.031130686717389163,0.2282783708334866,0.32444225759567275,0.3244422575654043,0.22848879022611535
12430.982,2.034335891306285,0.03637722104021203,2.025716248129749,0.03201719525452205,0.23029877981151828,0.32672513466763486,0.326725134637246,0.23050728601571868
12431.002,2.0372158141382033,0.03705547897202842,2.028507560705838,0.03290577895694976,0.2322866469811177,0.32896347270463283,0.32896347267413506,0.2324906159042152
12431.022,2.0400822533417178,0.03773655881876176,2.031288452571239,0.03379799822743115,0.2342753730689938,0.3311784291621738,0.33117842913158335,0.23448270705021804
12431.042,2.0429654619595317,0.03842770769313215,2.0340835485162936,0.03470164286558935,0.2362777427173899,0.33342013487426525,0.33342013484357425,0.23648639757689643
12431.062,2.045848027130305,0.03912478983752345,2.036877683119641,0.03561328128418385,0.2382542425465508,0.3356267929050936,0.3356267928743045,0.23845594417559127
12431.082,2.0487282456745866,0.039827097679883336,2.039671209672697,0.03654235655975508,0.24008127972773555,0.3377532402696125,0.3377532402387256,0.240276155321616
12431.102,2.051602677403619,0.04053362397707032,2.042454014050659,0.03746237718026096,0.24196918509362117,0.339858399483407,0.33985839945243573,0.24216825317193227
12431.122,2.054459924039177,0.04124171836047217,2.0452170421188667,0.03838785892821173,0.24389887461146298,0.3419782129617386,0.3419782129306955,0.2440887860942791
12431.142,2.0573033006967205,0.041952031039389055,2.047965551330285,0.03932929971787536,0.24571597431233705,0.34404323369362266,0.34404323366251416,0.24591625644162454
12431.162,2.0601367757445628,0.04266546193242927,2.0507063619987864,0.040257857839255805,0.2475879444953661,0.34606248067603407,0.34606248064487677,0.24777703598521314
12431.182,2.062969803114329,0.04338429948401692,2.0534468978871505,0.041192330675071165,0.24938758910415515,0.3479874122248504,0.3479874121936577,0.24957320088289472
12431.202,2.0658075759120806,0.04410970730993733,2.0561914425204373,0.04213428432542688,0.2511306746837509,0.3498262155715639,0.3498262155403475,0.2513075970102392
12431.222,2.0686496099238894,0.044841284919922696,2.058938383212199,0.04308433738676106,0.25272502813765385,0.3514946883328087,0.3514946883015827,0.2528878287908957
12431.242,2.0714957515804384,0.045578577983256395,2.0616881488267693,0.044038427854308226,0.25421311682381065,0.3530327585389179,0.3530327585076985,0.2543666948584642
12431.262,2.074324688886544,0.046315903416969624,2.064414122593532,0.04499662927802899,0.2557148414741618,0.35455060564742596,0.35455060561622903,0.25586764392071026
12431.282,2.0771321051758918,0.04705201021488415,2.067118784525277,0.04595589928583323,0.25713127793344503,0.35596585984360035,0.3559658598124369,0.2572769961809133
12431.302,2.079932076279035,0.0477902516998229,2.0698170753702954,0.04692921231337714,0.25840492402608994,0.35729946082675273,0.35729946079562386,0.25854216680972947
12431.322,2.082727848075003,0.048531139807417904,2.0725113865126397,0.04789050307589244,0.2596877400266649,0.35855973691069826,0.3585597368796147,0.2598221983939357
12431.342,2.085523029107815,0.049275663812400006,2.0752054581533135,0.048855673620385565,0.2609379596616749,0.3597777274755365,0.35977772744450204,0.261068820382708
12431.362,2.0883698183642303,0.050037547082397195,2.077903221885774,0.04982351270796314,0.26182876500560764,0.360937504467074,0.360937504436082,0.2619511167979584
12431.382,2.0911575872891772,0.050786291818106365,2.080583868306975,0.05079200403099269,0.262938025323016,0.3619723460402228,0.36197234600929756,0.26305283004449054
12431.402,2.0938941771615442,0.051524349848639996,2.083219597935115,0.051751978353423905,0.2639101341771835,0.3627406236736549,0.36274062364287857,0.26401214117358435
12431.422,2.0966659500658587,0.05227468600929235,2.085888803949931,0.0527246463523932,0.2648161341746304,0.3634455709120277,0.363445570881394,0.2649108660681061
12431.442,2.0994531491802717,0.05303180670256994,2.088570434465944,0.053704873152077504,0.26565658274717474,0.3640778432366372,0.36407784320614967,0.26574776350496054
12431.462,2.102235099845432,0.05378994661904218,2.091244696434667,0.054687556190797716,0.2664482299405335,0.364634293314549,0.36463429328422203,0.2665303849442831
12431.482,2.1050142003781014,0.054549548709907136,2.093916307095683,0.05567156660599188,0.26716041828452797,0.3651018366478986,0.3651018366177366,0.2672359950527822
12431.502,2.1077925932577,0.05531099371787715,2.0965872177521807,0.05665747833950553,0.2678143957739623,0.3655044101525412,0.36550441012254775,0.2678848929304036
12431.522,2.110571442890417,0.05607444670156279,2.0992567308255277,0.05764659887803036,0.2684224236588452,0.3658447532117005,0.3658447531818797,0.26848550495670775
12431.542,2.1133351538132152,0.056835189310679726,2.1019113737053687,0.05864685528638838,0.26884628179026776,0.36603991723394996,0.36603991720431983,0.268905930039752
12431.562,2.116098202035848,0.05759706612602801,2.1045688849140545,0.059643774709127184,0.26925871207520724,0.36617901884632065,0.366179018816905,0.26931374067397945
12431.582,2.118875282718161,0.058364151986464295,2.107240523981186,0.06063292882929781,0.26974505868204784,0.36631513593244935,0.36631513590325565,0.26980152913765076
12431.602,2.121663729521992,0.05913582704844438,2.109922545625486,0.06162761749805717,0.2702152153315169,0.3664316425161921,0.36643164248722204,0.27026808534818364
12431.622,2.124459508068721,0.05991089333094523,2.1126112804958868,0.062626315043069,0.2706506974331566,0.36650959948780765,0.3665095994590633,0.2707002607356656
12431.642,2.1272603909879,0.060688639448588176,2.1153053054373028,0.06362805176409811,0.27105423367343506,0.36655253723992004,0.36655253721140196,0.2711007213222877
12431.662,2.130113320632904,0.06148163623343528,2.118006822385562,0.06463135278131905,0.27113735653840504,0.3665542992707544,0.36655429924245336,0.27117783124221856
12431.682,2.1329124568028908,0.062260180243383104,2.1206911426551356,0.06563464605596571,0.2713993784712322,0.3664351181458517,0.3664351181177885,0.27143150847273
12431.702,2.1356593242467734,0.06302490632345477,2.1233283416612636,0.0666229130413569,0.27162542567213294,0.36616586563683196,0.3661658656090705,0.2716469097253604
12431.722,2.1384090737575328,0.0637908704941095,2.1259712929760206,0.06761307265206154,0.27169193902230987,0.36565620331333615,0.3656562032859265,0.27170042810708106
12431.742,2.1411883711701294,0.06456513953194759,2.128639827940801,0.06861382560758568,0.2716997770016285,0.36507539587769233,0.3650753958506447,0.27170806274303116
12431.762,2.143978466640644,0.06534243594120218,2.13131662531827,0.06961966094794461,0.27170403171597807,0.3644822921918085,0.36448229216513095,0.27171223413856405
12431.782,2.1467772879299196,0.06612217523340952,2.1340014494862976,0.07062862182093936,0.27170774476773474,0.3638925831823351,0.36389258315602707,0.2717159004611809
12431.802,2.149582096052153,0.06690359297109337,2.1366908495894883,0.07164124605411146,0.27171101535643605,0.36329723075346954,0.3632972307275303,0.2717191296940483
12431.822,2.1523843246418126,0.06768406111708931,2.139374730633555,0.07266632246592758,0.2715507435038062,0.36262492237156124,0.36262492234599364,0.2715551112765426
12431.842,2.155173920973722,0.06846076715698526,2.1420500712866555,0.07366916179814736,0.2715547382418877,0.36199628301450937,0.3619962829893393,0.2715625696779126
12431.862,2.15795190688502,0.06923424661286247,2.1447198826828626,0.07466861562751731,0.2715511655758353,0.36126190786493084,0.3612619078402207,0.27155773124060784
12431.882,2.160771746085866,0.070019340812501,2.147428247781594,0.07568276200743201,0.27152660184017674,0.36049849378386545,0.36049849375962106,0.271530323724576
12431.902,2.1636188582870184,0.0708119067357556,2.15016167176082,0.07670653054394368,0.2714712581453924,0.35969923485605176,0.35969923483227706,0.27147176225319253
12431.922,2.166484216429518,0.07160933164367161,2.152911879496694,0.07773670665157885,0.2713841554619414,0.35886563095058743,0.35886563092728474,0.271381586843716
12431.942,2.1693626100937586,0.07241006656420143,2.1556743454913514,0.0787713049211081,0.2712652842724308,0.3579988614740606,0.3579988614512302,0.2712591054553162
12431.962,2.17225170529895,0.07321334074435007,2.1584459291686313,0.07980949447000255,0.27109906637968845,0.357088153798164,0.3570881537758036,0.27108803754684424
12431.982,2.1751699264013005,0.0740237307621474,2.1612166618494313,0.08085060794441831,0.27057152085469255,0.3561219845771,0.35612198455521976,0.2705550956428059
12432.002,2.178065508112548,0.07482652232017566,2.1639972576582003,0.08188462080829138,0.2703361022741934,0.3550737187563436,0.3550737187349779,0.2703212210151159
12432.022,2.1809627075075144,0.07562907854875184,2.166778965580322,0.082920708020432,0.2701295594660411,0.35402819312683154,0.3540281931060051,0.2701156763510548
12432.042,2.183889711787186,0.07643921423112889,2.169588213997521,0.08396671223555888,0.2699094547934313,0.35298235548658796,0.35298235546628964,0.26989466290535785
12432.062,2.1868268510687474,0.07725142844462293,2.172405306998224,0.08501586054186676,0.2696520644792446,0.35189720622509285,0.351897206205324,0.269620917293572
12432.082,2.1897633842130753,0.07806248206562028,2.1752227858915147,0.08606504572932192,0.26931683153876834,0.35074110769318795,0.35074110767394906,0.26929398846124436
12432.102,2.192710015432958,0.07887533561879616,2.1780492396224984,0.0871141787000447,0.26901221558322486,0.34960999208974397,0.3496099920710313,0.26898577421477166
12432.122,2.1956852347922653,0.07969441712125298,2.180869819162076,0.08815696347632279,0.2683630515799514,0.34832657704530967,0.3483265770271397,0.2683209177141178
12432.142,2.1986173717332393,0.08049989047145396,2.1836878338385723,0.08920188071304054,0.26780028947007195,0.34680307818755896,0.346803078169983,0.2677448450765072
12432.162,2.201581106026038,0.08131178470950125,2.1865391009778508,0.09026609954165736,0.26698849933853125,0.3451207244791829,0.34512072446220465,0.2669185003845766
12432.182,2.2045746674422997,0.08212929067258061,2.189411661350651,0.09132676541354193,0.26617714676015913,0.34332500162347757,0.3433250016071037,0.2661059571295344
12432.202,2.207562805653921,0.08294259495926493,2.1922812837693897,0.09238409533120885,0.2653060864765955,0.3414360563781834,0.3414360563624363,0.2649945022003512
12432.222,2.210623593754824,0.0837719845343412,2.1951867050340277,0.09344857901920195,0.2641100209759082,0.3394601500224542,0.3394601500073046,0.26401809157728084
12432.242,2.2136390060709705,0.08458575678666183,2.1980779392319634,0.09451113333074611,0.26306431992673684,0.3374217795681437,0.3374217795536095,0.2628567145102924
12432.262,2.2166608709837097,0.08539750214441544,2.200990095328417,0.09558041812810938,0.26190415050133,0.335358903324489,0.33535890331057594,0.26180742580511285
12432.282,2.219716943004005,0.08621499782206615,2.203926642472854,0.09664432057264975,0.26085720003882024,0.3332757091109379,0.3332757090976546,0.2607608849269269
12432.302,2.2227890401271737,0.08703333901599343,2.206875965712775,0.09771198843031627,0.2598074385029169,0.33118558990125346,0.33118558988860153,0.2597090917978789
12432.322,2.2258631018378714,0.08784843666811182,2.2098314234182106,0.09878506143875271,0.25851532394747667,0.3290027405420131,0.3290027405299894,0.25839900453739595
12432.342,2.2289614562992894,0.0886657200315688,2.212802167739428,0.09983682882974367,0.2573067592596584,0.3268542495125335,0.3268542495011329,0.2571966884873208
12432.362,2.232097976425014,0.08948892440001592,2.2157848305281855,0.10089014986848208,0.25593615094203115,0.3247079400128899,0.3247079400021006,0.2558143316308979
12432.382,2.235221973716495,0.09030416931838253,2.2187892254347155,0.10195197199647302,0.2546204537219387,0.32244480266393655,0.3224448026537318,0.25441621240785417
12432.402,2.238366071687144,0.09112008822259893,2.2218216721853112,0.10300923566355795,0.2532960863980789,0.320356193684153,0.3203561936745242,0.25318663671261693
12432.422,2.241538262969633,0.09193927883189641,2.2248735547142906,0.10405852890291492,0.25215530443737244,0.31836406885969726,0.3183640688506425,0.2520520245042181
12432.442,2.2447186831184265,0.0927567897879409,2.2279327650489433,0.10510799946889982,0.251029287797682,0.3163933569916489,0.31639335698316573,0.2509227909032625
12432.462,2.247908592331338,0.09357284470714905,2.2310019525944256,0.10615795595394929,0.24985411045875852,0.31438563632363553,0.31438563631571625,0.24974484751600767
12432.482,2.251130117128375,0.09439285884569362,2.234076689847408,0.10720085402494545,0.2485119228556648,0.31235337478037273,0.31235337477301495,0.2483905087630011
12432.502,2.254314919058496,0.09519870950434256,2.2371555833467145,0.108240332130533,0.24712990832300188,0.309980963353439,0.3099809633466864,0.24699469638831353
12432.522,2.2575532979442143,0.09601317417909391,2.2402846301625745,0.109301890771895,0.24563572565401526,0.3074207415267848,0.30742074152063975,0.2454866357652487
12432.542,2.260808873425301,0.09682652947892505,2.2434280326823197,0.11035601155548243,0.24399578580813355,0.3047513042714283,0.30475130426591085,0.2437387348069666
12432.562,2.264099664603356,0.0976423860471468,2.2466111805219873,0.11141788361409086,0.24213615023781596,0.30205321903529503,0.3020532190303867,0.24196773585508796
12432.582,2.2674197021362708,0.09845926859191555,2.249810881161757,0.11246965074539486,0.24037204158189188,0.2993438328864943,0.2993438328821918,0.24020289840187237
12432.602,2.270762731873895,0.0992754334696594,2.2530212756979573,0.11351962052494047,0.2384663287027134,0.29655446968429966,0.29655446968059723,0.23828286123630915
12432.622,2.274109831078093,0.10008566112496001,2.2562513293578754,0.11456645138634985,0.23652644969659453,0.29364554939207993,0.2936455493889772,0.2363371168524097
12432.642,2.277455823186485,0.1008886005233211,2.2594965827098195,0.11563028853810901,0.23442862593048244,0.2906557883660244,0.2906557883635138,0.23423224954125504
12432.662,2.2808483449989096,0.1016952537945532,2.262785597250773,0.11669138282050205,0.2324696832113501,0.287705024094214,0.28770502409227916,0.2322844437426041
12432.682,2.2842466210312855,0.10249630621044792,2.2660854178592333,0.11774789739158588,0.23053308985779608,0.28476606406200583,0.2847660640606601,0.23034877862189465
12432.702,2.2877226526073167,0.10330857685696283,2.2694425816876236,0.11881275182615253,0.22847213141332748,0.2818564393571811,0.2818564393563887,0.2282818247727937
12432.722,2.2912144809698747,0.10411681132020768,2.272845505685175,0.11987276696074137,0.22640753791211538,0.27878649046337883,0.27878649046310466,0.22619835455384013
12432.742,2.2947272667881515,0.10492196039452428,2.276267475933716,0.12093465154023321,0.2242078170823629,0.2755953369165927,0.27559533691682114,0.2239920439870771
12432.762,2.2982471282901877,0.1057204239591469,2.279697235806016,0.12198916475004194,0.22193921225734806,0.2723618812936362,0.27236188129435723,0.22172014198072787
12432.782,2.3017611733785857,0.10650902736505119,2.283141084444821,0.12302548211259218,0.21970657562275628,0.2692733530801045,0.2692733530813197,0.21951198734991517
12432.802,2.3052827031315597,0.10729149856775537,2.286579864545392,0.12404599962532284,0.21759876868774541,0.26612925077019295,0.26612925077192384,0.21739889756501854
12432.822,2.3088399178353183,0.10807359452664736,2.2900566526829635,0.12505093971351658,0.2152203383469469,0.26271324561240483,0.26271324561466464,0.21498186281271534
12432.842,2.312472270529616,0.1088627560151394,2.2936260507992454,0.1260652708609868,0.2126146493947821,0.2589065372239051,0.25890653722667084,0.21234967462255913
12432.862,2.316157110166859,0.10965286978152407,2.297246724125098,0.12708307939765023,0.20981365883226896,0.2548847877122092,0.25488478771547046,0.20953315471436537
12432.882,2.319880843008437,0.11044013969426092,2.300906251082389,0.12810010359420518,0.20687268023783123,0.25071432562028073,0.2507143256240243,0.20657988622198725
12432.902,2.323641122561097,0.11122333980797831,2.304596676660622,0.12911371937173752,0.20380262653102083,0.2463974093787762,0.2463974093829821,0.20350084232208895
12432.922,2.327384667499606,0.11199044487325131,2.30827498638153,0.1301108706688351,0.20041604733713564,0.24173129607201252,0.24173129607668592,0.20007621086825417
12432.942,2.3311724277734056,0.11275278995442663,2.31202156926256,0.13111147321561595,0.19673885587637563,0.23685566066927827,0.2368556606743817,0.19637927477514078
12432.962,2.335005928836792,0.1135095300936231,2.315798260565591,0.1320981383752833,0.19306123923471002,0.2318396804841422,0.2318396804896596,0.19269912250087307
12432.982,2.3388748785380256,0.11425842615229864,2.3196114969425596,0.13307856017016312,0.18933656076328206,0.22678356655225843,0.2267835665581634,0.1889693946030799
12433.002,2.3427401662269904,0.11499155643334416,2.323466476318717,0.1340600937491931,0.18539009490431252,0.22163064201706262,0.2216306420233108,0.18498843872848655
12433.022,2.3467501731772895,0.11573517722864543,2.32743271949748,0.13501393843036982,0.18136139870909482,0.21632433007339733,0.21632433007990529,0.18096788343902073
12433.042,2.3507955478339726,0.11646871403507238,2.331434548956359,0.13595254062523202,0.17740311427790909,0.2111201973461965,0.21112019735294169,0.17701299775327314
12433.062,2.3548574803812112,0.11718873891828309,2.3354524376036,0.13687729931719628,0.17348892649027206,0.2059841792553879,0.2059841792623546,0.1731050559489731
12433.082,2.358914694269035,0.11789173500403421,2.339473826566367,0.13779017681380207,0.1696414814873688,0.20087298860497818,0.20087298861215555,0.1692644100295092
12433.102,2.3629870365937564,0.11858090274352376,2.343515942060613,0.13868177136438423,0.16555694810851448,0.19547204763897635,0.19547204764634102,0.16512697832067116
12433.122,2.3671609411590153,0.11926890055986296,2.3476576413019985,0.13956040694113883,0.16115583355391552,0.189749447608339,0.1897494476158242,0.16059832544275132
12433.142,2.371355758834855,0.11994075759506952,2.3518415428164157,0.14042480864987228,0.15661767259617385,0.18406651793673395,0.18406651794431764,0.15618254745202073
12433.162,2.3755948545025913,0.12060059734854484,2.356052314201954,0.14127071361290286,0.15223937570039633,0.1784081037366892,0.17840810374435576,0.15181411133938158
12433.182,2.3798826759772123,0.12124907042705188,2.360320111435021,0.14210139518651616,0.14793109018271194,0.17278440767023606,0.17278440767794742,0.1474758425848032
12433.202,2.384232990119369,0.1218873227045852,2.364639712271223,0.14291213876948025,0.1434495457978935,0.16706055226879488,0.1670605522765008,0.14301127503626992
12433.222,2.3885882691890616,0.1225066022277774,2.368965105751941,0.14369946159279565,0.13904379719103052,0.1614244109390262,0.16142441094671225,0.13860928540625325
12433.242,2.392946172860539,0.12310674627739802,2.3732967195980854,0.1444677656575483,0.1346447486044142,0.15581094235970305,0.1558109423673482,0.13420739840700205
12433.262,2.397297130034452,0.12368608414050385,2.377661088048139,0.1452210983390323,0.13015585541329253,0.1502295710987936,0.15022957110636329,0.12970680239709353
12433.282,2.4017561898738458,0.12425945921708205,2.382093549425072,0.1459453950878385,0.12563279052025225,0.1445315773954001,0.14453157740283906,0.1251916775166548
12433.302,2.406225519386893,0.12481381306768397,2.3865308362511466,0.14664736996766065,0.12118832723102847,0.13894102884598958,0.13894102885328016,0.1207478177252158
12433.322,2.41063893169249,0.12534150713567604,2.39091264811999,0.14732099086606212,0.11676779347672689,0.13334999166937195,0.133349991676504,0.11632737496396338
12433.342,2.414974569657852,0.12584015914445518,2.3952479187767928,0.14796521861528986,0.11226984693846107,0.12751997715595653,0.12751997716293687,0.1118102874474282
12433.362,2.4194240406520318,0.12633100032502878,2.399707966237203,0.14858639595203,0.10761022074918748,0.12179781763884005,0.1217978176456405,0.107161700387451
12433.382,2.4240264995867173,0.1268175654869431,2.4042786365118203,0.1491918214701426,0.10306534678940318,0.1161326276553497,0.11613262766193286,0.10261713946115711
12433.402,2.4285571167734874,0.12727615555155958,2.4088084037823645,0.14978146702393336,0.09855870705741632,0.11069301175416744,0.11069301176053592,0.09813132963703258
12433.422,2.433067628951417,0.12771208935986078,2.413304888881492,0.1503281767072195,0.09413211755135033,0.10505546494144057,0.10505546494759568,0.09368867518456274
12433.442,2.437693374148058,0.1281382815257678,2.4179079587771057,0.15086409164057196,0.08966296468358508,0.09945831599091974,0.09945831599682732,0.08921044806419322
12433.462,2.4423467134896275,0.12854633229107545,2.4225312232044596,0.15137925520521262,0.0853629646542235,0.09413985114418245,0.09413985114983009,0.08496149360608533
12433.482,2.4469485695066386,0.12893092812367601,2.4271106167655074,0.15186086784867395,0.08140618803041692,0.08914792845707474,0.08914792846248164,0.08102116735994826
12433.502,2.4515607882267734,0.12929811306986144,2.4317308260349866,0.15231816509464208,0.07745374542366164,0.08391774055850937,0.08391774056364705,0.07703240218626847
12433.522,2.456289367852059,0.1296549001617778,2.4364299820066684,0.1527527990975489,0.07316281440474177,0.0785077610971293,0.07850776110196138,0.07273558056728731
12433.542,2.4610352882987665,0.1299924376397988,2.4411516598217498,0.15316704029082534,0.06883930340660321,0.07308095623437469,0.07308095623888543,0.06840990345027777
12433.562,2.465766142905392,0.13030793152602752,2.4459223675862662,0.15356677746888028,0.06431535838379236,0.06782094116014031,0.06782094116432032,0.06403664534037243
12433.582,2.470462021626453,0.1306011640401655,2.450631532099448,0.1539321275027195,0.060502112220155585,0.06268100591562924,0.06268100591949605,0.060232073769976344
12433.602,2.4752854660539336,0.13088386383255002,2.455426535902777,0.1542787172831592,0.05660151147302473,0.05767491226612723,0.05767491226967287,0.05632064742821534
12433.622,2.4801346043992987,0.13114906191934914,2.4602501449217775,0.15460986907412955,0.05270448569226077,0.05266690389828407,0.052666903901494325,0.052444434354359686
12433.642,2.4850037569141974,0.13139659541518373,2.465104290183416,0.15491822805766056,0.04893260037376082,0.04775470338525207,0.04775470338811804,0.048680607415153905
12433.662,2.4898461165484354,0.1316243493439099,2.4699540237490267,0.15520095411766566,0.045222643180203054,0.043250451938454795,0.043250451940999676,0.0450165681249757
12433.682,2.494800253474638,0.13184044090280622,2.474864629612136,0.15544548434275052,0.04199144622281705,0.039112742563101474,0.039112742565341786,0.041801999980752895
12433.702,2.4997759159509254,0.13204173191972193,2.4798022716662254,0.1556744072355685,0.03889289990761656,0.03509953443415099,0.03509953443608618,0.0387142734514709
12433.722,2.504779322973412,0.13222898780131884,2.4848104868823366,0.1558821441846263,0.035981593385843544,0.030980152560617445,0.03098015256222392,0.03577416977275853
12433.742,2.5098825736864154,0.1324043330644532,2.489887088542443,0.15606675782505375,0.032813175857543016,0.026725322183932584,0.02672532218518377,0.03260717647573878
12433.762,2.51498288895815,0.13256277311611522,2.494974059419886,0.15623200547762464,0.029378754524540644,0.022572092485914946,0.022572092486810098,0.029177441942333324
12433.782,2.52011497665076,0.13270510199439103,2.500054535673888,0.15637019230649046,0.026061039407587593,0.01826800676238227,0.018268006762898865,0.02585074768908179
12433.802,2.5252054174727343,0.1328302320623029,2.5051403978915325,0.15649051900579042,0.022997015429306357,0.013925669608829657,0.013925669608954633,0.022787081116875368
12433.822,2.5303416101777185,0.13294007666327495,2.5102445743599766,0.15659051800532742,0.019766455536563886,0.009567053646593255,0.009567053646315025,0.01955525569158134
12433.842,2.535491146403409,0.13303323072139214,2.515340896562229,0.15666713643828056,0.016409093997880368,0.005201715796146838,0.005201715795454552,0.016198122351766063
12433.862,2.540646246745703,0.1331092632541523,2.520465203925767,0.1567249077563319,0.013177228236415322,0.0008234121161336874,0.0008234121150160632,0.012969126101678646
12433.882,2.5458297631104267,0.1331689158244211,2.52559385808299,0.1567636390489105,0.009836321854412565,-0.0035123091546168583,-0.003512309156165846,0.009753480997151202
12433.902,2.5509879972852954,0.1332115634938227,2.530721387894269,0.15678100106594728,0.006593180147030507,-0.007909322903272514,-0.00790932290526945,0.006380774799765991
12433.922,2.5561366605125992,0.13323681799057732,2.535864368853044,0.15678036084351074,0.003025453423177753,-0.012227903607125078,-0.01222790360957228,0.0028218468643737443
12433.942,2.5613902728722935,0.133244958587822,2.541087888156664,0.15672718018429962,0.00011049774128223566,-0.016357417973661057,-0.016357417976541673,-7.781099368128991e-05
12433.962,2.5667352246201034,0.13323726856771057,2.546335771929898,0.15664248077211587,-0.0029735503617643396,-0.020319714961752125,-0.020319714965054598,-0.003154979492411619
12433.982,2.5721070405625426,0.1332131249999595,2.551604992788549,0.15653742005711696,-0.006000134043407966,-0.024203712912320957,-0.024203712916043094,-0.006173011068882667
12434.002,2.577481928194005,0.13317281008486448,2.5568776728445646,0.1564167432276594,-0.008977200138635706,-0.02802735905364136,-0.028027359057784276,-0.008992851521276334
12434.022,2.5827598731380776,0.13311854783775537,2.562152794430012,0.15628056938587084,-0.011871266310705163,-0.03182553131109306,-0.03182553131566458,-0.012040942329467426
12434.042,2.588171113623293,0.13304632899362076,2.567458500594353,0.15611630826794295,-0.014808931102689103,-0.03560553117984818,-0.03560553118484964,-0.014973834950527147
12434.062,2.5935968902823845,0.1329581899354158,2.5727731984506566,0.15593405921607473,-0.017647529640786135,-0.03926558021568001,-0.03926558022110456,-0.017798045907139487
12434.082,2.5989482856551693,0.13285683958873507,2.5780606694551484,0.15573920676754457,-0.020222211121244726,-0.04290188211121667,-0.04290188211707694,-0.02035643726042009
12434.102,2.6043460823827753,0.13274102889154846,2.583381618912767,0.15552349726654308,-0.02273331431576123,-0.04640023850724887,-0.046400238513533025,-0.022872185373149438
12434.122,2.6097746418719234,0.1326104797145584,2.588696508282337,0.1552888713145817,-0.025348863252743787,-0.04982391786906432,-0.04982391787577272,-0.02548250699671822
12434.142,2.615151280912689,0.1324673048593543,2.5940017710371563,0.1550361982106181,-0.027845111231452918,-0.05336127566776893,-0.053361275674928904,-0.027999674500392695
12434.162,2.6206485166509355,0.13230676350950124,2.5994007683367903,0.15475400356671562,-0.030457021177358413,-0.0569670829398624,-0.05696708294746958,-0.030609407579558972
12434.182,2.6261162822049076,0.13213265818445308,2.604777873067948,0.1544519457515132,-0.033410625174398925,-0.06043751082423413,-0.06043751083228358,-0.03352417221115648
12434.202,2.6316439252071335,0.13194113034031665,2.6101596242827787,0.154115792943752,-0.03582779100017085,-0.06366673995065879,-0.06366673995913584,-0.035940227356108384
12434.222,2.6372144220789524,0.13173496957520642,2.6156006724958045,0.15375772184523018,-0.03800291275241839,-0.06680656069058284,-0.0668065606994819,-0.038108645977345236
12434.242,2.6428033912490654,0.13151611007389502,2.6210471303582272,0.15338519720476695,-0.04017279676446536,-0.06987411903737321,-0.06987411904669551,-0.04027704844297903
12434.262,2.648416952809957,0.1312839809827833,2.626499569458993,0.1529960132636386,-0.04248139689816875,-0.07297359291322089,-0.07297359292298408,-0.04258710919943112
12434.282,2.6540356403367906,0.13103877168220104,2.6319906520104484,0.1525895222574252,-0.0445808779633789,-0.07606016168825576,-0.07606016169846574,-0.04468378489548029
12434.302,2.6597240419754886,0.1307786008539226,2.63750627926524,0.1521658957257582,-0.046813350976762244,-0.07904702085821644,-0.07904702086886406,-0.046907984262641166
12434.322,2.6653903945691777,0.13050682810364433,2.643005581029129,0.1517279480493167,-0.04904806435557226,-0.08206785019746758,-0.08206785020857336,-0.04914959757094424
12434.342,2.6710483562863105,0.13022273187100183,2.6485322692304427,0.15127260742629686,-0.05113001642935245,-0.08515122847874844,-0.08515122849032669,-0.05123627587988061
12434.362,2.676724661716413,0.1299246441714963,2.6540867359714353,0.15079759737635964,-0.0536411685205141,-0.08820378009302143,-0.08820378010507246,-0.05359074828362755
12434.382,2.682466645453277,0.12961052169003642,2.659671546486409,0.15030114964418467,-0.05575955339197282,-0.09128501981618432,-0.09128501982871479,-0.055856506193374386
12434.402,2.6882193062170296,0.1292831332571991,2.665254556862949,0.14978955486979165,-0.05786202224179912,-0.0942658651040844,-0.09426586511709159,-0.05777810390950588
12434.422,2.6939551189083537,0.1289451418993542,2.6708395536175313,0.14925804781592153,-0.0598886716757274,-0.09731901252415377,-0.09731901253765964,-0.06006247022833159
12434.442,2.6997245442907247,0.1285916621194153,2.6764478539841203,0.1487012908147694,-0.06217708865874218,-0.10003828483603576,-0.10003828485000571,-0.062064190271521325
12434.462,2.7055134352325507,0.1282250439231189,2.682104058517362,0.14812385269768175,-0.06409129535626999,-0.10260596009852595,-0.1026059601129378,-0.06397586726160061
12434.482,2.7113747282500253,0.127843273064352,2.6877332196084742,0.1475311137527949,-0.06598346274205039,-0.105247389322526,-0.10524738933741865,-0.06586723551897032
12434.502,2.7172789098270815,0.12744755267069224,2.693405899788027,0.1469215137897077,-0.06787620872768058,-0.10786146034833358,-0.10786146036370658,-0.06776689958979872
12434.522,2.7230924313345124,0.12704672784783472,2.699107098824495,0.14629841296392918,-0.06956026270882334,-0.1103455657360497,-0.11034556575188341,-0.0694314749074411
12434.542,2.7290377676233666,0.12662726035167232,2.704801355322284,0.1456558422600428,-0.0713117374317042,-0.11279449471031862,-0.11279449472662215,-0.07118926333069578
12434.562,2.7350224298408436,0.12619435270494084,2.710528571442628,0.14499404509081742,-0.0730970679062826,-0.11525081941090207,-0.11525081942767358,-0.07291719680467722
12434.582,2.7408494974549877,0.12576541319789886,2.7162881118746443,0.14431809487597502,-0.07429179107121969,-0.11754268047142964,-0.11754268048864319,-0.07415155072840794
12434.602,2.7468877485327345,0.12531122136403086,2.722039178640082,0.1436225129709328,-0.07584629335450005,-0.11969678215538856,-0.11969678217302634,-0.0756934369180481
12434.622,2.7529116666451836,0.12484905104280412,2.7277818626824404,0.1429194152832523,-0.07728112082298356,-0.12172714310733092,-0.12172714312539076,-0.07711699634009425
12434.642,2.7588182732292172,0.12438940646279821,2.733534113360299,0.14220420457601532,-0.07805602629690063,-0.12382545569049305,-0.12382545570899815,-0.07790594274159024
12434.662,2.764845754805812,0.1239133021233231,2.7393274443614475,0.14147336061396637,-0.07976540257768898,-0.12569019559417846,-0.125690195613082,-0.07957646034364393
12434.682,2.7709015116440963,0.12342684874508066,2.7451094236174853,0.14072950898285233,-0.08059927765561098,-0.12728833571751733,-0.1272883357367895,-0.08039474484056142
12434.702,2.776869430623841,0.1229443577767049,2.7508870499926386,0.13997534181134816,-0.08101729175545296,-0.12898272401368993,-0.12898272403336655,-0.08082697120230045
12434.722,2.7830148584742673,0.12244178328854335,2.7567082929348548,0.13920807743874059,-0.08215560913669356,-0.13058419177188563,-0.130584191791936,-0.08195765753080544
12434.742,2.789041031019936,0.12194193802341238,2.7625095184926245,0.13843504432619314,-0.08326464868067202,-0.13198188354037546,-0.13198188356077828,-0.08305646647669017
12434.762,2.795180275959856,0.1214265103427999,2.768314362464173,0.13765187282200478,-0.08425180442488396,-0.1334176149107176,-0.13341761493147963,-0.08404474611012872
12434.782,2.8013122315514996,0.12090569006384098,2.774150386837315,0.13685782134977936,-0.08499442217028555,-0.13481435134981262,-0.13481435137091974,-0.08477365401539294
12434.802,2.807437965913899,0.12038157425065929,2.779980313600089,0.13605914207937556,-0.08553128633391963,-0.13594764272469909,-0.1359476427461084,-0.08530806064613566
12434.822,2.813500891868402,0.11985872774053222,2.7857999855450486,0.13525469948443622,-0.08632773065607659,-0.13693780274242925,-0.13693780276412681,-0.08608970991269456
12434.842,2.8196602234654855,0.11932356735251924,2.791615533439459,0.13444674027461959,-0.0870029017140145,-0.13793871356779136,-0.13793871358978246,-0.08676292410290364
12434.862,2.825589439790844,0.11880721319140866,2.797458760552583,0.13362894558096233,-0.08617017715349139,-0.1389930145619638,-0.13899301458425528,-0.08591982979495372
12434.882,2.8317676565362753,0.11827159396439399,2.8033067865613566,0.13280989749302313,-0.0868783259436474,-0.13993793960951342,-0.1399379396320863,-0.08666811732744654
12434.902,2.8378464718191263,0.1177384553619687,2.809146637988276,0.1319884934146535,-0.08816298732769645,-0.14100956268739046,-0.14100956271026355,-0.0879517236699099
12434.922,2.843916653494817,0.11719970011941235,2.8149559545897764,0.13116332344839524,-0.08898895953647988,-0.14227706132105952,-0.14227706134426865,-0.0887955691198201
12434.942,2.8500352419948594,0.11665055068383298,2.8207667804389467,0.1303310014997486,-0.09000124428896199,-0.14344230615233164,-0.1434423061758532,-0.08979047086396626
12434.962,2.856134700030406,0.11609725596956375,2.826564779774457,0.12949520888791188,-0.0909311113981395,-0.14454877582695272,-0.1445487758507844,-0.09071950829774118
12434.982,2.862128332938635,0.11554812907781116,2.8323933976193656,0.1286551963024881,-0.09197141781007784,-0.14590393200093318,-0.14590393202509927,-0.09180947796155162
12435.002,2.8682547362077337,0.11497964420301857,2.838243581765203,0.1277972551477347,-0.09291290675947432,-0.1472301660910801,-0.1472301661155519,-0.0927164273831409
12435.022,2.8743081919809064,0.11441242697261048,2.8440333568717295,0.12693925642373527,-0.09374306429263031,-0.14847752215753615,-0.1484775221823234,-0.09356361836022183
12435.042,2.8803264873005605,0.11384115848077578,2.8498528978669766,0.1260667871460382,-0.09578019176410303,-0.14989506557997517,-0.14989506560507365,-0.09561744682436321
12435.062,2.8864743151217396,0.11324628003594638,2.855665915011054,0.125183494692425,-0.09711806983184795,-0.15135875641833582,-0.1513587564437378,-0.09693461453101584
12435.082,2.892510647234373,0.11265492557623445,2.861429988419497,0.12430255505332087,-0.09809345453214889,-0.15274844085452838,-0.15274844088024733,-0.09792154553226433
12435.102,2.898627820022703,0.11204870589378439,2.8672183736413475,0.12340734938994169,-0.09947152430784521,-0.1542272379697981,-0.15422723799581997,-0.09930397702368414
12435.122,2.9046499899337417,0.11144553530576476,2.87301793472377,0.12250200288738154,-0.10004485414251028,-0.15557579704644947,-0.15557579707273667,-0.09983920582483763
12435.142,2.9107595949723386,0.1108293986936613,2.8787785135712887,0.12159706837993657,-0.10093682795578321,-0.15650697141821288,-0.15650697144470663,-0.10071232625342001
12435.162,2.9168119966085304,0.11021444720271986,2.884529245506093,0.12068854588329198,-0.10151131189691709,-0.157396653260693,-0.1573966532873858,-0.10128764891052897
12435.182,2.9228843759051424,0.10959347742689514,2.8902573690659485,0.11977935982261421,-0.10229997191231581,-0.158192637384336,-0.15819263741121922,-0.10207297356243664
12435.202,2.928889859607986,0.10897427898122838,2.8960079782126664,0.11886701120775385,-0.10300346364007801,-0.1587208423916705,-0.15872084241868104,-0.10273629654570889
12435.222,2.934982975899892,0.1083431708900375,2.9017442141884975,0.11795113876977885,-0.1033784340551546,-0.15903276235134117,-0.15903276237841912,-0.10309777851939336
12435.242,2.941001579161596,0.10771956602851038,2.9074435055506838,0.11704011390777652,-0.10314550942138845,-0.15903656515669867,-0.15903656518377962,-0.10284170166640304
12435.262,2.9469324109332766,0.10710629794546035,2.9131153728110486,0.11613632869968356,-0.10324275801343548,-0.15895463247898942,-0.15895463250607092,-0.10293304824245608
12435.282,2.952953301092483,0.10648251653174896,2.918775214250018,0.11523211207797959,-0.10321026584127038,-0.15889124795986825,-0.15889124798693965,-0.10269414544714371
12435.302,2.958884353008362,0.10586950308593529,2.924389807533648,0.11433474737463152,-0.10297607393306801,-0.1588695660253208,-0.15886956605240193,-0.10267235916089243
12435.322,2.964809787224485,0.10525789152303562,2.930003358937356,0.1134381235342966,-0.10274253166145812,-0.1588218438897963,-0.15882184391687687,-0.10243483951424256
12435.342,2.970727436481608,0.10464694874186206,2.935629063966594,0.11254315913172869,-0.10298852168615359,-0.15861421616302987,-0.1586142161900566,-0.10296759156328437
12435.362,2.9766196241382863,0.1040369575928769,2.9412192444023755,0.11165552774471843,-0.103035499458659,-0.1582555074188561,-0.15825550744579636,-0.10270056618904375
12435.382,2.982533419231766,0.10342646510119258,2.9467781285279977,0.11077194137893272,-0.1026729025342275,-0.1578795924907985,-0.15787959251765674,-0.10232475452891517
12435.402,2.9883952301101817,0.1028241164404905,2.952338272688327,0.10989052517168393,-0.10211402371856361,-0.15747668261541253,-0.15747668264217576,-0.10206189246193649
12435.422,2.994233711567079,0.10222782600991119,2.9579442943704723,0.10900814773929912,-0.10127499126557737,-0.15672841240436702,-0.1567284124309008,-0.10088894756451011
12435.442,3.000109419966728,0.10163319735379235,2.9634593670507527,0.10814197226136704,-0.10043148609235486,-0.15591339145777722,-0.15591339148408112,-0.10004100888280522
12435.462,3.005864528701905,0.10105637317449152,2.968932453154347,0.10728632982031233,-0.09925012951448545,-0.15512359693230576,-0.15512359695839148,-0.09886400599501464
12435.482,3.011657078984547,0.10048194210453887,2.9743775397199945,0.10643924098468102,-0.09843855105314724,-0.15434713693301533,-0.15434713695888055,-0.09805361376783978
12435.502,3.017392529610525,0.09991847345386792,2.9797979512328086,0.10560001830745498,-0.09747591107604986,-0.15361501462060376,-0.15361501464624686,-0.09709412332645795
12435.522,3.0230947056357995,0.09936310126597844,2.985187349366486,0.1047692965898217,-0.09657803903613786,-0.15294650407264285,-0.15294650409807542,-0.09621160720856435
12435.542,3.028789989408346,0.09881314434660647,2.990545283708982,0.10394645297568622,-0.09595828857782665,-0.15236557591185795,-0.15236557593710237,-0.09559646182465675
12435.562,3.0344781698397574,0.09826729978392659,2.9958954939988938,0.10312770739151779,-0.09537997082887056,-0.15182715944993966,-0.1518271594749903,-0.0950196152785142
12435.582,3.04011936227907,0.09772915173992494,3.0012061150765614,0.10231759337084985,-0.0948514220756353,-0.15135462870726835,-0.15135462873213257,-0.09450416745734372
12435.602,3.0457172486705657,0.09719834630025244,3.006495331771549,0.1015124865238128,-0.09435534793752584,-0.1510692817042234,-0.15106928172892295,-0.0940146135270421
12435.622,3.051290428956113,0.09667186856446398,3.011746803301224,0.10071454602733751,-0.09403532556557846,-0.15076924681228118,-0.15076924683682413,-0.09369858894101299
12435.642,3.0568375683325577,0.09615000061517763,3.0169934616734246,0.09991932111936833,-0.0934318778126667,-0.15040098486769166,-0.15040098489201603,-0.09307757146689036
12435.662,3.062293387745033,0.09564039786221902,3.0221519430735775,0.09913950291936337,-0.09291990542524374,-0.15011350566209905,-0.1501135056862178,-0.09258858904610526
12435.682,3.0677284487524408,0.09513456423190719,3.0272665760737665,0.09836740262915451,-0.09268597724567257,-0.14992616132452674,-0.1499261613484473,-0.09234886866298586
12435.702,3.0731164073108146,0.0946346378729547,3.032349967580178,0.0976011888772229,-0.09235689125263455,-0.1496700399220348,-0.14967003994574254,-0.09203038239030563
12435.722,3.0783634171114236,0.09414893369211388,3.0374181191717304,0.09683943057781298,-0.09206087917340577,-0.14955127205574573,-0.14955127207924232,-0.09174727325135561
12435.742,3.0836748500471147,0.09365881671886186,3.0424309425798226,0.09608467273181516,-0.09197277371395565,-0.1495232883500154,-0.14952328837331014,-0.09166126538619301
12435.762,3.088938686986884,0.09317351940704963,3.0474048780382073,0.09533595788675404,-0.09188854965446322,-0.14950124272120588,-0.14950124274430535,-0.09157510945468379
12435.782,3.0941151512449623,0.09269619084690069,3.0523681301234022,0.09458924248862337,-0.09196309515902416,-0.1494971755441722,-0.14949717556707873,-0.09165672380759685
12435.802,3.0993380597737037,0.09221452358451333,3.057306188229226,0.09384572226997659,-0.09196340146926958,-0.1495704387592547,-0.14957043878194828,-0.09165964533551804
12435.822,3.104508255815507,0.09173770049892417,3.062196591687254,0.09310933682864554,-0.09196722651965515,-0.1496523236437534,-0.1496523236662355,-0.09166356743242013
12435.842,3.109647062161874,0.0912637517068099,3.0670617496213994,0.09237659406971614,-0.09196620715044537,-0.1497354258655967,-0.14973542588786984,-0.09166126525166665
12435.862,3.1147660494569567,0.09079196192607736,3.0719301096923655,0.09164291270612838,-0.09185896911180366,-0.1498168654168518,-0.14981686543889622,-0.09154695596388072
12435.882,3.119837263069237,0.09032437400348314,3.076764372757332,0.09091583894513171,-0.09192184649983523,-0.14977010759032766,-0.14977010761207524,-0.09160561066243125
12435.902,3.124829522106357,0.08986447362535128,3.0815090562551357,0.0902024357263063,-0.09176253707776663,-0.14983715576376833,-0.14983715578525433,-0.09145453813959681
12435.922,3.1297940672211904,0.0894075684321654,3.0862204934436055,0.08949290278238076,-0.09178490243512942,-0.14996319034462266,-0.1499631903658591,-0.09148278552932806
12435.942,3.134729595203556,0.08895370568150966,3.0909110243563673,0.08878693931036209,-0.09157756913403729,-0.14990472698587268,-0.14990472700682442,-0.09124048426834533
12435.962,3.139525251420134,0.08851557162779422,3.095500671334764,0.0880998523440936,-0.09036109281453715,-0.1490276179422857,-0.14902761796285266,-0.08989117686349697
12435.982,3.144267805960435,0.08809019850287736,3.1000128677409178,0.08743294144820102,-0.08847093776421973,-0.1474173711116146,-0.1474173711316876,-0.08795891018517646
12436.002,3.148950011532561,0.08767988306127007,3.1044748811907894,0.08678280020580093,-0.08631811022346858,-0.14559061204470153,-0.14559061206425575,-0.0857936868158279
12436.022,3.1536260160973772,0.08728054385013158,3.1089277740154104,0.08614426905578552,-0.08404154029213845,-0.14371469804551368,-0.14371469806453713,-0.0835087792592148
12436.042,3.1582860969575726,0.08689258692548493,3.1133717334638975,0.08551378915574001,-0.08214764380047304,-0.1421402254234022,-0.14214022544194774,-0.08164799237204966
12436.062,3.1628994780921,0.0865175166885986,3.1177772115995297,0.0848968117150954,-0.08006655116320506,-0.14039618264909995,-0.1403961826671504,-0.07954217635273084
12436.082,3.1674835308476648,0.08615498580170283,3.1221571319546535,0.08429351781789043,-0.0777208280978289,-0.13843161382368144,-0.1384316138412015,-0.0771679166141071
12436.102,3.172051647779753,0.08580497558540208,3.12651531210312,0.08370536360155668,-0.07516249105339243,-0.13627848440098755,-0.13627848441795445,-0.07459077083858144
12436.122,3.176620709558848,0.08546699939386677,3.1308784179618345,0.08312728460771035,-0.0725744744338609,-0.13418673194119274,-0.13418673195760855,-0.07202515086552001
12436.142,3.18114685151097,0.08514314105985123,3.1352168339059534,0.08255863676571361,-0.07034293783420546,-0.13241085312533413,-0.1324108531412577,-0.06984346270983172
12436.162,3.1856811517632084,0.08482807029290201,3.139562289357521,0.08199668420364231,-0.06841116981638257,-0.13087972388242852,-0.13087972389789038,-0.06790586550351
12436.182,3.190225927321532,0.08452103844681307,3.143894356123741,0.0814457466557549,-0.06647243930700632,-0.12924284013656492,-0.1292428401515547,-0.06596257368276588
12436.202,3.1947487318763237,0.08422457082850347,3.1481929787595044,0.08090778858533747,-0.06445807204940672,-0.12744129187297984,-0.12744129188749379,-0.06403381156686838
12436.222,3.1992520418905963,0.08393790121813148,3.1524177681857863,0.08038887743546301,-0.06228958254208291,-0.1252381428245304,-0.1252381428385142,-0.06172387840029067
12436.242,3.2035945128912813,0.0836725923639995,3.1566061979696762,0.07987908660629003,-0.059826310726100604,-0.12324295802026584,-0.12324295803378396,-0.059298217177879003
12436.262,3.2079870291882084,0.08341422342049783,3.1608402156562967,0.07937164695822002,-0.05778076549193148,-0.12159580497692354,-0.12159580499001929,-0.05728570951551672
12436.282,3.212425053501052,0.08316171177529671,3.1651230131562427,0.07886529174428389,-0.055933919456140076,-0.12018584189046604,-0.12018584190315185,-0.055578555758315995
12436.302,3.2169027388820357,0.08291375335314935,3.1693854919695617,0.07836743054876624,-0.05477045598906424,-0.11872793166295113,-0.11872793167522809,-0.05426061543136287
12436.322,3.221256054163197,0.0826796237325704,3.173592948527088,0.07788431918992914,-0.052717762255266906,-0.11715308635213333,-0.11715308636399717,-0.05222223459884116
12436.342,3.225606112132154,0.08245419779139802,3.1778002867228037,0.07740748222546302,-0.05086784822456326,-0.1157408226937611,-0.1157408227052428,-0.05039027551228212
12436.362,3.2299844417764967,0.08223486453794802,3.1820245190984457,0.07693527224324583,-0.04926259177224533,-0.11449310699256948,-0.1144931070036875,-0.048804907382558375
12436.382,3.2343672253613462,0.0820222449786208,3.1862480921258665,0.07646868823880598,-0.04767923482448254,-0.11321421303589752,-0.1132142130466465,-0.04729659298486014
12436.402,3.2387752489330013,0.08181464374880697,3.1904176937208817,0.07601856971157668,-0.04604284643308636,-0.11154241819182432,-0.11154241820215319,-0.045524893767653944
12436.422,3.243056841518404,0.08162177876433174,3.194565979097997,0.07557733491400609,-0.044031501545833227,-0.11003710499191008,-0.1100371050018506,-0.04353944670068671
12436.442,3.247344034064613,0.0814368287062163,3.198722946530136,0.07514117397514535,-0.042207921467384855,-0.10870111221732161,-0.10870111222689995,-0.04172850691528001
12436.462,3.251635348005388,0.08125924577732219,3.202887492069619,0.07470955493846893,-0.040535443251870064,-0.10749137072781476,-0.10749137073705058,-0.04006393464294227
12436.482,3.2559697631305107,0.08108657482441615,3.207053764965585,0.0742826811601668,-0.03909883744674504,-0.1062977642613332,-0.10629776427022822,-0.03863818686421093
12436.502,3.260220760185538,0.0809235451745816,3.2111964132754287,0.07385866530308967,-0.037582199901526996,-0.10523388575645748,-0.10523388576503027,-0.03713206608722359
12436.522,3.2644754734126558,0.08076656497609136,3.2153319158983362,0.07344050612048413,-0.03621666103683994,-0.10424250153480692,-0.10424250154306883,-0.03577170786102609
12436.542,3.268704826543064,0.0806162473847022,3.219456254183715,0.07302780373281802,-0.034834885672300614,-0.1032952866527546,-0.10329528666072026,-0.034388815628612075
12436.562,3.272907148467704,0.08047270054830484,3.223565906627009,0.07261929109286142,-0.033485816844114766,-0.10237833299110494,-0.10237833299879459,-0.033053499253810445
12436.582,3.2771349820603857,0.08033369923858065,3.2276990058290593,0.07221173677726697,-0.0322867936585936,-0.1016215984638092,-0.10162159847122255,-0.03187523667427238
12436.602,3.281340836664312,0.08020002915005145,3.231813997605308,0.07180877677962373,-0.031278515924288396,-0.10103268743202369,-0.1010326874391751,-0.03088149304020247
12436.622,3.28553512702426,0.08007069494018719,3.2359197145603433,0.07140957947883313,-0.030385614992339542,-0.10053902452074259,-0.10053902452764235,-0.029995819280647092
12436.642,3.289736304182449,0.07994465871931512,3.240019346867037,0.07101441527094345,-0.029564858592213507,-0.10005016017743225,-0.1000501601840834,-0.02916974560374669
12436.662,3.293905083810198,0.0798232451795438,3.244104627681955,0.07062269789233566,-0.02865359935381117,-0.09955071538727381,-0.09955071539368521,-0.028244005101114213
12436.682,3.2980772454408833,0.0797054524096233,3.2481949285373197,0.07023114726159367,-0.027851741764025967,-0.09917874044990653,-0.09917874045607133,-0.02748169497658236
12436.702,3.3022171942270084,0.07959136887714277,3.2522575441914094,0.06984340235195431,-0.027273469239723003,-0.0989904004913693,-0.09899040049730451,-0.02691881859731058
12436.722,3.306359820158106,0.07947932364398215,3.2563111143879233,0.06945824966437333,-0.026854654534596106,-0.09887854225002962,-0.09887854225574083,-0.026500506949798462
12436.742,3.310479208153961,0.07936965450889134,3.260353139884178,0.0690759131833998,-0.02637606038986762,-0.09875528197576741,-0.09875528198125849,-0.02600900889127649
12436.762,3.314578606973137,0.0792628753570285,3.2643769207786497,0.06869504005862019,-0.025702657567926293,-0.09850083267117035,-0.09850083267643825,-0.025380143027553304
12436.782,3.318590326081479,0.07916023462914551,3.2683472593344094,0.06831635772523714,-0.025421153469553908,-0.09844570496641891,-0.09844570497148543,-0.025085110390515787
12436.802,3.322596130235415,0.07905897645456608,3.272296455923742,0.06793979384306452,-0.025136132086400278,-0.09848620694296915,-0.0984862069478383,-0.02480760091680479
12436.822,3.326600564661963,0.07895876322782786,3.2762426469253847,0.06756428681035871,-0.024899610147721348,-0.09857229310241265,-0.09857229310708418,-0.02459295900569206
12436.842,3.3305870177056276,0.07885986294619073,3.280169749141917,0.06719092903011832,-0.024685213019048236,-0.09866011035894744,-0.09866011036342887,-0.024356060840657636
12436.862,3.3345356747704047,0.07876293772320533,3.284069192866745,0.06681645962557724,-0.02439388434723454,-0.09868820624859098,-0.09868820625288895,-0.024062688599994733
12436.882,3.3384722122587713,0.07866728789362129,3.287958451834002,0.06644185303222076,-0.024228236332993838,-0.09883818916598665,-0.09883818917010134,-0.023918248358985966
12436.902,3.34240728725222,0.07857194494349165,3.291832782389017,0.06606840936436133,-0.024286197357717976,-0.0990994784568453,-0.09909947846078175,-0.02397990933735989
12436.922,3.346323143834662,0.07847682855087587,3.2957037081837695,0.06569519587925056,-0.024294766566182673,-0.09940080575454491,-0.09940080575830294,-0.023995339392297928
12436.942,3.3502404629224958,0.07838152481759847,3.299574650711938,0.06532143374877457,-0.02435625975716351,-0.09974230483556734,-0.09974230483914831,-0.024058571809998007
12436.962,3.3541417742619206,0.07828644365019122,3.303432252631063,0.06494697631702501,-0.0243803991421287,-0.10005242887618447,-0.10005242887959301,-0.02408638301119663
12436.982,3.358026344405432,0.07819155318954853,3.3072760133783436,0.06457118992397366,-0.024466942405476602,-0.10041152611221829,-0.10041152611545087,-0.02417262051983553
12437.002,3.36190040690031,0.07809640935635082,3.311094413892865,0.06419778905253572,-0.02464873770084724,-0.10077826198019754,-0.10077826198325197,-0.02435569899650845
12437.022,3.3657434526190446,0.07800143423846725,3.314899254927156,0.0638248666459191,-0.024769496923498488,-0.10117057118472274,-0.1011705711875996,-0.02447738561964785
12437.042,3.3695823293319243,0.07790610112251951,3.318698679311774,0.06345184344150681,-0.024886631832501557,-0.10155455167225157,-0.10155455167495071,-0.02459388532134204
12437.062,3.3734021076652527,0.07781086696178866,3.3224782046319747,0.06307833612013264,-0.024941883097473035,-0.10189861615989725,-0.10189861616242502,-0.024657415488145668
12437.082,3.3771690151260847,0.07771642813175726,3.3262140062572287,0.06270305693313498,-0.025214875833815476,-0.10240104200382807,-0.10240104200619682,-0.02494637822879778
12437.102,3.3809093216578905,0.07762138369101125,3.3299242221971204,0.0623289039761618,-0.02560427189047212,-0.10300163960147102,-0.10300163960368015,-0.025341352370031083
12437.122,3.38463226311253,0.07752525390864512,3.333618784965437,0.06195493518386719,-0.02603148122877808,-0.10363071436765346,-0.103630714369702,-0.025771596550395882
12437.142,3.388348074899422,0.07742767475967073,3.3373105800129763,0.061580995937089024,-0.026482577305762416,-0.10425478949923644,-0.10425478950112138,-0.026228605187740606
12437.162,3.3920472737096072,0.07732876467861094,3.3409780242859974,0.06120540744794247,-0.026978188185567013,-0.10492664723728268,-0.10492664723901217,-0.026727243773745107
12437.182,3.3957172599728995,0.07722875363231609,3.3446020662304363,0.06082865783244658,-0.027501883111753604,-0.10547504049617278,-0.10547504049775329,-0.02724633584438625
12437.202,3.399341074616461,0.07712905171429306,3.348200613488931,0.06045496847880365,-0.027423419001522915,-0.10564073241818184,-0.1056407324195962,-0.027100179453877406
12437.222,3.4029499925489923,0.07703039886606208,3.351786291378381,0.06008352989197837,-0.027236310641899394,-0.10572603032003146,-0.1057260303212727,-0.026914032616271264
12437.242,3.4065563941604,0.07693248041155025,3.3553743975270547,0.05971381620456826,-0.027054799150658736,-0.10579869234665733,-0.10579869234772374,-0.026734992683698167
12437.262,3.410157789089332,0.0768352338110365,3.3589515304733184,0.05934436514294847,-0.02695545023922937,-0.10596308591445835,-0.10596308591535972,-0.026646631108005088
12437.282,3.413747705878315,0.07673852234910986,3.362518376345311,0.058973115595862706,-0.026947962191773773,-0.10619967256894353,-0.10619967256968824,-0.02665415582981735
12437.302,3.4173249964671077,0.07664190734864969,3.3660729240511555,0.05860068152859597,-0.027060704117940978,-0.10653720170935903,-0.10653720170994427,-0.026770335834438268
12437.322,3.4208832304649106,0.07654532961488893,3.3696093211262603,0.05822951662017428,-0.027216708089403265,-0.10691314596417677,-0.10691314596460195,-0.026930256434539574
12437.342,3.4244307104987253,0.0764484049483497,3.3731362278314823,0.05785835827822717,-0.02741436787987,-0.10732076356780372,-0.1073207635680689,-0.027130099443695464
12437.362,3.4279793299317105,0.07635074776246219,3.3766642874596133,0.057486510148251735,-0.027610720063855163,-0.1077381575547999,-0.10773815755490346,-0.02732615308850817
12437.382,3.431530586447582,0.07625226723294996,3.380191078787584,0.05711288725079117,-0.027913191938320515,-0.1083374148485384,-0.10833741484848108,-0.027690883533947788
12437.402,3.4350445944435752,0.07615194681264649,3.3836822455235316,0.056734868711051746,-0.02933272070533388,-0.10983220252116517,-0.10983220252096139,-0.029186875936395275
12437.422,3.4385288606274953,0.07604685094561782,3.387145338053612,0.05635355114010254,-0.031055673148952037,-0.11160242950185222,-0.11160242950150227,-0.03095327958582937
12437.442,3.4419977899369316,0.07593541795398,3.3905938242475147,0.055966840750253134,-0.033265098720666395,-0.11381403387610586,-0.11381403387560504,-0.03321685555042312
12437.462,3.4454634621322002,0.07581535822877279,3.3940382722231033,0.055571647091500954,-0.03609076638605419,-0.11656564193706405,-0.11656564193640521,-0.03610187147001777
12437.482,3.448925217990086,0.07568464572222054,3.397478693504476,0.05516492086767421,-0.03946491775956485,-0.11981914501166474,-0.1198191450108403,-0.03951669819253424
12437.502,3.452391254619937,0.07554094723383672,3.400926186270484,0.054742527253331535,-0.04357760675809527,-0.12372710147827919,-0.12372710147728523,-0.04373667105853408
12437.522,3.4559004805027547,0.07537944911868201,3.40441049731339,0.05429980052055213,-0.04848934764274196,-0.1283239750558976,-0.12832397505471854,-0.04871155471356151
12437.542,3.45940385060369,0.07519998079459651,3.4078876868642216,0.053842233304796594,-0.053940696675914585,-0.13337252294438837,-0.13337252294300972,-0.05420033359374422
12437.562,3.4629265022228166,0.07500001868132007,3.4113541731102557,0.05336799874201258,-0.059466857814688974,-0.13862493126300449,-0.13862493126140527,-0.059735753108145724
12437.582,3.4664025547078485,0.07478305567160733,3.414799848071473,0.052877398384418524,-0.0652108768812925,-0.14392578246428914,-0.1439257824624556,-0.06548132137064556
12437.602,3.4698549840878306,0.07454761951221009,3.418221346419615,0.05237199668879211,-0.0709811584631936,-0.1492559260898195,-0.14925592608773694,-0.07125717569979025
12437.622,3.4732902775295242,0.0742933335131115,3.4216245918477504,0.051850220198081144,-0.07680416343850689,-0.1546339654196646,-0.1546339654173171,-0.0770828946723596
12437.642,3.4767095882070196,0.07402014661883677,3.425011141143327,0.051312031608802613,-0.08265708430142502,-0.16003126626508496,-0.1600312662624576,-0.08294003411758154
12437.662,3.4801182435802067,0.07372777091275429,3.4283835402505125,0.05075710728756483,-0.08843195877653365,-0.16533981301259768,-0.16533981300967615,-0.08868871699946841
12437.682,3.4834940913975823,0.07341914589226466,3.431718106545508,0.05019059252759746,-0.0938784330157509,-0.17038043215953705,-0.1703804321563139,-0.09411525913379068
12437.702,3.486802032969851,0.07309871675975625,3.434987526959478,0.04961843579447757,-0.0992482005918657,-0.1753437747805442,-0.17534377477702048,-0.09947772460416082
12437.722,3.490077587696602,0.07276374588244211,3.4382255714552628,0.049034909503468026,-0.10457552349706581,-0.18027423477355262,-0.18027423476971746,-0.10480296695888479
12437.742,3.4933374301248747,0.07241278289379684,3.4414463738488195,0.04843903040826179,-0.10991166149121727,-0.18519754126276955,-0.18519754125860932,-0.1101358805223008
12437.762,3.496559205097957,0.07204880310293973,3.4446291465056715,0.04783320513675413,-0.11501703967308803,-0.1898952898690342,-0.18989528986455773,-0.11520404769525237
12437.782,3.499775634557673,0.07166931079377856,3.4478043196814494,0.04721512379943747,-0.11984348881374896,-0.1943707243108596,-0.1943707243060519,-0.12001398035904613
12437.802,3.5029774333537076,0.07127608533645799,3.4509657362259145,0.04658518778348305,-0.12454888611375435,-0.1987502017736102,-0.198750201768462,-0.12471141235114647
12437.822,3.5061807410260775,0.07086737188754089,3.454123922877362,0.04594246364372656,-0.12925338982232515,-0.20313484326739706,-0.2031348432618896,-0.1294188431609954
12437.842,3.5093814752593886,0.07044430302609729,3.457241533069609,0.04529259766927137,-0.13377465135599484,-0.20754377982999025,-0.20754377982411648,-0.1339507012902652
12437.862,3.5125027007498963,0.07001673287343596,3.4603184029362932,0.04463431275925713,-0.1384743721873216,-0.21188209521724322,-0.21188209521101434,-0.1386764927949632
12437.882,3.5156140206882966,0.06957588244883144,3.463383650193621,0.04396697138796069,-0.1429655971747993,-0.21602516257224566,-0.21602516256565996,-0.14309109854149654
12437.902,3.5187071102726284,0.06912395345329621,3.466431021211823,0.043288418752282634,-0.14716900931134685,-0.21992355252654036,-0.21992355251960333,-0.14727624306037146
12437.922,3.521797302451849,0.06865941240608227,3.4694734539259957,0.042598855809581775,-0.15123651192790558,-0.22370479977820734,-0.2237047997709134,-0.15133475640896804
12437.942,3.524871537528145,0.06818462309074257,3.4725015484702433,0.041901466154624416,-0.15520557323107406,-0.22739195790660702,-0.22739195789895936,-0.1552884140457509
12437.962,3.527954591900817,0.06769610830686497,3.475536185405274,0.04119106904743963,-0.1590507314164335,-0.23096983855805978,-0.23096983855004335,-0.1591201710877735
12437.982,3.5310316055531317,0.06719673962802483,3.4785607152943028,0.04047293222943348,-0.16270063216729938,-0.23439084845632474,-0.23439084844793012,-0.16275643326808573
12438.002,3.5340734562622895,0.06669184297922652,3.481550517843053,0.0397522744890789,-0.16625439034677855,-0.23773167444505125,-0.23773167443627585,-0.16630121709683257
12438.022,3.537093866339044,0.06617956703496591,3.4845181826648455,0.03902612320076937,-0.16976702840068095,-0.24103250055436162,-0.2410325005452067,-0.16981424123887423
12438.042,3.54009733101934,0.06565921435271424,3.4874660108654227,0.038296349849470876,-0.1733127102895616,-0.24431402354804807,-0.24431402353851878,-0.17335460937000602
12438.062,3.5430961761691058,0.0651289207475191,3.490411562102948,0.03755414628493791,-0.1767102212013998,-0.24749780609542718,-0.24749780608551428,-0.17673805454708238
12438.082,3.546123438298561,0.06458341939728673,3.4933435600319886,0.036807467908721025,-0.17976188002889687,-0.2505927253815761,-0.2505927253712749,-0.1797788377663377
12438.102,3.549086840234041,0.06404000039097302,3.4962521026097395,0.03605672986369151,-0.18295182335711216,-0.25358742909293835,-0.2535874290822581,-0.18296361127085337
12438.122,3.55204276170308,0.06348835087271563,3.4991529540120356,0.03529910251051881,-0.1860098537413225,-0.2564564391294177,-0.25645643911836025,-0.18599796538470703
12438.142,3.5549944701735674,0.0629284888367148,3.5020495570643613,0.03453435182853424,-0.18886095185796506,-0.25914790423699735,-0.2591479042255624,-0.18883507324548443
12438.162,3.557947168470503,0.062359926945142315,3.504943616349347,0.03376237557338516,-0.19156420957883977,-0.26171731268364884,-0.2617173126718257,-0.19152008483411656
12438.182,3.560875031462956,0.06178818609424928,3.507807412372586,0.032990531266920385,-0.19413419915341543,-0.2641917338440399,-0.2641917338318377,-0.19408536455819073
12438.202,3.5637745791741327,0.06121425811718273,3.510637889748527,0.03221831375263605,-0.1966861841288366,-0.26666252235817745,-0.26666252234560367,-0.19663634098680938
12438.222,3.566657764022816,0.060635976969714976,3.5134520370278484,0.03144366668091347,-0.19919255718765058,-0.2690866245727728,-0.26908662455982707,-0.19913669650560223
12438.242,3.5695192656878394,0.060054651645026165,3.516247812944496,0.03066759087606151,-0.20165430160559145,-0.27145979467603415,-0.2714597946627266,-0.2015961856134846
12438.262,3.5723864809976598,0.0594648748884069,3.5190450762777425,0.029883272196470786,-0.20406491458063267,-0.27379389048664327,-0.2737938904729624,-0.20399632891145994
12438.282,3.575238670903211,0.05887115329416364,3.521827372705357,0.029096222593775017,-0.20639210926824675,-0.2760563308822986,-0.27605633086824816,-0.20631827884550144
12438.302,3.578084993942084,0.05827179630295597,3.524603932258456,0.028304365391103117,-0.20868646194652027,-0.2782954475751552,-0.2782954475607314,-0.20861128585494457
12438.322,3.580970533390596,0.05765731456838933,3.52737439598427,0.027508710727413777,-0.21076867674571678,-0.28058218660019074,-0.28058218658537426,-0.21070357782956456
12438.342,3.5837752608697886,0.05705373012188218,3.5301016874454736,0.026716057844671168,-0.2131889240859087,-0.2829270569778232,-0.28292705696263004,-0.213128557047862
12438.362,3.586539131157733,0.056451927071336006,3.5327897962835846,0.02592742273698347,-0.2155826434363798,-0.285230056817481,-0.2852300568019274,-0.2155129834507253
12438.382,3.589291844058766,0.055845783129003936,3.5354680446398596,0.025135592732769683,-0.21786352678070292,-0.2874222584161676,-0.28742225840025304,-0.21777344082156824
12438.402,3.5920542436986764,0.05523116256346883,3.5381458283361766,0.024339961187901084,-0.22000396900341876,-0.2894238093550191,-0.28942380933874295,-0.21989042397878433
12438.422,3.594793592797187,0.05461588207680313,3.5408094534821513,0.02354081917250376,-0.22186378755765485,-0.29124626577687807,-0.2912462657602541,-0.22174121747163072
12438.442,3.597523568520915,0.053997485035888616,3.5434662518707905,0.022739500734490495,-0.2236512218826445,-0.2929898168790098,-0.29298981686204906,-0.22352051775804296
12438.462,3.600262774971514,0.05337198734753749,3.5461294162802295,0.021931339238978765,-0.2253099722489729,-0.29461994097854083,-0.2946199409612395,-0.22515978405009177
12438.482,3.6029902566238907,0.052744641642087066,3.5487808540887307,0.021122952178994896,-0.22685112224691412,-0.29615689905547576,-0.29615689903782777,-0.22670335669501882
12438.502,3.6057001524406664,0.052116918970760776,3.5514142973781357,0.02031568550366855,-0.22839502863890696,-0.29769696424530234,-0.29769696422730424,-0.22824318334879865
12438.522,3.608389338324748,0.05148962635073556,3.554026128956484,0.019509975417787217,-0.22995044252992686,-0.29924535832672644,-0.29924535830838694,-0.22980410857096253
12438.542,3.611067792678852,0.050860383640032016,3.5566272935841394,0.018703096220377777,-0.2315415496935962,-0.300821071216545,-0.3008210711978623,-0.23139819288447885
12438.562,3.6137866686798863,0.05021717584725814,3.5592231786950865,0.01789419873006548,-0.23285147326867836,-0.3023922935550436,-0.30239229353601077,-0.23270538137507094
12438.582,3.6164488190621897,0.049583643635400444,3.5618084270504538,0.017083795637601117,-0.2344019458311928,-0.3039236256471825,-0.30392362562780967,-0.23425006802124354
12438.602,3.619112567715751,0.048945431519895846,3.5643940627848694,0.01626922060568876,-0.23591047559504838,-0.3054143388886142,-0.3054143388689022,-0.2357552452717264
12438.622,3.6217685270203135,0.04830491705044822,3.5669715649092506,0.015453174637293919,-0.23736686773008647,-0.30685734976037254,-0.30685734974032614,-0.23720646424888392
12438.642,3.6244183491607953,0.047661840929923434,3.5695423641895703,0.014635410386761964,-0.23879950175038792,-0.3082731550210989,-0.3082731550007195,-0.23863848739695087
12438.662,3.6270572716760023,0.047017461162014815,3.572103261294674,0.013817072856758117,-0.24016825895107047,-0.30961735318875605,-0.3096173531680528,-0.23999027204837667
12438.682,3.629696299670165,0.04636949020357088,3.574657851755555,0.012996540422788236,-0.2413670380865283,-0.3108249497741712,-0.31082494975314046,-0.24117950576736175
12438.702,3.6323002359630756,0.04572690590237287,3.5771772009569323,0.012183213758500781,-0.24250527195347207,-0.3119726815738602,-0.31197268155252117,-0.242311463445571
12438.722,3.634889300224553,0.045084938216584235,3.579682531521214,0.011371486304326458,-0.2435943752249577,-0.31307633609475916,-0.313076336073116,-0.24339805889623004
12438.742,3.637471339727976,0.04444175006373719,3.582180643800411,0.010559278936553581,-0.2446697436834829,-0.3141607518142233,-0.3141607517922768,-0.2444731600538007
12438.762,3.6400442264519626,0.043797956868946726,3.5846684377585665,0.009747658973054556,-0.24567860140307002,-0.31517618001625614,-0.31517617999401315,-0.24546661910433554
12438.782,3.6425985032249897,0.04315628162104407,3.5871393216149063,0.008939212301462983,-0.24655644103025653,-0.31607982512081145,-0.3160798250982834,-0.24633747825852537
12438.802,3.645197055207334,0.04250121820922514,3.589607866172609,0.00812997495522168,-0.24713379498927152,-0.31697156830322115,-0.31697156828040357,-0.24691845728026504
12438.822,3.647738906192804,0.04185875953332619,3.5920659065839646,0.007321164722508984,-0.24799344284983196,-0.3178541521985826,-0.31785415217548535,-0.24777332254594342
12438.842,3.650279720587452,0.041214292345612046,3.594519624014238,0.00651122288033818,-0.24883223416885236,-0.3187267926089107,-0.3187267925855354,-0.24862041725223188
12438.862,3.6527980988231925,0.040573135199417285,3.5969493572889797,0.005705742102211528,-0.24976112152181817,-0.31967457998121096,-0.3196745799575539,-0.24955048998858065
12438.882,3.655303073174639,0.0399328953534443,3.599365436149479,0.004902399391576307,-0.2506993359826708,-0.3206243185788802,-0.32062431855493806,-0.2504865512167952
12438.902,3.657788955219367,0.03929513775827287,3.6017645403466956,0.004102464382881982,-0.25158185725151844,-0.3215226079499916,-0.3215226079257868,-0.2513706897009421
12438.922,3.6602727315864505,0.03865550650252913,3.6041599250649305,0.0033011396803898736,-0.25251242236116933,-0.3224625612043743,-0.3224625611798969,-0.25230087997062994
12438.942,3.6627481401199944,0.03801557728593878,3.606547445173808,0.002500212687155388,-0.253441345992042,-0.32339633556200365,-0.32339633553725233,-0.2532304908606044
12438.962,3.665215927178427,0.03737520111873853,3.6089276704030055,0.001699502833572057,-0.2543331774503034,-0.3242921191926827,-0.3242921191676602,-0.2541141156867767
12438.982,3.667678229317731,0.036733994648896574,3.6113029684509477,0.0008984968957217998,-0.25515913318503597,-0.32511191397457995,-0.32511191394929106,-0.25492725055066123
12439.002,3.6701389264884794,0.036091289153107234,3.6136783696294925,9.614368517681777e-05,-0.2557580414715437,-0.32573131459507054,-0.3257313145695281,-0.25549819592465817
12439.022,3.672612610398688,0.03544386179856766,3.616063143001354,-0.0007103795031886987,-0.25621172045641577,-0.32624105599635145,-0.3262410559705489,-0.2559529404953745
12439.042,3.675116146196772,0.034787403002054657,3.6184274316480938,-0.0015115167607814973,-0.2564154515064116,-0.3267929053678965,-0.3267929053418333,-0.2561656923467341
12439.062,3.6775507602061905,0.03414840059527087,3.6207712899954436,-0.0023076824184331515,-0.25692152051580536,-0.32733408876313386,-0.3273340887368209,-0.2566631272651388
12439.082,3.679968014231804,0.03351276495966076,3.6230971767568003,-0.003099336149992371,-0.25734811408754865,-0.3278030535846431,-0.327803053558096,-0.25708383627608605
12439.102,3.6823760603256552,0.03287850805976391,3.6254152120477046,-0.0038891928400190444,-0.2577299262484782,-0.3282310936496704,-0.3282310936228917,-0.25746269359231444
12439.122,3.684782675630752,0.03224367300382517,3.6277313576897825,-0.004679248919781922,-0.2580915504856603,-0.32863588409948014,-0.328635884072471,-0.25781121402644375
12439.142,3.68718262763278,0.031609764771622,3.6300419235916075,-0.005468097363450668,-0.2583946096474084,-0.32898486282927647,-0.32898486280205813,-0.2581235585888979
12439.162,3.689584876364177,0.030974436593851712,3.63235362572703,-0.006258252821672727,-0.2587033149775292,-0.3293380124343681,-0.3293380124069313,-0.25842798089694863
12439.182,3.6919830180788327,0.0303394500840987,3.6346616832765952,-0.007047701563370731,-0.2589763974014528,-0.3296579796907541,-0.32965797966310023,-0.2586981975699635
12439.202,3.6943769281993415,0.02970491654346723,3.6369632500608957,-0.007835744249035494,-0.25922184215666905,-0.32996546248600855,-0.32996546245813996,-0.2589484777286213
12439.222,3.6967495306648646,0.02907528831583446,3.6392408664458586,-0.008617769666895566,-0.2595908666053266,-0.3303827680195519,-0.3303827679914675,-0.2593299391922711
12439.242,3.69911237719551,0.028447184144546556,3.6415064947684894,-0.009396957866605826,-0.26004333087540815,-0.33085893493947843,-0.3308589349111689,-0.25978004545968375
12439.262,3.7014439144117945,0.027826415167777906,3.643743833851244,-0.010167399047758296,-0.26038017313473916,-0.3312321548745567,-0.33123215484605456,-0.26011034141330747
12439.282,3.7037707299357865,0.02720605030392578,3.6459762635400725,-0.01093704349952443,-0.26073250366630984,-0.3316257644918199,-0.33162576446311737,-0.26046697102914157
12439.302,3.706145214558876,0.026572603813442588,3.648204227271857,-0.011705699578975466,-0.2608271379625927,-0.332076164961743,-0.332076164932825,-0.2605631637669541
12439.322,3.7084626173336654,0.025953576256202954,3.6504278778705808,-0.01247424785661426,-0.2612250865631221,-0.3325023452565341,-0.3325023452274121,-0.2609600519890551
12439.342,3.710779515063181,0.025333708403436597,3.6526510963294117,-0.013243574576040048,-0.26161349898382896,-0.332911614813227,-0.3329116147839022,-0.26134813126545153
12439.362,3.7130984644210754,0.024712382566352747,3.6548751434994964,-0.014013819555625074,-0.2619134242279487,-0.33323045650755045,-0.3332304564780257,-0.26162410034820704
12439.382,3.7154081839861375,0.02409308636421478,3.6570881724260347,-0.0147806760978477,-0.2620159500535429,-0.33338555216986515,-0.3333855521401613,-0.2617235184378147
12439.402,3.717701445605041,0.023477938720383472,3.6592842511240824,-0.015542419878261186,-0.26212624096145504,-0.3335482342807857,-0.3335482342509028,-0.2618327197525997
12439.422,3.7200389402741614,0.022850937970781308,3.661471804277286,-0.016301153330673553,-0.26191784890571473,-0.33371580366785847,-0.33371580363778736,-0.2616235994780532
12439.442,3.7223088440616783,0.022242324335100736,3.66364513787285,-0.01705568434887434,-0.2620000639185403,-0.33384529940159685,-0.3338452993713529,-0.261702658084117
12439.462,3.7245756491893123,0.02163439664059781,3.6658156036982277,-0.017809232583978374,-0.2620299945820652,-0.3339252279776395,-0.3339252279472277,-0.2617252552652967
12439.482,3.7268396150028553,0.02102723183678907,3.667982337507607,-0.01856143386805752,-0.26200527827391434,-0.3339609337970642,-0.33396093376648983,-0.2617022146249203
12439.502,3.72909176904313,0.020423269021488534,3.6701368168193156,-0.019309862261190497,-0.26200650412552834,-0.33401464308668377,-0.3340146430559554,-0.26169567812885414
12439.522,3.7313428421601493,0.01981961124796374,3.672291347857841,-0.020058208950894357,-0.2620004946138046,-0.33405760861313916,-0.33405760858226907,-0.2616965640176823
12439.542,3.7335971325471875,0.01921508716358956,3.674447997984116,-0.020807284380921116,-0.2620033773338291,-0.3341133538965715,-0.33411335386554836,-0.26169976586530164
12439.562,3.735899377556926,0.018598259033812684,3.6765981591787065,-0.02155397513201742,-0.2617062758544997,-0.33419953686370624,-0.3341995368325188,-0.26140501849784425
12439.582,3.738136776728305,0.0179989251247289,3.678735794786037,-0.022297156741923077,-0.26174903140113,-0.3342902089724863,-0.33429020894113703,-0.2614496354401306
12439.602,3.740363483127826,0.01740235031415315,3.6808631785142416,-0.023036947011431472,-0.26178580419777203,-0.3343724716246635,-0.33437247159315403,-0.2614836082869989
12439.622,3.7425815912224216,0.01680802601934371,3.6829821043040654,-0.023773921952506948,-0.26179674379053347,-0.334430124392157,-0.3344301243604915,-0.26149288646621105
12439.642,3.744792761919355,0.01621556276907662,3.685095128315543,-0.024508930369116208,-0.2617841619845261,-0.3344658417579341,-0.3344658417261231,-0.2614796288854505
12439.662,3.7470082329135277,0.015621971271882088,3.687211611597366,-0.025245118144427908,-0.26177907945212375,-0.33451135521671016,-0.3345113551847462,-0.2614744912155827
12439.682,3.7492778869861714,0.015014145891160144,3.6893273512666154,-0.02598068178980557,-0.2614590653861426,-0.33457309162027765,-0.33457309158814924,-0.26115254164383594
12439.702,3.751487276677182,0.014423006155624555,3.691438837451571,-0.026714921321191392,-0.2613996115989287,-0.33456342610495304,-0.3345634260726764,-0.2610880371150484
12439.722,3.753702110496161,0.013830578340067132,3.693555444975923,-0.027450768099280216,-0.2613281987765775,-0.33454340713291447,-0.3345434071004902,-0.2610173534434146
12439.742,3.7559211899941913,0.013237176531510238,3.695674703850468,-0.028187483047196288,-0.2612629911545326,-0.33453010480247364,-0.33453010476990175,-0.26095257300498487
12439.762,3.7581330153446206,0.012645850513842755,3.6977836943799622,-0.02892105652358468,-0.2612254417413412,-0.3345404414933342,-0.33454044146062123,-0.2609225968574464
12439.782,3.7603277265742654,0.012059153268825314,3.6998741183718242,-0.029648741501991815,-0.26120776095392234,-0.33456648271689915,-0.33456648268405437,-0.2609023484657318
12439.802,3.7625087816152134,0.01147613895327524,3.701951611940591,-0.030372064782365267,-0.26119622545205945,-0.3345984709676249,-0.33459847093464673,-0.26089141685866896
12439.822,3.7646847017880383,0.010894514516107444,3.7040253724152774,-0.03109395087501237,-0.26119232694000055,-0.33463582630485633,-0.33463582627174077,-0.26088791530381933
12439.842,3.766859221971297,0.01031327181871385,3.7060979487417605,-0.031815386305273655,-0.26118923430563135,-0.33467292072553795,-0.33467292069228366,-0.2608848301815516
12439.862,3.7690319578715625,0.009732514203644424,3.7081688488210003,-0.03253623283347077,-0.26118520947005364,-0.3347083926875492,-0.334708392654156,-0.26088069825083915
12439.882,3.7712032425612314,0.009152154069107145,3.7102378096468724,-0.03325640661069085,-0.2611811095209806,-0.3347416109612537,-0.3347416109277223,-0.26087660330834755
12439.902,3.773367622450094,0.008573650607765024,3.7123014605280007,-0.03397480825578046,-0.26116469735690967,-0.3347613817819088,-0.3347613817482487,-0.26085399005094545
12439.922,3.775541906196641,0.007992573399915612,3.7143726730906717,-0.034695825919157396,-0.26114085308903034,-0.3347779339142175,-0.33477793388042554,-0.26083634135258355
12439.942,3.7777121938197014,0.0074125831010936815,3.716438939537107,-0.035415268459381304,-0.2611365765740875,-0.33480959111240016,-0.33480959107847635,-0.2608320637853124
12439.962,3.779932961800782,0.006819794607912573,3.718497226325961,-0.03613183432780078,-0.2607771909489268,-0.3348370925441722,-0.3348370925101065,-0.2604635613601344
12439.982,3.7820811312363816,0.006246618688137299,3.7205395915548314,-0.03684327773922719,-0.260719967155127,-0.33482213828585844,-0.3348221382516689,-0.2604108776769423
12440.002,3.784223929401222,0.005674991715594601,3.722576923850012,-0.03755290597188059,-0.2606721319821195,-0.3348154822732612,-0.33481548223894336,-0.26036349407909154
12440.022,3.7863638620378732,0.0051042338085544115,3.7246109756886976,-0.03826131512496712,-0.26062860903941426,-0.3348093789333341,-0.3348093788988892,-0.2603203783214822
12440.042,3.7884955170480903,0.004535789302016443,3.726638487467639,-0.03896747119934156,-0.26056542619950046,-0.3347851352138821,-0.33478513517932307,-0.26025417201255535
12440.062,3.7906385871059536,0.003964457441223852,3.728675536974965,-0.03967679307421384,-0.26051127581091077,-0.33477433035488946,-0.3347743303202069,-0.2602033650508757
12440.082,3.7928380035797935,0.003378244910623378,3.7307116788124874,-0.04038554820906157,-0.2601506776131386,-0.3347981135148699,-0.33479811348005334,-0.2598398839843246
12440.102,3.79497893301184,0.002808464640603312,3.7327480171797442,-0.04109430250674951,-0.2600634200975458,-0.33475084776311614,-0.33475084772817687,-0.2597507452165906
12440.122,3.797126458483382,0.002237126831962691,3.7347906699157427,-0.04180508355929296,-0.25998117188750103,-0.334706968225583,-0.3347069681905219,-0.25966922759049965
12440.142,3.7992806443580767,0.0016641997893787025,3.736837864797115,-0.04251733828913124,-0.2599040982155978,-0.3346701605921869,-0.33467016055700427,-0.2595981096977062
12440.162,3.8014256191540854,0.0010938435056048175,3.7388730513345334,-0.043225739813512076,-0.2598655214664038,-0.33464876993654946,-0.33464876990125586,-0.25954721312496315
12440.182,3.8035582962127537,0.0005270494433565054,3.740895729675102,-0.04392960109388568,-0.2596455497535767,-0.33447750628650075,-0.3344775062511212,-0.25931726803960536
12440.202,3.8056903443914907,-3.903038141543553e-05,3.7429177238459728,-0.04463252326605362,-0.25939564634430234,-0.3342859603584383,-0.3342859603229633,-0.25906568295939925
12440.222,3.807877730455864,-0.0006189274975166262,3.7449384927174427,-0.04533428583147113,-0.2588050386838108,-0.33410144721432833,-0.33410144717874646,-0.2584736428839102
12440.242,3.810003110331567,-0.0011812820064522572,3.746955343800742,-0.04603420920885747,-0.258514502719153,-0.3338642954616821,-0.33386429542600826,-0.2581795572183427
12440.262,3.8121320241711465,-0.0017438595536556423,3.748975247679977,-0.04673444765054921,-0.2581752649148391,-0.33358313527839906,-0.33358313524263816,-0.25783411811556994
12440.282,3.8142633332101066,-0.0023062358229139967,3.7509973540398693,-0.047434602784380726,-0.2577872449758827,-0.33325957601355777,-0.3332595759777146,-0.2574425391356007
12440.302,3.816398230467768,-0.0028686373882567916,3.753021964881139,-0.04813476239796342,-0.25736941307219924,-0.3329072887584227,-0.3329072887225001,-0.25702003708032495
12440.322,3.8185295474955097,-0.0034290886243900243,3.7550432177073323,-0.04883293206309908,-0.2569038965201072,-0.3325136530412361,-0.3325136530052466,-0.2565519441861378
12440.342,3.820665635076847,-0.003989706556957763,3.7570670174198613,-0.04953107509857146,-0.2564229130650454,-0.3321155618818771,-0.3321155618458226,-0.2560753640933072
12440.362,3.822850106272163,-0.00456155317849885,3.759080897154715,-0.05022527819986097,-0.25567740693226165,-0.331782194662789,-0.331782194626663,-0.2553304250663272
12440.382,3.8249707754240303,-0.005115363143245104,3.7610882431906547,-0.05091649380494743,-0.25519974266787127,-0.3313783754800258,-0.33137837544384574,-0.2548472355424745
12440.402,3.8270962496321443,-0.0056693294829695175,3.763099615846468,-0.05160799686796844,-0.25472163546495724,-0.3309763697459059,-0.33097636970966166,-0.25437018455788996
12440.422,3.8292202686087617,-0.006221839872291398,3.76510925825525,-0.05229793985574151,-0.2542486149551351,-0.33057456219847436,-0.3305745621621674,-0.25389714179834616
12440.442,3.831338589211249,-0.006771785571558771,3.7671146743968476,-0.05298543680637863,-0.25374230467630904,-0.330138116801074,-0.33013811676471744,-0.25338188104354364
12440.462,3.8334663230426536,-0.007322930511015241,3.769127151143402,-0.053674307773563926,-0.25317190284061125,-0.32965043828529544,-0.32965043824889223,-0.25280991280097
12440.482,3.8355932079249677,-0.007872549640744176,3.7711390588487412,-0.05436186195079409,-0.252600307705468,-0.32915987984207723,-0.3291598798056302,-0.25224084166838234
12440.502,3.8377286132035002,-0.008423062782153722,3.773160642067757,-0.055051354429756304,-0.2520055855317533,-0.3286447844602584,-0.32864478442376466,-0.25163882656491704
12440.522,3.83987301961875,-0.008974474138152699,3.775190864675846,-0.05574239314218951,-0.2513625025784854,-0.32808741187991386,-0.3280874118433766,-0.2509923467898083
12440.542,3.842023804468975,-0.009526017065988903,3.7772255153943535,-0.0564335979025125,-0.2506938292320961,-0.3275114726568899,-0.32751147262031344,-0.2503252817721516
12440.562,3.844169882075147,-0.010074853709386693,3.7792533713244945,-0.057121378668598566,-0.2500500017342539,-0.3269478798716464,-0.3269478798350393,-0.24966556061886283
12440.582,3.8463124240715505,-0.010621186322132645,3.7812773344577915,-0.057806444521009796,-0.24930244164406676,-0.3262977701408785,-0.3262977701042575,-0.24892300170304202
12440.602,3.8484562610970445,-0.01116613511610925,3.7833022949881983,-0.05849049892928218,-0.24853496210814827,-0.32563150553906844,-0.32563150550242664,-0.24815257163098495
12440.622,3.8506592195949016,-0.011724142728793688,3.7853312058291007,-0.05917433878269476,-0.24742292632742868,-0.32495411344732017,-0.3249541134106481,-0.2470380575530742
12440.642,3.85280164436408,-0.012264363570171997,3.7873556360575242,-0.05985488768028262,-0.246574698300292,-0.3242053875434106,-0.324205387506726,-0.2461821637140428
12440.662,3.8549494648322753,-0.012803930485461062,3.7893850045380817,-0.0605352037128438,-0.2456612977900415,-0.3233992152623295,-0.3233992152256391,-0.24526283061214654
12440.682,3.8571029270723614,-0.013342764185547367,3.791419053991695,-0.06121507953567155,-0.24469922049239878,-0.32254648795175705,-0.32254648791506746,-0.24429693354940654
12440.702,3.8592560302843406,-0.01387924132243575,3.793454000818639,-0.06189311724090945,-0.24366344353565228,-0.3216321939704902,-0.3216321939338182,-0.2432531300495642
12440.722,3.861424242357238,-0.014417054085525904,3.7955004950185827,-0.06257292464633235,-0.2426207633587514,-0.32071875901638547,-0.32071875897972973,-0.24221981535438097
12440.742,3.8635877236669467,-0.014951380015555866,3.79754143692672,-0.0632492609630221,-0.2416354835533789,-0.31985323995690573,-0.319853239920268,-0.24123155826400838
12440.762,3.8658165273231035,-0.015499074503731154,3.7995938568596674,-0.06392744156714823,-0.24030515548113884,-0.3189647744323814,-0.31896477439574566,-0.23989630582810312
12440.782,3.8679839634827045,-0.016028943458372077,3.8016373062306434,-0.06460035611408227,-0.2392081545404364,-0.3179912712282566,-0.31799127119164816,-0.23878883285145233
12440.802,3.870142858858374,-0.016554157267463083,3.803671051394532,-0.06526786067753997,-0.2380669350141368,-0.3169725478104648,-0.3169725477739025,-0.2376422888028385
12440.822,3.872303821588345,-0.01707714466368387,3.8057100423801553,-0.06593435232273781,-0.23679804197714666,-0.3158342097755037,-0.31583420973900755,-0.23635519915131467
12440.842,3.874482377429042,-0.017601264353770553,3.807764516457726,-0.06660295639148182,-0.23538122295049932,-0.3145700050168308,-0.314570004980416,-0.23493180315117088
12440.862,3.8766703453692255,-0.0181242935788677,3.8098281803476377,-0.06727154085752045,-0.233897650664451,-0.3132449710041101,-0.3132449709677851,-0.23344149293277666
12440.882,3.8789206622699344,-0.01865846969035739,3.811902445389427,-0.06794082540794803,-0.23203834463444675,-0.31185275010139685,-0.3118527500651621,-0.23157055658584116
12440.902,3.8811166462413595,-0.019175437697205276,3.8139714739787998,-0.06860478035714339,-0.23036296602102235,-0.3103553732046366,-0.3103553731685169,-0.22989335190650487
12440.922,3.8833073851169497,-0.019687276020270816,3.8160345667689843,-0.06926342591467297,-0.22866552145187838,-0.30884189858148886,-0.3088418985454948,-0.22818784333449685
12440.942,3.885508595304268,-0.020197577205710665,3.818106402599182,-0.06992127463860207,-0.2269351648354647,-0.3072921768317386,-0.30729217679586635,-0.22645590077480857
12440.962,3.88769898896022,-0.020701290908194586,3.820170225798668,-0.07057285655976137,-0.2251157991812458,-0.3056635109219389,-0.3056635108862153,-0.22462573176889308
12440.982,3.889902827131448,-0.021203793253175156,3.82224641350433,-0.07122451662317925,-0.22323700681482286,-0.30398243619551746,-0.303982436159945,-0.222741859123231
12441.002,3.892164051468496,-0.021714756917590283,3.8243308077856586,-0.07187495651453339,-0.22101349571676887,-0.30225636956443974,-0.3022563695290164,-0.2205140862096284
12441.022,3.894377016042524,-0.0222096483816349,3.8264170816210537,-0.07252240004734907,-0.21899732198756966,-0.30043643629461336,-0.3004364362593555,-0.2184872293851397
12441.042,3.896594731731568,-0.02270081025678102,3.82850693631072,-0.07316648558253916,-0.2168950387547846,-0.2985429632038176,-0.2985429631687327,-0.21637624469947322
12441.062,3.8988120697940944,-0.023186915358142,3.830595801777925,-0.07380586491702694,-0.21472922893566676,-0.29659767352449784,-0.2965976734895958,-0.2142065986781867
12441.082,3.9010244592162446,-0.023666902920970272,3.832677061043743,-0.07443849743920478,-0.21256278845188195,-0.29465393886973407,-0.2946539388350253,-0.21204512661979938
12441.102,3.903229249911339,-0.024140199824760275,3.834751774132804,-0.07506467936219555,-0.2103527231999724,-0.29267541487900856,-0.29267541484450776,-0.2098273673204154
12441.122,3.9054406503971206,-0.024609798442868615,3.8368336899289903,-0.07568858341168166,-0.2081355655897601,-0.2906859053479646,-0.2906859053136669,-0.20732417923893875
12441.142,3.9077099994962956,-0.02508582420555311,3.838927936336375,-0.07631208556984424,-0.2055836583144257,-0.28864627311603197,-0.2886462730819293,-0.20504923194953145
12441.162,3.909929746165041,-0.025546027603757432,3.841019511100427,-0.07692972491232772,-0.2032651256409673,-0.2865586954877339,-0.2865586954538434,-0.20272763157470114
12441.182,3.9121538331098007,-0.026001721415387515,3.8431150015878575,-0.07754380033889469,-0.20091649477013673,-0.2844404033018079,-0.2844404032681343,-0.20037567223651953
12441.202,3.9143777736032,-0.026451888117801116,3.8452098697698993,-0.07815328676813349,-0.19850937536042887,-0.28226556560063454,-0.2822655655671862,-0.1979602415224389
12441.222,3.9165992508533383,-0.02689590684217636,3.847300645339276,-0.07875675462934677,-0.19603233316543767,-0.28002777604183404,-0.2800277760086213,-0.1954775223576122
12441.242,3.918801379638688,-0.027330338588011118,3.849375299250009,-0.07935054543166926,-0.1934992693909641,-0.27774443611885763,-0.27774443608590366,-0.19266191939034896
12441.262,3.9210697841319218,-0.027771254785337103,3.851469478475382,-0.07994583440563856,-0.19065599024644098,-0.27543128288977514,-0.2754312828570651,-0.19009762271208192
12441.282,3.9233221408799945,-0.0282031703468814,3.853563503090227,-0.0805399919113968,-0.18826589441019315,-0.2731087643793245,-0.27310876434686326,-0.1876986448744971
12441.302,3.9255410730092755,-0.028622914912283408,3.855653969311304,-0.08112333228775943,-0.18565206588194452,-0.2707504835151776,-0.27075048348297537,-0.1850876688072637
12441.322,3.927764452878219,-0.02903750188479436,3.857747695555217,-0.08170239812716368,-0.1830467596132984,-0.2683888619482914,-0.26838886191634975,-0.1824814543430839
12441.342,3.929979070002063,-0.029444427482316047,3.859831600873989,-0.0822748047573931,-0.18034177950257044,-0.2659369252250674,-0.2659369251934001,-0.17975782797667023
12441.362,3.932185244282624,-0.029843525714755393,3.8619097177937314,-0.08283861815103483,-0.1776149256423267,-0.26347638109073795,-0.26347638105934856,-0.17704032942464887
12441.382,3.934402286562233,-0.030238399330691567,3.8640039204308594,-0.083401167201118,-0.17488102469196817,-0.26099451097975224,-0.26099451094864295,-0.17429623952525208
12441.402,3.936638000443079,-0.030630171479490143,3.8661147023256444,-0.0839625130778532,-0.17206093873166226,-0.2584432250042286,-0.25844322497340727,-0.1714732148179669
12441.422,3.9388795551154696,-0.031016448131268623,3.8682278866161313,-0.08451870005404781,-0.16925264591589217,-0.25590948123248997,-0.2559094812019561,-0.1686718374953792
12441.442,3.941116416668219,-0.031395509407106094,3.870336994213232,-0.08506826795587288,-0.16647642444108843,-0.25340294044534023,-0.2534029404150917,-0.1658935897948661
12441.462,3.943353885803611,-0.03176828618638488,3.8724481768112935,-0.0856128168927175,-0.16371181172473123,-0.25090677232716674,-0.25090677229720176,-0.1631332293697662
12441.482,3.9456439127668683,-0.032143205092631466,3.8745689455080514,-0.08615467603118517,-0.16070435953979803,-0.24841857275785678,-0.24841857272816642,-0.16011982618709095
12441.502,3.947890448266194,-0.032504134803591794,3.876692254585491,-0.08669116237980522,-0.15789202271574146,-0.2458658798447385,-0.24586587981533362,-0.15730551937070872
12441.522,3.9501429229762546,-0.03285949869758816,3.878820246567881,-0.08722313719147337,-0.15505728771000166,-0.24328615169205425,-0.24328615166293954,-0.15446834679605195
12441.542,3.9523862555354765,-0.033206833303513955,3.880940498127675,-0.08774786059999826,-0.152134892705831,-0.24063253912407215,-0.24063253909526824,-0.15153253474387046
12441.562,3.954632979772692,-0.033547901429417874,3.883061506824178,-0.08826673321825763,-0.14919681772198481,-0.23797888446675003,-0.23797888443826126,-0.14860444898891842
12441.582,3.95688202198718,-0.0338826553384888,3.885185066481981,-0.08878032109273953,-0.14632819626255253,-0.23538656203050973,-0.2353865620023279,-0.14573992710987693
12441.602,3.959184105371432,-0.034218458915153384,3.8873199439179356,-0.08929124942081432,-0.14322571837451692,-0.23280428117145704,-0.23280428114356821,-0.1426307636509464
12441.622,3.9614409005193236,-0.03454056645828412,3.8894541964529425,-0.08979591469737487,-0.14031397536614837,-0.23015854802789806,-0.23015854800031332,-0.1397180648820119
12441.642,3.963700167425333,-0.03485630248138606,3.891591473193575,-0.09029536825034619,-0.13738758915367733,-0.22750176291307608,-0.22750176288579688,-0.1367897257639457
12441.662,3.9659626926535716,-0.03516575023623259,3.8937325892421537,-0.09078976275580129,-0.13447829181937007,-0.2248613202255667,-0.22486132019859134,-0.13388588701438012
12441.682,3.968229646178666,-0.035469135754028006,3.895877270871478,-0.09127910549397837,-0.1316024034170196,-0.22224361233028767,-0.2222436123036149,-0.13101105118162198
12441.702,3.9704878305766735,-0.035764709548103964,3.898014586619227,-0.09176104201616045,-0.12868189161220475,-0.21958815627338168,-0.21958815624702693,-0.12808140191668743
12441.722,3.9727455292569647,-0.036053458007626916,3.9001505730650132,-0.09223711188465906,-0.12572873410331423,-0.21690522506073107,-0.21690522503469903,-0.12487494743413176
12441.742,3.975057384896886,-0.03634166135972583,3.9022998722019526,-0.09271058240670593,-0.1224844975666824,-0.21418695982271785,-0.21418695979699912,-0.12188138073773633
12441.762,3.977321130061255,-0.03661690688368366,3.9044437065320006,-0.09317639959895911,-0.11951514248476046,-0.2114892684296061,-0.21148926840420593,-0.11891692765910693
12441.782,3.97958975822946,-0.03688596373136996,3.906592698810717,-0.09363730534261837,-0.11658311729140561,-0.20882195966401204,-0.20882195963892694,-0.1159863338498574
12441.802,3.981861670030887,-0.03714866543423068,3.908745352580585,-0.09409303935945602,-0.11365418682291209,-0.20615563953834531,-0.206155639513575,-0.11305670434929056
12441.822,3.9841357615641724,-0.03740486045203854,3.910900541482948,-0.09454337575491828,-0.11071382488789476,-0.2034798991131159,-0.2034798990886608,-0.11011478603788769
12441.842,3.9864524195056936,-0.03765885442921487,3.9130565771330423,-0.09498808065394392,-0.10752305274082034,-0.20079838867450947,-0.20079838865036734,-0.10691568774964595
12441.862,3.988723762149571,-0.03790054025606127,3.915212579239827,-0.09542695900540288,-0.10448503628258138,-0.19803798445249582,-0.19803798442868384,-0.10388477769613695
12441.882,3.9909974111383355,-0.03813555463341398,3.9173679407776762,-0.09586005099734607,-0.10151372035247622,-0.1953326746271819,-0.19533267460369913,-0.10091115897591517
12441.902,3.9933168207877725,-0.038368688048157976,3.919532574558275,-0.09629455046939667,-0.09869091211554232,-0.19256563346082503,-0.19256563343766964,-0.09808225416991866
12441.922,3.995592313727221,-0.03859050086522313,3.9216903786001125,-0.09671649363119983,-0.0956569451106952,-0.18980482440815657,-0.1898048243853314,-0.09505027254194873
12441.942,3.99786992052094,-0.03880555993481875,3.923850798064742,-0.09713273247358711,-0.09263128450921393,-0.18705373820410393,-0.1870537381816076,-0.09202438337532254
12441.962,4.0001495969240874,-0.039013880139421545,3.9260155308386655,-0.09754363701310864,-0.08963401404600249,-0.18432353006646995,-0.18432353004429858,-0.08878823765650698
12441.982,4.002486184796786,-0.039219843091220875,3.9281986397131607,-0.09795243613197646,-0.08637055971044197,-0.18157014599338786,-0.18157014597153262,-0.08576593043535784
12442.002,4.004782689459123,-0.03941520852083874,3.9303792679613943,-0.09835419074820505,-0.08336228375527029,-0.17883125201839795,-0.17883125199686448,-0.08275704704777159
12442.022,4.007066818707943,-0.03960261379210675,3.932550086474851,-0.09874775325800664,-0.08034291464219716,-0.17606672014186828,-0.17606672012066582,-0.07973125116963611
12442.042,4.0093719343296845,-0.03978457623011469,3.9347342054695296,-0.09913703365383282,-0.07711315224581941,-0.17302726180545658,-0.17302726178459352,-0.07642471398671197
12442.062,4.011625327259746,-0.0399540824149774,3.936868087885088,-0.09951042744405099,-0.07289216496363227,-0.1691222983153184,-0.16912229829486575,-0.07213916549057603
12442.082,4.013817731508245,-0.04010911408584941,3.9389500454539914,-0.099865830159182,-0.06826073843226621,-0.16487281020974295,-0.1648728101897401,-0.06728086378945061
12442.102,4.0160318773678725,-0.04025495319339348,3.941025880686248,-0.10020546362394538,-0.06339304335853414,-0.1605928968781135,-0.16059289685856076,-0.06262762300105999
12442.122,4.018205345817221,-0.040387842488895896,3.9430953417746872,-0.100538828398216,-0.058738296768966566,-0.15631895687348013,-0.15631895685438227,-0.05797269152412439
12442.142,4.020380637191642,-0.04051068174332205,3.945166624383017,-0.10086333449777588,-0.054082588245397425,-0.1520455640077341,-0.15204556398909325,-0.05331664574481893
12442.162,4.02255158770585,-0.04062315496324129,3.9472314009853573,-0.10117895431032584,-0.0494496710676076,-0.147798864733888,-0.14779886471570464,-0.04869024642630225
12442.182,4.024702856506789,-0.040724669968365594,3.94928065146654,-0.10148364978430888,-0.04486475632329152,-0.14359336183409815,-0.14359336181637491,-0.04410553827243182
12442.202,4.026860693405719,-0.040816573949650006,3.951338514299953,-0.10177981813918617,-0.04026154846264014,-0.13936929838999662,-0.13936929837273349,-0.03929085956660957
12442.222,4.029068322552389,-0.04090007559202194,3.953414998218428,-0.10206374510054096,-0.03545332265359994,-0.13513499297951617,-0.13513499296271148,-0.034690268037711754
12442.242,4.031246861969629,-0.04097228139739289,3.9554953023820407,-0.10234338523343618,-0.030811631858293623,-0.1308712186473009,-0.1308712186309615,-0.03004538854799345
12442.262,4.033428465528523,-0.041034467388834546,3.957579700971698,-0.10261432990960302,-0.026199213811321818,-0.126637635241375,-0.1266376352254993,-0.025443266304875353
12442.282,4.03561469231184,-0.04108678400821307,3.9596692446821224,-0.10287683149157274,-0.021659766095275708,-0.1224666985815514,-0.12246669856613478,-0.020907335986168712
12442.302,4.037803652407711,-0.04112925616432157,3.961760034878851,-0.1031310689916296,-0.017147564301150633,-0.1183248639327233,-0.11832486391776435,-0.016404176300730742
12442.322,4.0399813670313645,-0.04116175671859029,3.963841527547931,-0.10337598495207342,-0.012695283799540633,-0.11423575916476517,-0.11423575915026009,-0.011950468462182824
12442.342,4.042202926192299,-0.04118471638669553,3.965936853103927,-0.10360765087494274,-0.008053595688688648,-0.11014652032396186,-0.11014652030990894,-0.007305346904444646
12442.362,4.044391779312969,-0.04119745075524073,3.968032743387451,-0.10383472396834299,-0.0036022380778840575,-0.10605790927259065,-0.10605790925899347,-0.002862865065185519
12442.382,4.046587386997898,-0.04120055501372061,3.9701353520257214,-0.10405371825823768,0.000764493615143243,-0.10204543546797795,-0.1020454354548292,0.0014989679220880853
12442.402,4.048782134684985,-0.041194143246301676,3.9722394669674275,-0.10426421420243298,0.0050591701864522035,-0.09809596459292995,-0.0980959645802277,0.005788242430557408
12442.422,4.050990477606107,-0.04117822769184049,3.9743563714724,-0.1044676101670184,0.00935569352886971,-0.09414215983712408,-0.0941421598248668,0.010086023663605496
12442.442,4.05325241157328,-0.04115260484095522,3.9764749753739994,-0.10466350494443245,0.01333425273988131,-0.09019865693598121,-0.09019865692416608,0.01406154733156539
12442.462,4.0554930795558874,-0.04111777762917142,3.9785967808879366,-0.10484522153980283,0.017712169639447946,-0.08634975669580035,-0.08634975668441858,0.018419711415737297
12442.482,4.057704903405455,-0.041074094995915175,3.980720273335566,-0.10502347810998608,0.021776053314742562,-0.08260877204858393,-0.08260877203762561,0.022481546499783536
12442.502,4.059922901170631,-0.04102128961349479,3.9828508079039775,-0.1051942107035989,0.025827896392122136,-0.07887706048771055,-0.07887706047717531,0.02653290824626155
12442.522,4.062148292060525,-0.040959283553719285,3.9849885890445886,-0.10535739987060734,0.029883317128541583,-0.07513920337665245,-0.07513920336654065,0.030590220565418057
12442.542,4.064372009346916,-0.04088828188796113,3.987126085970734,-0.1055124216199923,0.03395391106160002,-0.07139361112152387,-0.07139361111183724,0.0346612179672665
12442.562,4.066597250874617,-0.04080819378923119,3.9892643497272946,-0.1056593966060293,0.03796983079836868,-0.06770267941331992,-0.0677026794040531,0.038667563620673855
12442.582,4.068810213950642,-0.040719761628187974,3.991390294767671,-0.10579782534144117,0.04188147083621529,-0.06410398999262107,-0.06410398998376597,0.04256539411154527
12442.602,4.071023728604102,-0.04062272044020624,3.9935229447456906,-0.1059282922700475,0.04575165469241688,-0.060544548273012706,-0.060544548264565484,0.04643301298113817
12442.622,4.0732527045011535,-0.04051640889386062,3.995669625699208,-0.10605222123581838,0.049564487358376146,-0.057032828022978384,-0.05703282801493422,0.05024595505295869
12442.642,4.075487247958917,-0.04040128889721198,3.997822409549772,-0.10616881386315961,0.0533803777629391,-0.05352381046253387,-0.053523810454893,0.0540621594737927
12442.662,4.077725709414506,-0.0402774340800148,3.9999793952195697,-0.10627796822110076,0.05714056286662329,-0.05007176805700187,-0.05007176804975816,0.05780845765846253
12442.682,4.079963877301422,-0.040145307775857036,4.002137905558128,-0.10637973837642248,0.06078186572483826,-0.046725698072571126,-0.046725698065712994,0.06143881173057066
12442.702,4.082212019887651,-0.04000446750932347,4.004306086227599,-0.10647470048336871,0.06434613210819577,-0.04344316920676557,-0.04344316920028537,0.06500178811511338
12442.722,4.084463098004601,-0.039855403463193426,4.006478792268771,-0.10656210327913594,0.06789668044272114,-0.04017550929605385,-0.04017550928994995,0.06855148985479897
12442.742,4.086746061079952,-0.039695803262551524,4.008654655743457,-0.10663736042072423,0.07158832713508356,-0.03694329799051721,-0.036943297984785246,0.07223560129522885
12442.762,4.088993510800194,-0.03953072654896414,4.010826159379408,-0.10671105045927612,0.07502991313981079,-0.033780229061085444,-0.03378022905571841,0.07566852539009247
12442.782,4.091248334702368,-0.03935741116439667,4.01300565001154,-0.10677800311820992,0.07838633018226955,-0.030690556934106758,-0.03069055692909631,0.07901952215824065
12442.802,4.093507383053745,-0.03917619172805713,4.015189291986241,-0.1068383078333423,0.08170443987831746,-0.027637806137697705,-0.02763780613304003,0.08233519327307404
12442.822,4.09576317822018,-0.038987743189040996,4.017371542900536,-0.1068918581553401,0.08497268101661917,-0.024632210989264956,-0.024632210984956063,0.08559816508578733
12442.842,4.098026779279703,-0.038791221321033145,4.019561082460595,-0.10693880973080516,0.0882288500227397,-0.021643052585494517,-0.021643052581532728,0.08885478823800133
12442.862,4.1002946500021356,-0.0385869328469163,4.021756829072321,-0.10697853948542538,0.0914194453360512,-0.01871475946649879,-0.018714759462876894,0.0920314360365003
12442.882,4.102604102584221,-0.038371309139751224,4.023966809608278,-0.10700596297033597,0.09470189505023886,-0.015856743106355504,-0.015856743103064605,0.09530053451860807
12442.902,4.10487061971752,-0.038152599545826026,4.026159433290383,-0.10703429748967491,0.09769957522858479,-0.013100599323250962,-0.013100599320280251,0.09830090208330847
12442.922,4.107143671121057,-0.03792635936353872,4.028362154550659,-0.1070561725006376,0.1007076339207037,-0.01033293834667341,-0.010332938344023749,0.1013081632243862
12442.942,4.1094798488766,-0.03768670958390483,4.030575240338292,-0.10707272427487265,0.10339937010732117,-0.007562306895958733,-0.007562306893629657,0.10399986727836287
12442.962,4.111755726785947,-0.03744711297134121,4.032781651286099,-0.10708241039957345,0.10636004036676683,-0.004848441887898227,-0.0048484418858835455,0.10694822475348566
12442.982,4.114032803531129,-0.03720072080637354,4.034990122216746,-0.10708622427512916,0.10919688917229607,-0.0022431298530783974,-0.0022431298513655384,0.10977666062216475
12443.002,4.116313411637265,-0.03694747823045154,4.037203011699892,-0.10708325095053849,0.11197296389888949,0.00030308941696352164,0.00030308941838144997,0.11254878187096361
12443.022,4.118623363106086,-0.036684390973329206,4.039422179719307,-0.10706605765143451,0.11481393331153493,0.0027636543713932377,0.002763654372526004,0.11537967326254397
12443.042,4.120911688576479,-0.03641745561948814,4.0416408080790545,-0.10705320423092171,0.11742174121996364,0.005158620380985679,0.005158620381840939,0.11799155509631212
12443.062,4.123195763099069,-0.03614493780701587,4.043857798483918,-0.1070343037161017,0.12005669384161216,0.007569442752821001,0.007569442753397289,0.12061369553827245
12443.082,4.1254843366180305,-0.03586589202022905,4.046081068271107,-0.10701047789977891,0.12259381870589163,0.009893622096216016,0.009893622096523651,0.12314468304664603
12443.102,4.127778154271107,-0.03558035823345935,4.048309894954957,-0.10698144913268043,0.1250854033475968,0.01217753674938322,0.012177536749427178,0.12563314502130887
12443.122,4.130075663354678,-0.035288581650463106,4.050542856825481,-0.10694727303430712,0.12755215690123184,0.014439040282451339,0.014439040282234545,0.12809800688167963
12443.142,4.132375985176731,-0.034990700255492516,4.052779008963184,-0.10690798796814477,0.13000281965175725,0.016680521152909807,0.01668052115243493,0.13054733350994457
12443.162,4.134677391342174,-0.03468700086813114,4.055018326362754,-0.10686310177603889,0.13238460293722798,0.01885812963220209,0.018858129631476785,0.1326063708881979
12443.182,4.137071262246249,-0.03436588226836546,4.057272125230574,-0.10680875266045968,0.13453109284800657,0.020963881604637476,0.020963881603669854,0.1350584084422662
12443.202,4.139372615507012,-0.034051831137770654,4.059510631293507,-0.10675537958833219,0.1367197657863939,0.02296501169472254,0.02296501169352543,0.1372396915769154
12443.222,4.141674194741635,-0.03373265383349652,4.061753624005496,-0.1066973129324658,0.138860857272072,0.02491770470732876,0.02491770470590862,0.1393732251081618
12443.242,4.143994025556234,-0.033405924842980474,4.064013916961394,-0.10663442849373163,0.1409785946324982,0.026846393111830295,0.02684639311019026,0.14148995885170834
12443.262,4.146321397177247,-0.03307316081919766,4.066280637514304,-0.10656701573623537,0.14303142734213767,0.028715136976316794,0.028715136974464282,0.1435306854701022
12443.282,4.148643558986236,-0.032736373244700086,4.068542092518296,-0.10649522311157494,0.1450199405987419,0.030524455473546146,0.030524455471488767,0.1455155703165271
12443.302,4.15097002713415,-0.03239429484425392,4.070809122278057,-0.10641946734315216,0.14695652039310414,0.032288554735632406,0.03228855473337566,0.14744845956911404
12443.322,4.153298628833321,-0.03204733280281863,4.073079202923246,-0.10633895333469887,0.14886318667507747,0.03402199345846221,0.03402199345601009,0.14935192207694786
12443.342,4.155659024381743,-0.03169080316645063,4.075354462089666,-0.10624897272179902,0.15086753306068065,0.035697066662450254,0.03569706665980966,0.15134461783690004
12443.362,4.157979616255346,-0.03133590725490211,4.077618956655753,-0.10616184217206635,0.15263459843409305,0.0373008644771934,0.03730086447437353,0.15310566181706892
12443.382,4.160368455148486,-0.030966748640789004,4.079901042000994,-0.1060712666484496,0.15403875652370008,0.03886663087226931,0.03886663086927341,0.1545074826646958
12443.402,4.1627040194278395,-0.030602096784973144,4.082180710332559,-0.10597663814575708,0.15571944069573562,0.040392779299749736,0.04039277929658358,0.15618443838413246
12443.422,4.165038031233684,-0.03023372960427469,4.084460694777809,-0.10587858374655819,0.1573376018433412,0.04185536364024298,0.041855363636915714,0.15779662273738698
12443.442,4.167385306251477,-0.02985943635875631,4.086753439815739,-0.10577668970702894,0.15891049457013806,0.04327362571515297,0.04327362571167017,0.15936630060471602
12443.462,4.169739713797142,-0.0294802795468445,4.089053124011119,-0.10567131119571418,0.16040991049024617,0.04462309000912739,0.04462309000549743,0.16085419405742354
12443.482,4.172097275254609,-0.029097105797855047,4.091354595227324,-0.10556208569473617,0.161821402203111,0.04589139777837834,0.04589139777461094,0.16226562764723546
12443.502,4.174469324805561,-0.02870793481146543,4.0936455734592485,-0.1054435391929869,0.16329821861458155,0.047080422906016495,0.04708042290212126,0.16372581187250948
12443.522,4.176846531372075,-0.028314425661773543,4.095945648259373,-0.10532305252944883,0.16474801419933688,0.04825187403657308,0.048251874032551614,0.16517794659586485
12443.542,4.179201726457624,-0.02792127371790858,4.098248168547337,-0.10520594316238653,0.16606670555365585,0.04944165462191909,0.049441654617770524,0.16650043577464888
12443.562,4.181563554567156,-0.027523815552098645,4.100557245504286,-0.10508588529509122,0.16736306721727284,0.05060600324975898,0.05060600324548667,0.16778878538309616
12443.582,4.183975703590915,-0.02711517369502372,4.102870326206659,-0.10496401308995032,0.1682817732184411,0.051694812290701345,0.05169481228631411,0.168693480014157
12443.602,4.186345326197715,-0.026711267045708066,4.1051902147387604,-0.10483890906515596,0.16936561828106306,0.052662406495018195,0.052662406490531756,0.16977126601199957
12443.622,4.188728219778924,-0.026302486072609238,4.107522286207211,-0.10471093472788794,0.1704209472147627,0.053605967505295546,0.0536059675007125,0.17082498332389393
12443.642,4.191113280004768,-0.025890774798220263,4.109856147250218,-0.1045806606123579,0.17144670729007183,0.05451414540806355,0.0545141454033889,0.17184802910677463
12443.662,4.193496597226653,-0.025476953754100744,4.1121889389834845,-0.10444829908744349,0.17237921245298146,0.055344304292104074,0.05534430428734711,0.1727744107785388
12443.682,4.195892608980733,-0.025058634616646223,4.1145359232025,-0.10431351325444316,0.17330935363761404,0.05617334262702133,0.05617334262218217,0.1737009886283705
12443.702,4.198287709662504,-0.024638185576165195,4.116881105167648,-0.10417643871014286,0.17424147414793403,0.057001299153926266,0.05700129914900629,0.17463347749210537
12443.722,4.20068895936211,-0.02421437103105616,4.119233198923245,-0.10403722963143835,0.17515200646742668,0.05781048382961799,0.05781048382461929,0.17554227815553147
12443.742,4.203092844421452,-0.023787854831532857,4.1215876072701345,-0.10389605990448152,0.17604607811344705,0.058599033048757077,0.058599033043682476,0.17643479093609812
12443.762,4.20553886983224,-0.02335190958558243,4.123941073820035,-0.10375391653383809,0.17658049892340433,0.05930755254081035,0.059307552535669876,0.17695076488616304
12443.782,4.207949164180308,-0.022920978480991984,4.126305393280457,-0.10360935425385308,0.1772427373823159,0.05987693213525508,0.05987693213006588,0.17760528192299088
12443.802,4.210371677042539,-0.02248628932749754,4.1286813748644295,-0.10346278738644399,0.17784514787683486,0.06039395634123317,0.06039395633600141,0.17820330839572307
12443.822,4.212801882442348,-0.022048757070698238,4.131065519425116,-0.10331360089899944,0.1784116302969644,0.060876624928825375,0.06087662492355504,0.17876488668535023
12443.842,4.215265874191404,-0.021603510035993003,4.133460611073548,-0.10315542843306647,0.17906184371275244,0.06131309187133584,0.061313091866030685,0.17941380617681257
12443.862,4.217704972481695,-0.02116139629309259,4.135853808033828,-0.1030044967371613,0.17955912228904936,0.061735855165884986,0.061735855160548136,0.17990675263685263
12443.882,4.220148604551428,-0.020717254556562703,4.13825045993578,-0.10285231532098155,0.18002016335092688,0.06212940413851194,0.06212940413314697,0.18036493322079464
12443.902,4.222587122733161,-0.0202728767244765,4.140641469794261,-0.1026991434244534,0.18048380743838288,0.06252286492209227,0.06252286491670034,0.18082867172799227
12443.922,4.225029202303625,-0.01982671419723654,4.1430362121003865,-0.10254509228637296,0.1809228494518966,0.06288636831426271,0.06288636830884713,0.18126055837509714
12443.942,4.227509688322725,-0.019372849026687997,4.145429144912619,-0.10239135535689152,0.1809810357865623,0.06314927637441756,0.06314927636899144,0.1813108861896149
12443.962,4.229960339559959,-0.018924086869759216,4.147835145752201,-0.10223567067733079,0.18122761732942386,0.06332851430858112,0.06332851430315378,0.1815474787760241
12443.982,4.232415085482549,-0.018474095585579543,4.150244244750315,-0.10207837778005979,0.18135355265932346,0.063406185032201,0.06340618502678376,0.18166418226304568
12444.002,4.23490417311033,-0.01801752695314596,4.152666257279641,-0.10191498114858236,0.18159771033039362,0.06345706301169958,0.06345706300629422,0.1818984050758665
12444.022,4.237373236172204,-0.017564116857381372,4.155092411145955,-0.10175776102624953,0.18164029772178938,0.06346840432859228,0.06346840432320362,0.1819490699485943
12444.042,4.2398551741183494,-0.01710814976522675,4.157530757097442,-0.10159962642864423,0.18173938159525843,0.06352763235975344,0.06352763235437574,0.18205022106077912
12444.062,4.242341021512391,-0.016651209423127734,4.159972042585091,-0.1014410996076802,0.18182744240254448,0.0635772924248763,0.06357729241951118,0.18213497288852662
12444.082,4.244822516864275,-0.016194864309571164,4.162407778610726,-0.1012825492527323,0.18190692112400333,0.06361191195078345,0.0636119119454337,0.18221461167335598
12444.102,4.247343837869224,-0.015731252182903707,4.164845697021962,-0.10112478610378262,0.18164046497406058,0.06357066124714847,0.0635706612418238,0.1819369383779781
12444.122,4.2498453840315475,-0.01527186308406805,4.167306717078588,-0.10096548950095052,0.18159727114712435,0.06349399582331265,0.06349399581801678,0.18189422348033665
12444.142,4.2523606676391035,-0.014810057490637197,4.169780703217704,-0.10080548902361657,0.18155861389973507,0.0634220615089072,0.0634220615036396,0.18185599286804735
12444.162,4.254882408291703,-0.014347163565893122,4.172260735389939,-0.10064435492881237,0.18152236178742098,0.06335291136758116,0.06335291136234154,0.1818199259394283
12444.182,4.257432126507467,-0.013879133998527693,4.174747296267293,-0.10047724258391372,0.18162033850214623,0.06328400518994375,0.06328400518473122,0.18191480741754973
12444.202,4.259958350236261,-0.01341525945293288,4.177230611234993,-0.10031671148312399,0.18158576286272954,0.06322076769856295,0.06322076769337727,0.18188403099702694
12444.222,4.262482829256773,-0.01295177957115771,4.179712880604322,-0.10015635929097111,0.18155909069331416,0.06316462218993465,0.06316462218477527,0.18185758385659026
12444.242,4.265010313904792,-0.012487814157502558,4.182196036146471,-0.09999610923708908,0.1815350099132264,0.06310691716771354,0.06310691716258099,0.18183375196669607
12444.262,4.267559973343135,-0.01201990642822675,4.184663368700512,-0.0998373206302447,0.18121019831031265,0.06299171229422659,0.06299171228913095,0.18149306613106886
12444.282,4.270090708531786,-0.01155650099058814,4.187152900733847,-0.09967753056568125,0.1809841376200482,0.06273605195111902,0.06273605194607369,0.18125805115814286
12444.302,4.27262732168048,-0.011092697083916919,4.189646248071454,-0.09951775113017022,0.18071026688630643,0.06243881342853437,0.062438813423544536,0.18097956645498198
12444.322,4.275178490707485,-0.010627007572077702,4.192156951679963,-0.0993574548246545,0.1803909220274266,0.062099286131367046,0.06209928612643526,0.18065875574362264
12444.342,4.277768042424986,-0.010155108482011574,4.1946840724912375,-0.09919147601632718,0.18016903804439482,0.061720090601190755,0.06172009059631965,0.18042391865637075
12444.362,4.2803333417643685,-0.009688449983639814,4.197207369985988,-0.09903297588683588,0.17972520653918886,0.06127268065397773,0.06127268064917474,0.17998337248922763
12444.382,4.282907661735388,-0.009221293985812258,4.199737684496093,-0.09887509670109941,0.17930697044270516,0.06084632823349461,0.060846328228756755,0.17956637849251822
12444.402,4.285471911541987,-0.008757074535472437,4.202259668690014,-0.09871883947322149,0.17887174299678743,0.06038887560397282,0.06038887559930479,0.17912190718366588
12444.422,4.288085935638289,-0.008285284877402363,4.204791544712213,-0.09856346275899595,0.1780773793042773,0.059818460186900714,0.05981846018231392,0.17832150441494435
12444.442,4.290672765477639,-0.007820529742523692,4.207335152729345,-0.09840895745933022,0.17743206146669502,0.05915417681622841,0.05915417681173211,0.17766262539800598
12444.462,4.2932778214508796,-0.007354382451672395,4.209894445458718,-0.09825459930843894,0.17667784229860484,0.05837810837335355,0.05837810836895745,0.17689363427102417
12444.482,4.295912720066329,-0.006884982054095389,4.212461104539206,-0.09809615021499994,0.17590769243319132,0.05747790146723655,0.05747790146295104,0.17611354402208806
12444.502,4.298523136917149,-0.006422227675480526,4.2150271650248685,-0.09794641244134017,0.17500813314551125,0.056604866821134206,0.05660486681695656,0.17522341078700232
12444.522,4.301141432438812,-0.00596041561536682,4.2176006225253335,-0.09779835369940978,0.17416158253898986,0.05577599360764142,0.05577599360356638,0.17437842332535866
12444.542,4.303768057828555,-0.005499405638228083,4.22017857271489,-0.09765210514406479,0.17332694269243118,0.05494896701574724,0.05494896701177342,0.1735438333619343
12444.562,4.3063729559002395,-0.00504452342423772,4.222739429694064,-0.09750896661725002,0.17241727218959485,0.05403378457623982,0.054033784572378556,0.17262276710911256
12444.582,4.309053224788784,-0.004579662785926689,4.22533643661322,-0.09736601124208204,0.1711261685264676,0.05297939933804773,0.05297939933430843,0.17132324294422654
12444.602,4.311729675981968,-0.0041186444113821535,4.227941914425994,-0.09721951265089987,0.1701495030144286,0.051855966967188034,0.05185596696357661,0.17032465349498552
12444.622,4.3143815113207795,-0.0036648203255947387,4.230538021839506,-0.09708153691833667,0.16879773811919696,0.05051932738228824,0.05051932737882392,0.16895757380358867
12444.642,4.3170383963963905,-0.0032139409440720044,4.23314082994613,-0.09694796345652895,0.16741760092102295,0.04915561445601345,0.04915561445269648,0.16758428473026843
12444.662,4.319709862895647,-0.002764329223492226,4.235757722125034,-0.09681675607739766,0.16606016897440753,0.04780403626577978,0.04780403626260709,0.16637666797649509
12444.682,4.322415981676523,-0.0023123462003997166,4.238384724465511,-0.09668290685580125,0.16478368202029992,0.0464074512240338,0.04640745122100694,0.1649457176388773
12444.702,4.325080521536137,-0.001871204301238952,4.240995267117202,-0.09655973373459537,0.16334615892654258,0.044968774099756935,0.04496877409688109,0.16350124838523078
12444.722,4.327821202712887,-0.0014220707235301127,4.243643499208799,-0.09643878190461568,0.16158753308191992,0.04341728052467699,0.04341728052195814,0.1617282952986629
12444.742,4.330535005190858,-0.000981926959332445,4.2462960031979975,-0.09632190676101608,0.15999103041065935,0.041819497815868786,0.041819497813310035,0.16013220115069463
12444.762,4.333261499986726,-0.0005442171384613219,4.248958262990187,-0.09620879821839039,0.15836834328564797,0.040183446135461466,0.040183446133063835,0.15850703537976374
12444.782,4.335995198319432,-0.00010996073312386854,4.2516205084030165,-0.0960987826693248,0.15668574156652743,0.038462711165414096,0.03846271116318287,0.15681349571951125
12444.802,4.338748769995318,0.00032273651974166725,4.254280975816831,-0.09598790193561862,0.15503060255769047,0.03663432707229453,0.03663432707023645,0.15514478601520537
12444.822,4.341497309650675,0.0007496568005270001,4.256952256512952,-0.09588818839571875,0.15317142240776413,0.03475474406020822,0.03475474405832463,0.15329233077039645
12444.842,4.344227679442514,0.0011686055647185845,4.2596106940981,-0.09579383921287929,0.15133687517163724,0.032889480297756596,0.032889480296044965,0.15126091073406597
12444.862,4.347020326328987,0.0015913101582868076,4.262299986962942,-0.09570348682364255,0.1492463624291344,0.030965997647484957,0.03096599764594644,0.14935964657889608
12444.882,4.349799920150037,0.00200661176639109,4.26500394175872,-0.095618070522551,0.1473969175717045,0.029087939858522472,0.02908793985715077,0.14751677016167516
12444.902,4.352584856918813,0.00241750120533265,4.26771296031459,-0.0955377717132553,0.14556834339290262,0.027225533664209715,0.0272255336630012,0.14568735231096736
12444.922,4.355373012973179,0.0028236446955993903,4.270423995885381,-0.0954623250343552,0.14372949679735872,0.025354745174200513,0.025354745173153583,0.1438471846368185
12444.942,4.35816112276551,0.0032245252059724732,4.273133638310186,-0.09539181439676826,0.1418741846850361,0.02346640339704459,0.023466403396158506,0.14198991575185968
12444.962,4.360949675218147,0.0036201468681040893,4.275838738452282,-0.09532607063809727,0.13998971540111602,0.021529208602273517,0.021529208601550047,0.14010325437027238
12444.982,4.3637684991693755,0.004014442962367183,4.278545061595997,-0.09526582859467432,0.13784346765666428,0.019513160426670995,0.019513160426114253,0.1379444250718156
12445.002,4.366586377172598,0.004402426927406679,4.281278090392152,-0.09521093737358673,0.13580011696066688,0.017410568011923238,0.01741056801153749,0.13589492913714532
12445.022,4.369402559192587,0.004784319947874324,4.284006664806578,-0.09516085904090316,0.13375649343654025,0.01530991921348948,0.015309919213272169,0.13385079793805013
12445.042,4.37223811770556,0.0051631964226499264,4.286736608718025,-0.09511137765598435,0.13177039679381877,0.013151344519512985,0.013151344519466401,0.13185942059212893
12445.062,4.375064584975353,0.005534826218892085,4.289478822784929,-0.09507478206201243,0.12971670255243656,0.011053550380007639,0.011053550380124661,0.1298183516570761
12445.082,4.377907482174157,0.005902792696210282,4.292237406890226,-0.0950438225850714,0.12772577404241311,0.009016511791751846,0.00901651179202542,0.127830425246732
12445.102,4.380759268967266,0.006266171813218551,4.2950041185689,-0.09501743934507076,0.12575461464370366,0.006982848214489512,0.006982848214917073,0.12568408083723245
12445.122,4.383667777521538,0.0066302973743501215,4.2977790545782835,-0.09499018961863634,0.1235958313320053,0.004795441671021981,0.0047954416716130405,0.12367723308157247
12445.142,4.386554984593186,0.006985796580496172,4.3005857319845555,-0.09497862377006758,0.12146003817701717,0.0026191128356770877,0.002619112836428383,0.12156077283089958
12445.162,4.389467002192747,0.007338251814500597,4.303416933486073,-0.09497290437732465,0.11943813809320596,0.0005499095548590995,0.0005499095557599924,0.11953686670934685
12445.182,4.392398207910496,0.007686998835753035,4.306264617630904,-0.09497282189220632,0.11740298297950715,-0.001529617837988759,-0.0015296178369398495,0.11749828952144152
12445.202,4.395336058895778,0.008030435356657893,4.309117972473316,-0.09497706167043714,0.115345377687389,-0.0036186920928591654,-0.0036186920916637857,0.11543987915425406
12445.222,4.3982946104376754,0.008370415452822716,4.311978855148503,-0.09498384005314203,0.11344623802819545,-0.005700648284505628,-0.005700648283166666,0.11354495448401031
12445.242,4.40131827195948,0.008711503866322634,4.3148999245574675,-0.09500506537186568,0.11123185658881873,-0.007806746961065955,-0.007806746959581716,0.1113265382532501
12445.262,4.4043236127933865,0.009044020388611781,4.317828958806926,-0.09503276692929058,0.10916295860522748,-0.009921805387597607,-0.009921805385970895,0.10926373795660127
12445.282,4.407342223706618,0.009371697920490288,4.3207684207567105,-0.09506527032762419,0.10707805542546606,-0.012041916655740361,-0.012041916653973098,0.10717211362459199
12445.302,4.410403718075398,0.009697648907866306,4.323737181178934,-0.09510122172642581,0.10514565430175829,-0.014135139856181934,-0.01413513985427683,0.10524135518913588
12445.322,4.413476538176638,0.010018730649434053,4.326735895365739,-0.09515167071049666,0.10308570944754802,-0.016233869685320212,-0.016233869683278862,0.10318263849330084
12445.342,4.41657357621296,0.010335906860287462,4.329758046405257,-0.09520856443031869,0.10103024601769867,-0.018328155169080432,-0.018328155166904805,0.10112662445036395
12445.362,4.419714053768081,0.010650772284583292,4.332802268950183,-0.0952705376451892,0.09883069938819276,-0.020439227552076313,-0.020439227549766063,0.09891501867207803
12445.382,4.422855574502056,0.010958912214828882,4.3358569977023125,-0.09533449604841697,0.09688293935583829,-0.022531789111865774,-0.02253178910942459,0.09698395761450852
12445.402,4.426014305804309,0.011262757330351654,4.338948752042124,-0.0954139119204026,0.09492665524574757,-0.024529077811185348,-0.024529077808621586,0.09503690366438709
12445.422,4.429199952764429,0.011562998246819426,4.342066170773256,-0.09549966776715231,0.09302143809101261,-0.026480833576827876,-0.02648083357414655,0.09313474968284433
12445.442,4.432400421288303,0.01185848804631111,4.345194017452407,-0.09559026370227984,0.09107969912847456,-0.02845031749312693,-0.028450317490328652,0.09118487674922068
12445.462,4.435610600511902,0.01214890993283652,4.348327923098344,-0.09568326044335748,0.08938084742596047,-0.030301397675709295,-0.030301397672805697,0.08951352404435438
12445.482,4.438868300207327,0.012437890164157065,4.351517204388715,-0.09578818980973497,0.08767333208923994,-0.03199153855652256,-0.03199153855352383,0.08782627185564851
12445.502,4.442139195180545,0.012722870650717897,4.354724711897404,-0.09589845804240134,0.08611644172275242,-0.033563696097208384,-0.03356369609412498,0.08629711063882003
12445.522,4.4453694518627875,0.012999784454055387,4.357915204508666,-0.0960118570342557,0.08501242173044893,-0.034935530009238394,-0.03493553000609079,0.08520458907653912
12445.542,4.448622602811426,0.013275345151510907,4.36114184689324,-0.09613175574579585,0.08403488001350853,-0.03607617421030277,-0.03607617420710805,0.0842522067352754
12445.562,4.451901261359548,0.013550197308648634,4.364384580055433,-0.09625438721250698,0.08325611227443783,-0.03699344283609979,-0.03699344283287896,0.08348401089051342
12445.582,4.455213233319421,0.013825408154387457,4.3676714659885265,-0.09638077310823948,0.08255508056949284,-0.037817081276716805,-0.03781708127347522,0.0827788421234521
12445.602,4.458566303503604,0.014101800399933842,4.370995219166232,-0.09651045488490541,0.08195424503621122,-0.038606194691974065,-0.038606194688711855,0.0820684645542494
12445.622,4.461962307164538,0.014379617379045534,4.374368637477882,-0.09664509436722155,0.0813146960786874,-0.03937798512305055,-0.03937798511976638,0.08143859367603865
12445.642,4.465361408275074,0.014655609524642633,4.377744081073643,-0.0967818015648737,0.08070567355113574,-0.04009890742619879,-0.040098907422898414,0.08082298818102043
12445.662,4.468772009266529,0.014930608326969273,4.38112839941269,-0.09692012626139271,0.08022951485009924,-0.04072864435078546,-0.040728644347476674,0.08036591919200405
12445.682,4.472214965862772,0.01520665816837413,4.384550553277588,-0.0970617276686918,0.07979866671943157,-0.0412543787906312,-0.041254378787321216,0.07994303971169325
12445.702,4.475682132316838,0.015483257493985004,4.387997703684538,-0.09720528347130436,0.07942352001878898,-0.041723669567617805,-0.04172366956431023,0.07957111364963247
12445.722,4.479202066563714,0.015762481973560477,4.3914773158531055,-0.09734988593776216,0.07891430580871166,-0.042258232799166004,-0.04225823279585362,0.07904739050971922
12445.742,4.4827318179032725,0.016040595449406746,4.394973145385041,-0.09749847118516634,0.0783387717805359,-0.04284475255495386,-0.04284475255163517,0.07848163527862727
12445.762,4.4862580634123885,0.016316678574406093,4.398483721976855,-0.09764954532992622,0.07791277127830325,-0.04336567699155842,-0.043365676988240655,0.07804809545462589
12445.782,4.489818329824101,0.01659398411156474,4.40202607151365,-0.09780228409266398,0.077579391909624,-0.04382322181051389,-0.0438232218071997,0.07772882574687782
12445.802,4.493407134298569,0.016872382239088175,4.405597760193849,-0.09795756227507656,0.0772691143171995,-0.04422840051474625,-0.04422840051143947,0.07742444701289006
12445.822,4.497012767727103,0.017151044268231608,4.40918622523345,-0.0981143658185799,0.07700538857520464,-0.04458823543771526,-0.04458823543441918,0.07716283673441614
12445.842,4.500654839489737,0.017431265034576066,4.4127977789089305,-0.09827293958953116,0.07656944325363345,-0.045029248645232875,-0.04502924864194094,0.0767208178066141
12445.862,4.504291989439953,0.017709714728472752,4.416423117665646,-0.09843308334502825,0.07624482108882134,-0.04545750447917942,-0.045457504475895104,0.07639469228028167
12445.882,4.507958251907142,0.017989176875337808,4.420077840901106,-0.0985952002813095,0.07592979218969864,-0.0458806187289381,-0.045880618725661515,0.07608002433257552
12445.902,4.511652111952456,0.01826959396175434,4.423757354520829,-0.09875979881821202,0.07561619691966277,-0.04630398441814878,-0.04630398441488043,0.07577025182903391
12445.922,4.5153570844825355,0.018549768430567663,4.4274493920784295,-0.09892569951561506,0.07534652667773073,-0.04667753721314183,-0.04667753720988669,0.07550358373572263
12445.942,4.5191034732141695,0.018832049570340677,4.431166165155105,-0.09909355531148853,0.0749465735369574,-0.04708673070229227,-0.04708673069904627,0.07509450007480332
12445.962,4.522844469477647,0.019112305228850133,4.4348959943517645,-0.09926272252051754,0.07463598092380591,-0.04750508916463383,-0.047505089161395266,0.07479211849587226
12445.982,4.526604464321579,0.019392869884297184,4.438645545886823,-0.09943390222984168,0.07431683762835833,-0.04793659904858976,-0.04793659904535666,0.07446648464712073
12446.002,4.530381675729545,0.0196735574674791,4.442414757644042,-0.09960576537966342,0.07402561962436878,-0.04834571183141166,-0.048345711828184194,0.07417809949131535
12446.022,4.5341758294610015,0.019954346242763626,4.446197146183694,-0.09978030737034949,0.07371602937871474,-0.04878487082921256,-0.04878487082599027,0.07386822817163624
12446.042,4.53799431294487,0.0202357263411285,4.449989746868625,-0.09995645327763845,0.07333011720508473,-0.049227742160467165,-0.049227742157250294,0.07348963820648627
12446.062,4.541785286932043,0.020513641782910676,4.453771974450763,-0.1001330837576395,0.07301550467585084,-0.049648695555762526,-0.049648695552557416,0.07316726162462026
12446.082,4.545607865331077,0.020792637636987264,4.457585635549964,-0.10031195219244723,0.07269839909638169,-0.050075109363290946,-0.05007510936009579,0.07284981848579775
12446.102,4.549449344472731,0.021071814093042398,4.461421518821845,-0.10049148291384744,0.0723991056903189,-0.050472834147424726,-0.050472834144240426,0.07255263722891277
12446.122,4.553313403861316,0.021351475566910316,4.465274210444769,-0.10067386264446643,0.07209869844244887,-0.050894693685793385,-0.05089469368261991,0.07225191805544097
12446.142,4.557186303809268,0.021630604726503935,4.4691343584701695,-0.10085796325963325,0.07179831692149673,-0.05131306090687794,-0.05131306090371684,0.07195129307986559
12446.162,4.561052645688395,0.02190807475682621,4.47299517112224,-0.10104301803157129,0.07147680916722612,-0.05175273838907509,-0.05175273838592811,0.07155713891648507
12446.182,4.564931988337882,0.0221851905626242,4.476864817996996,-0.10123029138628516,0.07115303303079329,-0.05216626569203684,-0.05216626568890684,0.07123804551896616
12446.202,4.56882603367476,0.022462096543190584,4.480754263415235,-0.1014178512733569,0.07083639245807576,-0.052553518046009995,-0.05255351804289764,0.07092304282850398
12446.222,4.5727410395390775,0.022739286143822295,4.484656932668187,-0.10160831111867119,0.0705309778605012,-0.05295760423698662,-0.05295760423389245,0.07061729320056523
12446.242,4.576661977144533,0.02301570294047576,4.488565222405923,-0.10180052279874612,0.07022926348391163,-0.05335471559367556,-0.053354715590601225,0.0703153187095779
12446.262,4.580604312581814,0.02329221871246799,4.4924847688362215,-0.1019936083956792,0.06980942980339185,-0.05379906806240293,-0.053799068059345846,0.06989521056845964
12446.282,4.584543869993374,0.023566996534316615,4.496413304872081,-0.10219000428527238,0.06946390744171396,-0.05422291626404217,-0.05422291626100125,0.06954806827439933
12446.302,4.588481065934726,0.02384025707800224,4.500346778271415,-0.10238557334289228,0.06913050265164564,-0.054614538510182754,-0.05461453850715782,0.06921606309984994
12446.322,4.592435413234834,0.024113430771445277,4.504286563259419,-0.10258419037435604,0.06881368743300684,-0.05502670975619934,-0.055026709753188324,0.06890503267291191
12446.342,4.596370023116512,0.024383993766491235,4.50820801301212,-0.10278376767564183,0.06849643852299424,-0.05542984445296613,-0.05542984444997268,0.06858156874289664
12446.362,4.600316754054866,0.024654004305899452,4.5121349234817965,-0.10298398543759367,0.06808172890651339,-0.0558944752008712,-0.05589447519789381,0.06816115059381701
12446.382,4.604245518493084,0.024920891318289343,4.516063392680655,-0.10318692289101894,0.06753851335816982,-0.05647089272090915,-0.056470892717947446,0.06760595161999156
12446.402,4.60820388167623,0.02518770502657596,4.520013491892567,-0.10339239317174705,0.06707946255963455,-0.057007470982250445,-0.057007470979306106,0.06715339564818666
12446.422,4.612186595126092,0.025454413073621833,4.523985140528922,-0.10360091339663767,0.06665228152427562,-0.057514476965872335,-0.057514476962945565,0.06672325253307272
12446.442,4.616172911479497,0.02571958778282881,4.527957573881602,-0.10381187887446126,0.06619438312660894,-0.058051126045752986,-0.05805112604284367,0.06626506069421399
12446.462,4.6201369736130005,0.025981420524185152,4.531913853900689,-0.10402386162360433,0.0656989060370129,-0.05861093823628515,-0.058610938233398996,0.0657621129897264
12446.482,4.624128578064817,0.02624287452661578,4.535905115973969,-0.10423892826229919,0.06509172609511077,-0.0592554945093131,-0.05925549450644545,0.06514365503130592
12446.502,4.628150814084033,0.026503745265365062,4.539914882261009,-0.1044603894377966,0.0644378929774918,-0.05999752613091332,-0.059997526128059156,0.0644875262003719
12446.522,4.632165821380071,0.02676145660459842,4.543917056539809,-0.10468504042757204,0.0637574771764853,-0.06076453609345224,-0.06076453609061168,0.06380487272195239
12446.542,4.636177011704734,0.02701612610461084,4.5479152591208925,-0.10491308794756113,0.0630446829108558,-0.061572873145190034,-0.06157287314236317,0.06308773414212604
12446.562,4.640196351681967,0.027268107425830822,4.551917421977538,-0.1051435067100041,0.062151044457632094,-0.06251590821825218,-0.06251590821543532,0.06218087627198086
12446.582,4.6442283432993845,0.027517224892838046,4.5559497172942525,-0.10537579352238886,0.06126805209811886,-0.06346271200513405,-0.06346271200232428,0.06131074754513692
12446.602,4.648323780086048,0.027767119209110687,4.560030063089144,-0.1056092868801031,0.0606358656536448,-0.0642624804390558,-0.06426248043625288,0.06068814319020055
12446.622,4.652447144460749,0.028016144434014116,4.564136718394017,-0.10584661170176896,0.06000717649284685,-0.06506038321024644,-0.06506038320745075,0.06006112271673851
12446.642,4.656585996081375,0.02826349576879518,4.568250582662363,-0.10608854812644605,0.05937702834965572,-0.06589549972969555,-0.06589549972690845,0.059430587867705324
12446.662,4.660647173996917,0.028502705042973538,4.5723087094647745,-0.1063416595987358,0.05821243835079146,-0.06710031896172865,-0.06710031895895369,0.05820393908930121
12446.682,4.66471167372981,0.02873693864985731,4.576380605438141,-0.10659922622334742,0.05691794818547418,-0.0683963305012318,-0.0683963304984635,0.056913087351562947
12446.702,4.668805128786493,0.028967818289999885,4.580469271897613,-0.10686123942694079,0.05579032834127955,-0.06959139259929606,-0.06959139259653685,0.05579963187951417
12446.722,4.672915657912866,0.029195191805516517,4.584568281716813,-0.10712909720193434,0.05473216715933558,-0.07074498841140221,-0.07074498840865542,0.054709769465788316
12446.742,4.676970388104826,0.029414398613848133,4.588629057494241,-0.1074097423115612,0.05326559712346474,-0.07216879727436266,-0.07216879727162855,0.05320640274721183
12446.762,4.680992657189939,0.029625541711466183,4.592663175228237,-0.10769260433792768,0.051634937647205635,-0.073735812593294,-0.07373581259057278,0.05158857980882399
12446.782,4.685010212808871,0.029829881569409886,4.596693407395841,-0.10798281850188347,0.04997927654728065,-0.07531694856170947,-0.07531694855900241,0.0499035029205725
12446.802,4.688978994379107,0.03002455497963154,4.600691232016068,-0.10828389511083839,0.04805615588033804,-0.07704330947217375,-0.07704330946948842,0.04798366924816839
12446.822,4.692960975791898,0.030212294320771306,4.604702860424072,-0.10859304992375693,0.04617025554998939,-0.07874913686470067,-0.07874913686203798,0.04609843987194912
12446.842,4.696975741281405,0.03039390984288959,4.6087581743476935,-0.10890984119147319,0.04420434225099121,-0.08059776704139096,-0.08059776703873367,0.04411537976566651
12446.862,4.701099598928193,0.030571892018094727,4.612909907774305,-0.10923717067963795,0.042054159907461156,-0.08280418635372036,-0.08280418635100374,0.04194056263114096
12446.882,4.705130156128353,0.030736891462546545,4.616956711167749,-0.10956221076491156,0.039739586562093754,-0.08537918835354465,-0.08537918835070649,0.039615792384856505
12446.902,4.708936304678667,0.030883497377212316,4.620796133299871,-0.10988318346025117,0.03721313048452424,-0.08812355297148888,-0.08812355296852903,0.037070874572890995
12446.922,4.7126400511699025,0.031016550461775077,4.624542417384815,-0.11020766998375799,0.03458151050681874,-0.09097248645114767,-0.09097248644806354,0.034429955486579664
12446.942,4.716319098996268,0.031138723887964147,4.6282638351008325,-0.11054661792747913,0.03175753238161316,-0.09400644527892513,-0.09400644527570418,0.031593785916268505
12446.962,4.719969045119252,0.031249340403659398,4.631964636789062,-0.11088729675426265,0.02878690826717564,-0.0972286895731713,-0.0972286895698022,0.02859497877215019
12446.982,4.723608195537089,0.03134843691190618,4.635658795835006,-0.11123881572325171,0.02563400158513853,-0.10063216589065042,-0.10063216588712474,0.025427699283332515
12447.002,4.727239910063292,0.03143562350945494,4.6393449094956445,-0.11160255276545675,0.02235219412798418,-0.10416144709299963,-0.1041614470893126,0.0221349340241313
12447.022,4.730842306006972,0.031510074136524686,4.6430081250332345,-0.11197909755890888,0.018936347535409643,-0.10778728614373195,-0.10778728613988861,0.018706382432163833
12447.042,4.734465963098318,0.03157237685107685,4.646689907195602,-0.11237840260016659,0.01543648992808925,-0.11148370086674673,-0.11148370086274334,0.015198134678243536
12447.062,4.73810330716417,0.03162204810376597,4.650386187978019,-0.11278521940335524,0.01187359861999222,-0.11526116780903636,-0.115261167804862,0.011633810866899361
12447.082,4.741740930998631,0.03165885121389291,4.654077877538382,-0.1132133439580752,0.008343684247242892,-0.1190163855725228,-0.119016385568174,0.008104368240321264
12447.102,4.745372640797046,0.03168263755443351,4.657765842812272,-0.11364629744429695,0.0047424967010642645,-0.12283533636399561,-0.12283533635947,0.0044956570435510995
12447.122,4.748999036061831,0.0316932616998782,4.661449597878925,-0.11409474258640509,0.0011313154680820438,-0.12667941611282554,-0.12667941610811959,0.0008854061953576691
12447.142,4.752650360821551,0.03169064429275703,4.6651559672675855,-0.11456793505756978,-0.002624528958731963,-0.1307166314520331,-0.1307166314471233,-0.0029020067213863156
12447.162,4.756273419369538,0.03167389105073424,4.668842559730976,-0.11504476653834415,-0.006610883810493082,-0.1349252435634767,-0.13492524355836555,-0.006891203082406332
12447.182,4.7599140676864105,0.03164260146608731,4.672542449258243,-0.11553873174673646,-0.010575160390264897,-0.13912570961876222,-0.13912570961344103,-0.010854457738457241
12447.202,4.763555150477188,0.03159688780041686,4.67623976116865,-0.11604915258920083,-0.014523272020040017,-0.14331485482147333,-0.14331485481593842,-0.014792896813084393
12447.222,4.767192343697419,0.031536908481427185,4.679930077833083,-0.11658401506319208,-0.018463120312238995,-0.1475443602759677,-0.14754436027020526,-0.01873709154536525
12447.242,4.770814633863352,0.031462709123554304,4.6836100810677666,-0.11713093539362751,-0.022543331207990982,-0.15192927054069305,-0.15192927053468458,-0.02284663539733423
12447.262,4.774440607708778,0.031373323648217856,4.687291721597471,-0.11768556739870291,-0.026741418842462922,-0.15640039854198703,-0.15640039853572668,-0.027041871344820296
12447.282,4.778048094519021,0.03126929284836839,4.690953910073047,-0.11825537475471773,-0.03093947388093532,-0.16084711004766422,-0.16084711004116028,-0.031228472715683325
12447.302,4.781655882402887,0.031150110094248607,4.694611734278217,-0.11884335702770346,-0.03513370018001346,-0.16531622243247465,-0.1653162224257152,-0.03544448424752977
12447.322,4.7852492329625544,0.031016093730753102,4.698255669463508,-0.11944714795480837,-0.039440984777800926,-0.16990687864721607,-0.16990687864018603,-0.03975717405855116
12447.342,4.7888293154060655,0.030867085999977305,4.701886749742158,-0.12007308024049293,-0.043775816767777996,-0.174555421223171,-0.17455542121586043,-0.0440972546030824
12447.362,4.792402324959821,0.03070277492767809,4.705507841359684,-0.1207065914103171,-0.04810930572292284,-0.17915541142502225,-0.179155411417429,-0.04840630432404581
12447.382,4.795975791044284,0.030523272816231534,4.70912440973132,-0.1213637920067539,-0.05228378221306321,-0.1836728934952162,-0.18367289348732577,-0.052592563075902404
12447.402,4.79953944351225,0.030329169825231244,4.712724317376979,-0.12202574128851536,-0.05655423275481435,-0.18824581043776253,-0.18824581042955973,-0.05685674400676839
12447.422,4.803040882853134,0.030123576984653334,4.716269289765317,-0.12269540182355601,-0.06071542339107198,-0.19265474949954678,-0.19265474949107594,-0.0610143878898747
12447.442,4.8065933115104045,0.029900148892070554,4.719860871624549,-0.12339662849500342,-0.06491172297648742,-0.1971493895313327,-0.19714938952257097,-0.0652173351308057
12447.462,4.8101755550284455,0.029659693484350956,4.7234764224406005,-0.12411166644087089,-0.06913822909948432,-0.20165393505194834,-0.2016539350428797,-0.06944474214412247
12447.482,4.813763074813723,0.029403654172660557,4.7270931461945676,-0.12484304268307078,-0.07335881272690528,-0.20617179709949138,-0.20617179709009492,-0.07366310104752738
12447.502,4.817367259925518,0.02913127929015771,4.73069539902424,-0.12558748418617174,-0.0773967654727889,-0.21067907022907165,-0.21067907021934043,-0.07769865410874738
12447.522,4.820928798111185,0.02884757882832367,4.734279828035322,-0.12634655536463232,-0.08158106099904187,-0.2151717923925669,-0.2151717923825038,-0.08188249221892427
12447.542,4.82447489569646,0.028550066731887886,4.737850582906374,-0.12712238065842285,-0.08587488023241635,-0.21978730375207858,-0.21978730374167157,-0.08619214489258457
12447.562,4.828021992208115,0.028237094250197565,4.741413425653966,-0.12791200892704635,-0.09010481411101193,-0.22431714578156334,-0.22431714577080977,-0.09040547156058747
12447.582,4.831566722233948,0.02790937243327538,4.744969706618508,-0.12871661294203865,-0.09427773566166048,-0.22879304651807705,-0.22879304650697338,-0.09457812679398685
12447.602,4.835107783105622,0.027567083798664526,4.748522821220083,-0.1295370431711593,-0.0984491579555979,-0.23327187946271738,-0.23327187945125497,-0.09874951380475143
12447.622,4.838670264198274,0.027207670945647765,4.752091086496783,-0.1303785415642802,-0.1026486820246278,-0.23781901072130707,-0.2378190107094438,-0.10295095028519093
12447.642,4.842207544792321,0.026835926733425126,4.755634346247988,-0.13123585925526357,-0.1067830365903543,-0.2423779375730178,-0.24237793756072964,-0.10708262952563907
12447.662,4.845714326861263,0.02645268735586538,4.759136465595649,-0.13209449658970376,-0.11091842113293211,-0.24685719784434837,-0.24685719783164528,-0.111212394318729
12447.682,4.849166647750693,0.026061079092416166,4.7625867546138565,-0.13295713525625577,-0.1149727405996791,-0.25121363479252523,-0.2512136347794406,-0.11524661315427044
12447.702,4.852631205449037,0.025654003372146437,4.7660392524156565,-0.13383710736941923,-0.11892223898355932,-0.2554606379381927,-0.25546063792473117,-0.11919108972362558
12447.722,4.856082459839123,0.025234978328467387,4.769474794198951,-0.13472886526515543,-0.12271804382200381,-0.2595838486492926,-0.259583848635457,-0.12298573226259883
12447.742,4.8595529320331226,0.024800157800637764,4.772929318656233,-0.13564518762173525,-0.12661797043859008,-0.26389202704508236,-0.2638920270308383,-0.12690995149049386
12447.762,4.863036288669456,0.02434948463337967,4.776388775716138,-0.13657505009644536,-0.1307096837272765,-0.26831255084174427,-0.26831255082707844,-0.13100111424635522
12447.782,4.866526974759973,0.023883530597066913,4.779844803296997,-0.1375206509139153,-0.13465381676697172,-0.27262177638933566,-0.27262177637421386,-0.1349190026143944
12447.802,4.869987058353337,0.023408168705493792,4.783262681972383,-0.138469569478772,-0.13837992522881434,-0.2767113455907471,-0.276711345575161,-0.13862596318691264
12447.822,4.873395149996475,0.022927335674713653,4.786628618286614,-0.13941729585090487,-0.14192349211819896,-0.28054618652880914,-0.28054618651279956,-0.14214029338975787
12447.842,4.876784557236405,0.02243749975451285,4.789979104477318,-0.1403726695555121,-0.14503334698958073,-0.28388522183756776,-0.28388522182123405,-0.14521798783687392
12447.862,4.8802482754617555,0.02192655044870213,4.793388920815983,-0.14134993025277456,-0.1478346244553888,-0.2868327130949096,-0.28683271307826125,-0.1479944142462114
12447.882,4.88370872553722,0.021406547236375136,4.79680429912661,-0.14233708346224366,-0.15041189177513764,-0.2894218785142304,-0.289421878497276,-0.15053510228446115
12447.902,4.887170138531874,0.020877846247914764,4.800211174194021,-0.14332847052438752,-0.15269336937904746,-0.2917204724441026,-0.29172047242685845,-0.1527954916598645
12447.922,4.8906161687176235,0.020343767962454844,4.803600875361242,-0.14432241785337696,-0.1548169973468011,-0.2938629066851626,-0.293862906667648,-0.15491119041440035
12447.942,4.8940813515913355,0.01979921648493653,4.8069984830882815,-0.14532768705055624,-0.15692913865736846,-0.29601327904933605,-0.2960132790315291,-0.15702401948617953
12447.962,4.8974762485506895,0.019258477195338235,4.810335742560634,-0.14632293483343267,-0.15894926292897288,-0.2980333209359745,-0.29803332091791873,-0.1590187365059958
12447.982,4.900861636236931,0.018712694372349997,4.813650135217908,-0.1473166304638694,-0.16069329954792114,-0.299696442768676,-0.29969644275044854,-0.16073943115520317
12448.002,4.904268756065561,0.01815769255381109,4.81697801012432,-0.14831887798095014,-0.1622309849488476,-0.3011469336024486,-0.30114693358406625,-0.16226084122735285
12448.022,4.907677396054147,0.01759739246681828,4.820303284318869,-0.149325277149136,-0.16358544293501387,-0.30242603421913644,-0.3024260342006122,-0.16360118484094574
12448.042,4.911092773243649,0.017031391983573035,4.823626598434298,-0.1503350060121975,-0.16485263288178592,-0.3036245443362806,-0.3036245443176004,-0.1648613614710492
12448.062,4.914457980836139,0.016469482959172336,4.82689674333342,-0.15133416684903142,-0.1660158933146895,-0.3047254549552276,-0.30472545493639663,-0.16603573987208467
12448.082,4.917780439866503,0.015910808976443185,4.830127474076094,-0.15232264361881775,-0.16714861124751143,-0.3057165694645938,-0.30571656944564585,-0.16713473739829282
12448.102,4.921085192672741,0.015351599272537363,4.833337934445569,-0.1533058346456936,-0.16806401570269067,-0.306405292772028,-0.3064052927530789,-0.16802073015685215
12448.122,4.92442977493202,0.014782887216004193,4.8365782741421866,-0.1543009526243129,-0.16877679527691386,-0.306889558093807,-0.30688955807488444,-0.16872515769618787
12448.142,4.927792956633125,0.014208744960825288,4.83982599266777,-0.1553006742662618,-0.16936539501911527,-0.3072483606023546,-0.30724836058345617,-0.1692984312568195
12448.162,4.931128952138318,0.013637563833342777,4.843042047715607,-0.1562908120600013,-0.16973997294804985,-0.307400943403852,-0.30740094338498136,-0.16964836368854116
12448.182,4.934439345365939,0.013069892330022185,4.846224382413851,-0.15726919834766545,-0.16988617982601573,-0.30733615192401986,-0.30733615190519425,-0.16977449820790927
12448.202,4.937685226682838,0.012512953709816569,4.849343924951643,-0.15822572656919193,-0.16998066022766503,-0.3071209613035185,-0.3071209612848268,-0.16986761723018715
12448.222,4.940922242376958,0.011957341513554912,4.852464178838216,-0.15918476323293995,-0.1699936074742068,-0.3068061561493948,-0.30680615613094064,-0.16987824426302192
12448.242,4.944231235177531,0.011389349186882608,4.855646006203422,-0.16016263348442056,-0.16999524541292593,-0.3064946525875487,-0.3064946525693072,-0.1698798242266428
12448.262,4.947552558066946,0.010819235523911013,4.858838223159356,-0.16114399211015848,-0.16999646509537802,-0.3062043120279439,-0.3062043120098923,-0.1698810031149168
12448.282,4.950871843485944,0.010249467968973976,4.862025246700146,-0.1621242150079296,-0.1699973831929044,-0.305931540708835,-0.3059315406909574,-0.169881893359443
12448.302,4.954157545192539,0.009685480241087271,4.865174904606364,-0.1630948672949963,-0.1699910147719688,-0.30566067358990096,-0.3056606735722196,-0.16987545618660554
12448.322,4.957377774249394,0.009132658365107807,4.868266826963369,-0.16404719368123835,-0.17003295495619508,-0.3053150782126085,-0.3053150781952397,-0.1699095421919176
12448.342,4.96065701365638,0.008569836925971039,4.871411018870062,-0.16501417185782583,-0.16989831259179272,-0.30484959868934813,-0.30484959867226574,-0.16976128521699047
12448.362,4.963946237535797,0.008006036845225894,4.8745579702253625,-0.16597996450051186,-0.1695788075170657,-0.3042096597387463,-0.3042096597219447,-0.16941785244144764
12448.382,4.967223457149247,0.00744585744247831,4.87768721693855,-0.16693804457760314,-0.16898332932986568,-0.30333324924397154,-0.3033332492274571,-0.16880499520123718
12448.402,4.970494273133719,0.006888954073339144,4.880796498544052,-0.16788724874036215,-0.16828409425090182,-0.3023664021561232,-0.3023664021399008,-0.1680735575641475
12448.422,4.973667910246845,0.0063509121069848466,4.8838270672332325,-0.16880919821858503,-0.167556674300146,-0.30128609010880175,-0.30128609009298135,-0.16734258148387599
12448.442,4.9769090309431006,0.00580453480819676,4.886912401332235,-0.1697410194366534,-0.16639955507789292,-0.2998228796359973,-0.2998228796205838,-0.16622966058889047
12448.462,4.980215155526158,0.005251246928365609,4.890042777913139,-0.1706802505900657,-0.16522046327504727,-0.2982915670223107,-0.29829156700728426,-0.1649981776918533
12448.482,4.983573037683025,0.004693184068441877,4.893230956544256,-0.17163256606564603,-0.16414025566259943,-0.2969025329149561,-0.29690253290028734,-0.1639148716809864
12448.502,4.986996378397161,0.00412818164003015,4.8964630965214075,-0.17259313364056095,-0.16295632543144337,-0.29544737782965813,-0.29544737781530134,-0.16270935546365875
12448.522,4.990326672298349,0.003582663143199822,4.899615611986692,-0.1735262775071293,-0.16183308731687185,-0.2940183984731247,-0.2940183984591802,-0.16161434572248573
12448.542,4.99365944772807,0.0030403985337996305,4.902777323521483,-0.17445915951470023,-0.16073313500899888,-0.2925446854181266,-0.29254468540468065,-0.16049605110929954
12448.562,4.997114462979257,0.0024831380822641145,4.9060198452885295,-0.17540397105240635,-0.1589692335997161,-0.290505787136042,-0.2905057871230362,-0.15865023710675924
12448.582,5.000500885152638,0.0019439798353653088,4.909193712396062,-0.176319143658549,-0.15665695267338736,-0.28786694526132417,-0.28786694524876066,-0.15628755623108323
12448.602,5.003877710113274,0.0014147807041442516,4.912357313114513,-0.17721869403296395,-0.15426309461262144,-0.2851650768703148,-0.2851650768581827,-0.15392157455024122
12448.622,5.007284996414278,0.0008885967653610631,4.915558973191569,-0.17812165768325516,-0.15227537990524395,-0.2829434667018774,-0.2829434666902002,-0.15201048186635152
12448.642,5.0106532736135065,0.0003741979699107964,4.918751122354286,-0.17902323249518134,-0.1508322831608566,-0.2811556546506346,-0.28115565463955655,-0.15056725570426352
12448.662,5.014206388116593,-0.00016262020296661735,4.922094531306563,-0.1799568558669864,-0.14893435266651753,-0.27894782555539244,-0.2789478255448467,-0.14859328671099092
12448.682,5.0177600112820135,-0.0006915368504454009,4.925425937860282,-0.180873278045497,-0.1464952335415137,-0.276282146425302,-0.27628214641527155,-0.14611306395952542
12448.702,5.021265270539953,-0.0012041497392845306,4.928711235530981,-0.18176715963863957,-0.143938725258115,-0.273554701086791,-0.273554701077288,-0.1435692643878269
12448.722,5.0247911291209055,-0.0017106664841911256,4.932008994234712,-0.1826580193736432,-0.14145149233145393,-0.2709615194304671,-0.2709615194215088,-0.141098442578296
12448.742,5.028262476808222,-0.002201433796844321,4.93527017831613,-0.18354071252888962,-0.13951290297183486,-0.26879118985820183,-0.26879118984992645,-0.13921625364297338
12448.762,5.031914349410344,-0.002710516571237758,4.93869225806006,-0.1844535113908041,-0.13739475468745363,-0.2665102820600043,-0.26651028205238936,-0.13704935398837798
12448.782,5.03560978072337,-0.0032168130237600215,4.942139614283838,-0.185359795822777,-0.13482693570180984,-0.26386642443007463,-0.26386642442308084,-0.1344273249904742
12448.802,5.039274132591618,-0.00370860817332826,4.945558717120286,-0.18624506492560455,-0.13199766003355953,-0.2610240311105923,-0.2610240311042282,-0.13159680175670194
12448.822,5.0429580442831,-0.004192411935718274,4.948989387147159,-0.1871248906988631,-0.1292073850311229,-0.25830737426638684,-0.25830737426067585,-0.1288276853374995
12448.842,5.046589177300279,-0.004659644446064914,4.952384906746981,-0.18799329113580826,-0.12677746274604865,-0.25601741140575585,-0.25601741140082057,-0.12643757786879575
12448.862,5.0503757166624785,-0.005137361338708178,4.955924406704475,-0.18889296324896165,-0.12408989243379533,-0.2533615051270596,-0.25336150512288946,-0.12366316239259405
12448.882,5.05425104815869,-0.005614500812085454,4.959540543138049,-0.18978358154173072,-0.12085732224360886,-0.2502054758508354,-0.25020547584738256,-0.12039839923509567
12448.902,5.058148378240047,-0.006081080515123664,4.963173155877103,-0.1906637190604385,-0.11746054299841932,-0.24697295087560117,-0.24697295087286555,-0.11700786537031112
12448.922,5.062082749208426,-0.0065386947140347405,4.966841519777795,-0.191542156304934,-0.11415329166770578,-0.24390913914422882,-0.2439091391422292,-0.1137111171063943
12448.942,5.066074416858267,-0.006989655867287836,4.9705632886496165,-0.19242202679797368,-0.1107872741806411,-0.2408263274418279,-0.24082632744057678,-0.11031810953594293
12448.962,5.070089873848467,-0.0074290088097173235,4.9742900093676825,-0.19329642854394827,-0.10710361973049937,-0.23753762970891246,-0.2375376297083989,-0.10659535335649721
12448.982,5.074090302239093,-0.007851261814836011,4.978003094560964,-0.19415054720813082,-0.1032581192398828,-0.23421655083620807,-0.23421655083642792,-0.10275611973767798
12449.002,5.078122676963903,-0.008261389111405431,4.981755274998213,-0.1949877608334633,-0.09949025130597747,-0.23100356448486442,-0.2310035644857893,-0.0990009575415501
12449.022,5.08219267486354,-0.008660005745256449,4.985550367024954,-0.19582136971199884,-0.09576294287264252,-0.22784529852038587,-0.22784529852199223,-0.09529200541629665
12449.042,5.0862653108395675,-0.009043615905270265,4.989342600487292,-0.1966402189201788,-0.09205668753492578,-0.22487337529581256,-0.22487337529810394,-0.09156724493473109
12449.062,5.090365794359827,-0.009414428406922682,4.993163772184436,-0.19745212310110846,-0.08830481535086679,-0.22195534251058682,-0.22195534251354215,-0.08783051358299299
12449.082,5.094500435701415,-0.009772773081030917,4.997006985590504,-0.19826601272793778,-0.08458687472638397,-0.2191422705470798,-0.21914227055067587,-0.08410096973420912
12449.102,5.098575719847452,-0.010110422346863098,5.000887238463858,-0.19904930607370006,-0.08073284643550507,-0.2165896125044178,-0.21658961250865222,-0.08026384403299824
12449.122,5.102705765941754,-0.010437610500238751,5.0048172164376075,-0.1998564139649377,-0.07749058742099127,-0.21458595793472413,-0.2145859579395367,-0.07707911324490628
12449.142,5.106848260779563,-0.010753341753999595,5.008764966662171,-0.20065277732499637,-0.0747123757445451,-0.21302371933537792,-0.2130237193407318,-0.07433701034393943
12449.162,5.110989081487482,-0.01105792371348932,5.012707159938742,-0.2014496619830489,-0.0721765807029989,-0.211754370242217,-0.21175437024808924,-0.07182896597699809
12449.182,5.115135332508342,-0.011353186563804539,5.016652835738211,-0.20223541363214415,-0.07004785477059505,-0.21081441679386495,-0.21081441680023721,-0.06971561804292517
12449.202,5.119299127185851,-0.011641042510135566,5.020611841416126,-0.20302415976322777,-0.06806643904470022,-0.2100360279688964,-0.21003602797574739,-0.0677684296282567
12449.222,5.123477827504379,-0.011922184119197063,5.0245780548135395,-0.20381299748020465,-0.06632910555614514,-0.2094923586983222,-0.20949235870564195,-0.0660412666267148
12449.242,5.12765710456582,-0.012196269787604899,5.028542647858064,-0.20459536883205315,-0.06467352693602155,-0.2090751234133051,-0.20907512342107934,-0.0643984162505742
12449.262,5.131834113343662,-0.012463506451578699,5.032504327789623,-0.20537250848785568,-0.06312419617946437,-0.20879355716228087,-0.20879355717050793,-0.0628582929334797
12449.282,5.136010206254469,-0.012723987802047903,5.036481823394055,-0.20615527385570762,-0.06144861616815926,-0.20840458545223428,-0.2084045854608949,-0.06117185271692907
12449.302,5.140224005681915,-0.012979938803282375,5.0404875410824665,-0.20693654275466752,-0.05991531552484981,-0.2081301195235922,-0.20813011953267724,-0.059655380872952135
12449.322,5.144456003125546,-0.01323083344387488,5.044503564735657,-0.20771567867718313,-0.05854098757433695,-0.2080595525908022,-0.20805955260031164,-0.05831384053217152
12449.342,5.148674822166951,-0.013475425199579288,5.048507620836761,-0.20848908883553044,-0.05728193554092969,-0.20814852850407597,-0.20814852851401366,-0.057042901909847274
12449.362,5.152912538902447,-0.01371571613694888,5.052535575158309,-0.20927027154265718,-0.056014508795056386,-0.20822551821985247,-0.20822551823019675,-0.055750003707489046
12449.382,5.1572240753410075,-0.01395368164205763,5.056632480318552,-0.2100582346200006,-0.05422195359475782,-0.20783560114069607,-0.20783560115141037,-0.053923294307954533
12449.402,5.161603170785614,-0.014187359985164414,5.06076939627226,-0.21085376160773353,-0.05241215927446593,-0.20753935185938627,-0.207539351870479,-0.05211975283157588
12449.422,5.165990612571135,-0.014413717970868127,5.06491229169612,-0.21164543430156021,-0.05069932022353026,-0.20736468792236945,-0.2073646879338351,-0.05041818013680877
12449.442,5.170365304035811,-0.014632051402948822,5.069050342541321,-0.21244064716043295,-0.049054770667796184,-0.20727038202472253,-0.2072703820365448,-0.04878400441022719
12449.462,5.174738073534104,-0.014843459334757413,5.07319587008058,-0.21322903526533554,-0.047558754975075425,-0.20717228752464012,-0.20717228753680964,-0.04727719347451407
12449.482,5.179129609876756,-0.015048570693344478,5.077361958034231,-0.21401900814708633,-0.04581492074354452,-0.20687994695396067,-0.2068799469664571,-0.04555995897132727
12449.502,5.18351201365472,-0.015246089451693966,5.081514950810199,-0.2148015344842258,-0.04424708304234256,-0.20678489552457838,-0.20678489553740562,-0.043965788358741466
12449.522,5.187944069927409,-0.01543859918001993,5.08571816131578,-0.21559613571562258,-0.04258874704389387,-0.20667171999438022,-0.20667172000752485,-0.04231258769513447
12449.542,5.192413013103853,-0.01562544498324313,5.089955057995829,-0.21638463205217806,-0.04098308518520082,-0.2066347332131902,-0.2066347332266865,-0.040749201529852876
12449.562,5.196927706353992,-0.015806803979484807,5.094264436284505,-0.21719520400504463,-0.03924123747633867,-0.20615598672222654,-0.20615598673600274,-0.03895836129010439
12449.582,5.201392812100658,-0.015978132727811487,5.09852160741345,-0.21799599299481204,-0.0374514456015552,-0.20583849184735942,-0.20583849186141762,-0.037152785508991676
12449.602,5.205863891175624,-0.016141781714005998,5.1027894683686235,-0.2187936177750228,-0.03574150494184187,-0.2055471906699866,-0.2055471906843043,-0.03546268958581839
12449.622,5.210389979082213,-0.01629976909503706,5.107097161897701,-0.21958819687317016,-0.03403792477556251,-0.20520878216862734,-0.20520878218319719,-0.03375115829863554
12449.642,5.2149158448712285,-0.01645008367593457,5.111429683235926,-0.22038521197290595,-0.03237855254005507,-0.20483495411101704,-0.20483495412585864,-0.03207861576436973
12449.662,5.219398296917983,-0.016591959558475602,5.115847540319705,-0.2212167780872517,-0.030669283953245623,-0.20366238110345355,-0.2036623811184598,-0.030325799030405137
12449.682,5.22399313724203,-0.016727785668574427,5.120244046534632,-0.2220319689703734,-0.02851223414919377,-0.2026786936350608,-0.20267869365023075,-0.028208841204220153
12449.702,5.228569412984401,-0.016854232614465198,5.1246154983466505,-0.22284514128926908,-0.02677808105268341,-0.20199001150474097,-0.20199001152006726,-0.026495260262427923
12449.722,5.2331114194611095,-0.016972322940647107,5.128958406217002,-0.22364640325103852,-0.025275306611556102,-0.20151102013151853,-0.20151102014700475,-0.025029265669871452
12449.742,5.237636418643084,-0.017083819749362832,5.133338463176075,-0.22447233756047824,-0.02395763080833041,-0.200854692729729,-0.20085469274532144,-0.0236596764294397
12449.762,5.2423006342216985,-0.01719121592096806,5.1378089763626855,-0.22531494084825604,-0.02207578796037495,-0.1997041909257947,-0.1997041909414481,-0.021768882447348314
12449.782,5.246996908022169,-0.017290130676919317,5.142316940780023,-0.22614975807422072,-0.020057311150839512,-0.19850997047337324,-0.19850997048909255,-0.019743074734775552
12449.802,5.251602895210496,-0.01737842920179136,5.146850081012415,-0.226981077511482,-0.018639610743607916,-0.1974295950422523,-0.1974295950580443,-0.018642701095660883
12449.822,5.256280172066406,-0.017462590868222272,5.151442823767725,-0.22781513629428182,-0.017190416909898767,-0.19612567365206504,-0.19612567366789266,-0.017056173616120288
12449.842,5.261060558448453,-0.0175409621162777,5.156124556063027,-0.22869054840109065,-0.01533432985223704,-0.1942130339149561,-0.19421303393072356,-0.014981436410458807
12449.862,5.265944341445969,-0.017610394604085176,5.160807795641614,-0.22956819792995106,-0.01316955898256045,-0.19242959473245702,-0.1924295947481517,-0.01283735602237239
12449.882,5.270573625116646,-0.017669298610996545,5.165469621036918,-0.230429600206537,-0.012150762012115573,-0.19079488101998318,-0.19079488103562742,-0.01182697910798716
12449.902,5.275345996192063,-0.017723222021106315,5.170128252385577,-0.23127247921371805,-0.010639927213932034,-0.18927808547070551,-0.18927808548629194,-0.01036699515466124
12449.922,5.279684669827867,-0.017769598460458304,5.174869855271735,-0.23214093896695442,-0.011824006160275211,-0.18719702468700547,-0.18719702470245433,-0.012074294472916717
12449.942,5.284525350721039,-0.017824015416140693,5.179684583022618,-0.233045462288464,-0.00994290736948576,-0.184374946159566,-0.18437494617479877,-0.009531512054300476
12449.962,5.289488174478,-0.017866645054897098,5.184474571758848,-0.23392642329405794,-0.007480956810828272,-0.18187236370525117,-0.1818723637202958,-0.007400476736361083
12449.982,5.294231713557155,-0.01789983351732757,5.1892218041764355,-0.23478819794166284,-0.006411982309807946,-0.1796753673169025,-0.17967536733176134,-0.006453333496457794
12450.002,5.298953268870415,-0.017929240959829708,5.193940326811694,-0.23564744696886278,-0.005532152832459098,-0.1775888694241144,-0.17758886943877203,-0.005253992748861318
12450.022,5.303300025036213,-0.017953949585420913,5.19874296331158,-0.23653271611639204,-0.007144710622993623,-0.17505056230843397,-0.17505056232282068,-0.007501276324760443
12450.042,5.308066976083817,-0.017988665210453912,5.2035849676721595,-0.23741736133642777,-0.006290664252920403,-0.1723351743783351,-0.1723351743924518,-0.005936580466173086
12450.062,5.313080907563816,-0.018014565618349403,5.208438687262004,-0.23827993600725528,-0.004264702520677398,-0.16986515342825087,-0.16986515344211967,-0.004226987425076755
12450.082,5.317399739785043,-0.018038937461902316,5.2133434586391,-0.23914507773103277,-0.006330007041672066,-0.16708102756710697,-0.1670810275806895,-0.006027786375161459
12450.102,5.321930619842392,-0.018068635310726416,5.218278451391458,-0.24001307930891877,-0.007352022731092459,-0.16421393726376976,-0.16421393727705205,-0.007009524949168881
12450.122,5.327040369547372,-0.01810014940337682,5.223212412744697,-0.24086456387422253,-0.004984622670490173,-0.16147353833871936,-0.16147353835173117,-0.004778469869257681
12450.142,5.331436641670134,-0.018126402232557064,5.2282614197272945,-0.24172676179905658,-0.007115728087036735,-0.1582840872189121,-0.15828408723160722,-0.006783223710179487
12450.162,5.336399129735134,-0.018159191297069905,5.23328361340174,-0.24256637573370793,-0.006081643204988059,-0.15536545617277212,-0.15536545618515973,-0.006051899230144495
12450.182,5.34107836801259,-0.018191806228855262,5.238379330127917,-0.2434175829448127,-0.0067962336984111185,-0.15201976345186188,-0.1520197634639072,-0.006418089692849769
12450.202,5.346289722089624,-0.01822068626355764,5.243434777383489,-0.2442493635497232,-0.004331064980528877,-0.14892765321722387,-0.14892765322895846,-0.003986602419379637
12450.222,5.350725177030192,-0.018241696761215332,5.248534452202446,-0.24506882871498661,-0.0067017233953558155,-0.14580545900399558,-0.14580545901540148,-0.006423628628151118
12450.242,5.3553289224914415,-0.018273790677930873,5.253605399809288,-0.24587111214789742,-0.007890527993801574,-0.14290349614206083,-0.14290349615314513,-0.007552796750568591
12450.262,5.360488943832692,-0.018308892756663937,5.258659049036778,-0.24665243907536252,-0.005796308263822241,-0.139896826066328,-0.13989682607709755,-0.0055570861627815184
12450.282,5.365456495451013,-0.018334896952973596,5.263712725054064,-0.2474214755288187,-0.004914469614046684,-0.13697501100854198,-0.13697501101900442,-0.004862797244939351
12450.302,5.370352215396767,-0.01836024245629831,5.268762503185683,-0.2481745532313776,-0.004609383840362761,-0.13418255378416435,-0.13418255379432018,-0.004316153910798663
12450.322,5.374854642887973,-0.01838279139715062,5.273837071831216,-0.24892298193184617,-0.00668835965224367,-0.1312918798572496,-0.13129187986709298,-0.006405975508372462
12450.342,5.379746588102816,-0.01841474449569357,5.278882712190921,-0.24965050422410093,-0.00632133623137386,-0.1285703451549671,-0.12857034516452295,-0.006248949555837901
12450.362,5.384478097483265,-0.01844902200227169,5.28409188413916,-0.25039258566068084,-0.007446382369564811,-0.12519386477114414,-0.12519386478034883,-0.007081846683001424
12450.382,5.389774859648908,-0.01848168328825495,5.289272822333662,-0.25111352700846246,-0.004944137003193375,-0.12184147943401617,-0.12184147944289253,-0.0045863098053020865
12450.402,5.394410985885117,-0.018503764551975097,5.294517574136712,-0.25182807829909654,-0.006626549712351978,-0.11834303751348417,-0.11834303752201424,-0.006662030695195651
12450.422,5.399144560559518,-0.018537126867498775,5.2997525792736475,-0.252527118091925,-0.007845755769229641,-0.11497877155333845,-0.11497877156152966,-0.007504783717751752
12450.442,5.4043386995757325,-0.018571896169192418,5.304970767884173,-0.25321649512373645,-0.0060322910010893365,-0.11167541515167521,-0.11167541515953595,-0.0056717769086155
12450.462,5.409476856092278,-0.018598660823974125,5.310147697196702,-0.2538781814714426,-0.0046256289231749684,-0.10844623018760027,-0.10844623019515023,-0.004289940264414581
12450.482,5.414557126192863,-0.018618742600854703,5.315286575260272,-0.2545159308224141,-0.0033201999626758572,-0.1052947776235167,-0.10529477763077143,-0.0032311993171449324
12450.502,5.419534091109449,-0.01863299960826143,5.32041090159048,-0.25512790689799447,-0.002355980941431608,-0.10199210187579939,-0.10199210188274978,-0.0020006090224422963
12450.522,5.424636752039568,-0.01863949972367807,5.325451156992442,-0.25571620561953823,-0.0002598176818626997,-0.0986631245450956,-0.09866312455174892,-0.00022442259235467597
12450.542,5.429620695183423,-0.018633680793553768,5.330450326798568,-0.25626821977273845,0.0033572510036827146,-0.09336313794898425,-0.09336313795521176,0.004057451765449844
12450.562,5.434509924390239,-0.018602110149916525,5.335224282551834,-0.2567573438100588,0.009775601136038994,-0.08638733636862785,-0.08638733637437125,0.010582176409867937
12450.582,5.43922815338231,-0.01853927989709311,5.339845246823792,-0.2571919001641239,0.01701451213159254,-0.07879671780592233,-0.07879671781116945,0.017886267789316707
12450.602,5.443847010676487,-0.01844301863093795,5.3443806232816575,-0.25757945528250276,0.02472401697995384,-0.07082122121396235,-0.07082122121870449,0.025628689725267547
12450.622,5.448384859133764,-0.018313394767409754,5.3488776444782005,-0.2579271861363549,0.03250081120727177,-0.06249212484032909,-0.062492124844553014,0.03343185830912431
12450.642,5.45292247032361,-0.018146931033725205,5.353335657062098,-0.25824105025933397,0.04093326490570419,-0.053766002869803195,-0.05376600287349156,0.04191058882204768
12450.662,5.457405122321617,-0.017944034383495896,5.357742718596958,-0.25851540410000656,0.04952612909710404,-0.04490203138213574,-0.04490203138529115,0.05049580151680759
12450.682,5.461838577084817,-0.017705479000617693,5.362109323198073,-0.2587503688414223,0.05799626364384337,-0.03615797099894243,-0.036157971001583786,0.05895781024622004
12450.702,5.466287148378423,-0.01742899783336498,5.366467979980338,-0.25895587650786284,0.06627304307740518,-0.027453648456735907,-0.027453648458875754,0.06722476352333404
12450.722,5.470693607393807,-0.017118077430570314,5.370816592641133,-0.25912187143697,0.07461234449390082,-0.01883969319884518,-0.0188396932005017,0.07556448579730414
12450.742,5.475069051583616,-0.0167728769495706,5.375172773813583,-0.2592422934225856,0.08274840937801217,-0.01009230485272142,-0.010092304853898847,0.08370758452628586
12450.762,5.479454573834157,-0.016390560100628403,5.37950548055992,-0.25933407262474556,0.09113136919989918,-0.0013581690668199367,-0.0013581690675315069,0.09206924616304372
12450.782,5.483807614582545,-0.015974747108184126,5.383808407484663,-0.2593938572185058,0.09933808678425526,0.007254434320238394,0.0072544343199715654,0.10027846233725758
12450.802,5.488135017919061,-0.015525411706947703,5.388089164643391,-0.25941876421118193,0.10760741179638604,0.015957507963181763,0.015957507963348178,0.1085501496304186
12450.822,5.492363910417784,-0.015051932092577455,5.392354862558226,-0.2593966152951208,0.11529372873697534,0.02463802538325745,0.02463802538383918,0.11622581984832193
12450.842,5.496636153598779,-0.014539521109129934,5.396588803513458,-0.25934738344579855,0.12348497723643519,0.03319745933910714,0.033197459340082704,0.12442338209049537
12450.862,5.500890043881009,-0.013993681280902719,5.40080239365326,-0.2592585189623278,0.13176631418158732,0.04187146666359761,0.04187146666495451,0.1327062096908718
12450.882,5.50507210446647,-0.013422028244934657,5.404952136288518,-0.25913729367485033,0.13991764211660884,0.050449731850274425,0.05044973185198932,0.14084221719073928
12450.902,5.509220072496303,-0.012820825400847525,5.409070130214684,-0.25898686066621895,0.14794499967917007,0.058907791076400325,0.05890779107844974,0.14885871062320238
12450.922,5.513347269025019,-0.012188899008545803,5.413173880336001,-0.25880426218231545,0.15591961333673432,0.06729663707166557,0.06729663707402928,0.15683224282967081
12450.942,5.5174755632548145,-0.011523079642475039,5.417280640191805,-0.25859082684296836,0.16386360575045208,0.0756330583938347,0.07563305839649109,0.16476062878917014
12450.962,5.521603740624677,-0.010824253627624158,5.421387356662324,-0.2583464504397433,0.1714191853731263,0.08366325164171957,0.08366325164463141,0.1719970013324043
12450.982,5.525657760919414,-0.010108529042663596,5.425465972093366,-0.2580579644669236,0.17825922858275337,0.09138402439483558,0.09138402439796572,0.17907426879664687
12451.002,5.529686478076273,-0.009368222584673036,5.42948666871953,-0.25774923140459116,0.1851830720425739,0.09884915175317435,0.09884915175649768,0.18598383086482237
12451.022,5.53369836333725,-0.008602504001075737,5.433493657857367,-0.2574154381037394,0.1919915413982638,0.10621347711981996,0.10621347712331293,0.19278333865511246
12451.042,5.537704723901241,-0.007809671067743184,5.4374968931063465,-0.2570551617906049,0.198763566771494,0.11352680769790184,0.11352680770154346,0.1995388163572838
12451.062,5.541663710518051,-0.006999118934699411,5.441496303081324,-0.25666322353543025,0.20510241333462473,0.12062951553476399,0.1206295155385323,0.20584905779710286
12451.082,5.545660384275942,-0.006154727272984244,5.445497693183026,-0.2562524677703572,0.21127894397928165,0.1274222101260796,0.12742221012993432,0.21200777187432077
12451.102,5.549645511287046,-0.005287341487237121,5.449485202062651,-0.25581973522067447,0.2173220355528045,0.1341467712572614,0.13414677126116942,0.21802509018987123
12451.122,5.553581142696021,-0.004406360862216525,5.453426520142836,-0.25536423738465047,0.22309357556707118,0.1405918350073956,0.1405918350113327,0.22377612809556366
12451.142,5.557446547949839,-0.0035184757794379743,5.457339322065815,-0.2548791738117881,0.22842157450757186,0.1468419932425883,0.14684199324653163,0.22908613682157258
12451.162,5.561329397595208,-0.002604765615523443,5.461234913446108,-0.2543835579995204,0.2337425736533491,0.15288084706289037,0.1528808470668105,0.2343676887388347
12451.182,5.565186404952849,-0.001676016942877741,5.465100333344046,-0.2538712518211297,0.23898765920880335,0.1589612751522984,0.15896127515617325,0.23968506191077152
12451.202,5.568962993623849,-0.0007437622456309763,5.4688898072110295,-0.25334156230568783,0.24517848565997655,0.1657808384604414,0.1657808384642839,0.24594869027723604
12451.222,5.572718245121305,0.00020878584374456612,5.472661968320454,-0.25278598568308686,0.2515326267522193,0.172743111011112,0.17274311101489082,0.2522370376505539
12451.242,5.576442398942262,0.0011772034114870295,5.476412792669996,-0.25220699813199643,0.25719720155209325,0.17912437753327815,0.17912437753695507,0.2576533286915645
12451.262,5.580108296458902,0.002151272945503324,5.480131234139701,-0.2515991307412564,0.26235088708892984,0.18519250075418062,0.18519250075774088,0.2629848877913243
12451.282,5.583756738875509,0.003140812054683156,5.483804122733202,-0.2509824925090009,0.2672568457558872,0.1907801582286143,0.19078015823203343,0.267833926035489
12451.302,5.587390356679191,0.004144530569042338,5.48746425175222,-0.2503518365294397,0.27171231804148294,0.19598167698844254,0.19598167699168884,0.27224522799329
12451.322,5.59100340970793,0.005159212879852413,5.491115517241908,-0.24970467363792936,0.27583075644569716,0.20089849104205265,0.20089849104510066,0.2763492206473474
12451.342,5.594622196773632,0.006191331505873158,5.494772025045448,-0.24904241888934198,0.27983256281009805,0.20574509584682427,0.2057450958496453,0.28034794254234674
12451.362,5.598202831497665,0.007227783006882309,5.49841862720235,-0.24836407406084748,0.2835267723889413,0.21054204423120518,0.2105420442337712,0.2840216827358367
12451.382,5.6017857219854665,0.008279007216728388,5.5020358390207935,-0.2476830014877406,0.2872258594558998,0.21511749607617728,0.21511749607847036,0.28770486457383204
12451.402,5.605325127401225,0.009331482638339597,5.505607461706551,-0.24698645108207218,0.29082554234521996,0.21953903188392054,0.21953903188594526,0.2912898787318344
12451.422,5.608838092072413,0.010389659668863262,5.509159899879211,-0.24627713425377484,0.2943249486683788,0.22385407605752639,0.22385407605927332,0.2947895585168495
12451.442,5.612346788277694,0.011459934651653616,5.512708709824913,-0.24555622249535147,0.29781394532110966,0.22813960761955746,0.22813960762101335,0.29827860950708485
12451.462,5.615850295902895,0.012541912087398296,5.516252127020674,-0.24482434480260726,0.30122251909429476,0.23234443742653862,0.2323444374276834,0.3016681226685059
12451.482,5.61933286413287,0.013630006768453277,5.519775668960862,-0.24408381003360693,0.3044027601769901,0.2364272402882433,0.23642724028903553,0.30482527250207775
12451.502,5.622802683259198,0.014724973480104544,5.5232690315509885,-0.243325035579926,0.3070689741356404,0.2404479835066469,0.24044798350706037,0.3074701813949063
12451.522,5.6261950749891945,0.015805910470578877,5.526710205744163,-0.24256807336066347,0.30984135918062605,0.24412607130117847,0.2441260713012236,0.3102268696492136
12451.542,5.629558899105062,0.01688779447591245,5.53012187310395,-0.24180396338802115,0.31249178185156684,0.24766091239198235,0.24766091239165686,0.31286701980229176
12451.562,5.632909323014517,0.017974919094618954,5.533515566379713,-0.2410349073424407,0.3149976984332712,0.25112823571803194,0.2511282357173244,0.31538431638166353
12451.582,5.6361937906575905,0.01905062921482388,5.5368390880566,-0.2402667182692892,0.31818250812318827,0.2551751388710241,0.2551751388699399,0.3186619346893193
12451.602,5.639421219541539,0.020120503874808144,5.540109299390864,-0.23949150619711368,0.3220673375039266,0.25971343263072566,0.25971343262926266,0.32256520228659835
12451.622,5.642635553275356,0.021199587393079092,5.543374432247378,-0.23870264323269388,0.3256120500465437,0.2639735141658033,0.2639735141639329,0.32605380348594165
12451.642,5.645837060487235,0.022285764095897984,5.546648599734211,-0.23789803632374928,0.32862219426805694,0.2679425887223196,0.26794258872002014,0.32904253353328566
12451.662,5.649033090964507,0.023380810555343218,5.549894182402925,-0.23708921985925577,0.33153061887092455,0.2715573269864456,0.2715573269837189,0.3319191592697651
12451.682,5.652165650119069,0.024463735717802297,5.5530850474830284,-0.2362767482466259,0.33409901251389373,0.2747769950715361,0.2747769950683933,0.3344557313186252
12451.702,5.655294441985779,0.025553882040168303,5.556274501822399,-0.23545954322099344,0.33640670593721983,0.27777896203326663,0.2777789620296905,0.33674300221608633
12451.722,5.658421601342832,0.026651250427099434,5.559462600764555,-0.23463477311368577,0.33854202852710946,0.2806263845520211,0.2806263845480022,0.3388583463985053
12451.742,5.661533723549145,0.02775049281474427,5.562638385384897,-0.23380272338478214,0.3405166826189509,0.28333190050976886,0.2833319005053052,0.34082738798960893
12451.762,5.66463514518147,0.028852709207847705,5.565803148818039,-0.23296782384871456,0.342396025967845,0.28594302392235627,0.2859430239174391,0.34269108817677735
12451.782,5.66771838464574,0.02995475477075105,5.568950722039505,-0.2321315764494236,0.3441508865497107,0.2884442576253771,0.2884442576200018,0.34443836563928015
12451.802,5.6707699746256495,0.03105122228493721,5.572085627936364,-0.23128683150447266,0.34581042006190477,0.29096728989034676,0.2909672898845147,0.34611389789559693
12451.822,5.6738227405153845,0.032154386551870404,5.575195084893082,-0.23044162835063373,0.3477328551089072,0.29353338209911567,0.2935333820928373,0.3480452628446664
12451.842,5.676859814493808,0.03325858439869813,5.578287293386017,-0.22958981641613269,0.34966754524701177,0.29607936557269965,0.2960793655659776,0.34996240290345704
12451.862,5.679848374267206,0.03435132130724674,5.581336876163864,-0.228735803239478,0.35138736242909946,0.2984348185980794,0.2984348185909246,0.351666752101268
12451.882,5.682814289945631,0.035441342785316264,5.584365731460493,-0.22788310072565737,0.35298081635313183,0.30067317528790377,0.30067317528030796,0.3532441485237915
12451.902,5.68577365682689,0.03653401278740089,5.587387636839724,-0.22702852436661117,0.35440066098057066,0.302817638427808,0.3028176384197437,0.35465739467354296
12451.922,5.688763354865718,0.03764265577021928,5.590390315853239,-0.2261762019091045,0.3555482296672876,0.30501575295063355,0.305015752942079,0.3558123115483437
12451.942,5.69166891052676,0.03872403609118884,5.593353282373109,-0.22532321562924296,0.3570553249482652,0.307209828105935,0.3072098280969076,0.35732585407916007
12451.962,5.694530777341295,0.03979408929462625,5.596285152516712,-0.2244634104091679,0.35842672980465073,0.30937930560648125,0.30937930559698795,0.3586854144829548
12451.982,5.697360485495041,0.04085644982986659,5.599175448757131,-0.2236141089916593,0.35984568524885113,0.31136923484786777,0.311369234837928,0.36009346733766756
12452.002,5.700177825446925,0.041918476593127266,5.6020548588410515,-0.2227646683845784,0.3611140262650658,0.31321852870235023,0.3132185286919633,0.3613513156492014
12452.022,5.702992879092879,0.04298358423208601,5.60493300875061,-0.2219124351224803,0.3623065639045794,0.31500229415415626,0.31500229414331776,0.36253910614836954
12452.042,5.70581505821198,0.044055188560814876,5.607814822611337,-0.22105542986761773,0.3634900620795584,0.31680356862505155,0.3168035686137456,0.3637309275802935
12452.062,5.7086191493076806,0.04512383089620339,5.610678539970254,-0.22019962544311295,0.36471730004263303,0.3186373861638267,0.3186373861520395,0.3649515573225671
12452.082,5.711394705751763,0.04618539719133265,5.613506752868111,-0.21934795224356934,0.36589674210581585,0.32040759526530993,0.32040759525305246,0.3661417734310224
12452.102,5.71408985569686,0.047220018757121195,5.6162526563521595,-0.21850020922101496,0.36717085014750356,0.3221539132565451,0.3221539132438688,0.3674142440916431
12452.122,5.716754717024637,0.04824692346382796,5.618970321691798,-0.217655477318685,0.3684618650850846,0.32390558982054213,0.3239055898074475,0.3687075667693071
12452.142,5.719411014073943,0.049274474524742394,5.621678625467759,-0.21681012281905254,0.36973321508731877,0.32563121050325927,0.32563121048973875,0.36996834487727226
12452.162,5.722052864159073,0.050300073530533985,5.624371092050216,-0.21596700333417176,0.3708454074893143,0.32723217267194915,0.3272321726580014,0.3710617060171867
12452.182,5.724673890617393,0.05132064694747984,5.627059054708112,-0.21512598787106416,0.37178545691896087,0.3287986290026647,0.3287986289882802,0.37200513733637813
12452.202,5.7273041491318,0.05234778952076212,5.629742152448854,-0.2142835280879532,0.37280421844654266,0.3302740316825785,0.3302740316677627,0.3729973887650174
12452.222,5.729928674098468,0.05337551995863015,5.632417410031578,-0.21344111290760423,0.3736717735593428,0.3315641061345473,0.33156410611933124,0.37387529285615834
12452.242,5.732536625592235,0.0543991872694538,5.635073139047411,-0.21259147640590176,0.37437126566633905,0.3327231616227159,0.3327231616071115,0.37455208849748234
12452.262,5.735100268295009,0.05540736408750282,5.637684114563517,-0.21174889106516673,0.3749762079606914,0.3337701084233943,0.3337701084074218,0.37514680387395755
12452.282,5.737644105789118,0.056409394683931954,5.640277647411186,-0.21091081175388227,0.3754963599085841,0.3347511935068504,0.33475119349050825,0.37566094541222844
12452.302,5.740194497565729,0.057415517362531955,5.642874890776507,-0.21006962450666725,0.37605228069942404,0.3358013107683332,0.33580131075159764,0.3762395710659833
12452.322,5.742722705276887,0.0584147704890479,5.645450073198026,-0.20923282987641634,0.37672096344082057,0.3369098436144179,0.3369098435972984,0.3769004713096155
12452.342,5.745236017448545,0.05941001262384531,5.648008130732733,-0.20839584838249217,0.377370902915068,0.3379639696232329,0.337963969605752,0.37755350961597733
12452.362,5.747747012478377,0.06040624448540839,5.650562995141354,-0.20755823861244832,0.3780209710924136,0.3390075656643929,0.33900756564654827,0.37819917123986047
12452.382,5.750246409007604,0.06139967345504791,5.653105655307519,-0.2067208707884602,0.37859971074129156,0.33998789770008,0.33998789768187637,0.378767025120629
12452.402,5.752717007218309,0.06238314629387415,5.655632436330808,-0.20588166560423218,0.3790749977685132,0.3409428683616876,0.34094286834313287,0.37925168915045904
12452.422,5.755188192878584,0.06336840275187224,5.658143681101532,-0.20504666320912834,0.3796916299411113,0.34191086380714225,0.3419108637882452,0.37986837455756695
12452.442,5.757655101769291,0.06435370616943142,5.6606504247833005,-0.20421165157612617,0.3802989196446629,0.34286470935330016,0.3428647093340588,0.38047475195798147
12452.462,5.760115195891469,0.06533798503406545,5.663150261090396,-0.20337760925736445,0.3808724987411992,0.34378286489238347,0.34378286487279724,0.3810420910037267
12452.482,5.762567650085506,0.06632076087429123,5.665643157707934,-0.20254488187375144,0.3813956797804097,0.34465542343715255,0.34465542341722066,0.38156190316947086
12452.502,5.765018858741986,0.06730448676019145,5.668135209844459,-0.20171129054138837,0.3818938845340866,0.3455039449176946,0.3455039448974153,0.38205847882463306
12452.522,5.767472023246122,0.06829039824061603,5.670626847592212,-0.20087598002079732,0.3823805511794461,0.3463279675826759,0.3463279675620486,0.3825341036739592
12452.542,5.7699036014347245,0.0692688103099769,5.673094487263158,-0.20004133609000718,0.3827140519158158,0.34701926782581216,0.34701926780485476,0.38285902283990475
12452.562,5.772302686374985,0.07023487402612674,5.675526707736917,-0.19921563784040386,0.3829129587374542,0.3475517084571075,0.3475517084358581,0.38305279800407277
12452.582,5.774670002371563,0.07118876475667706,5.677923946684497,-0.19839477647790224,0.38317309411885947,0.34810537908699285,0.34810537906546624,0.38331651340018635
12452.602,5.777028122985544,0.07213970750220369,5.6803126370117125,-0.19757596368558994,0.3834633961729486,0.34868207736726997,0.348682077345464,0.3836092994725817
12452.622,5.7793843310690125,0.07309070634887105,5.682699826366502,-0.1967567711612389,0.3837761613654545,0.34927608312774555,0.3492760831056575,0.3839240806780352
12452.642,5.781742598624049,0.07404342089539742,5.685089477002406,-0.19593558647612508,0.3841079135478265,0.34988632663778624,0.3498863266154125,0.3842576672733153
12452.662,5.784091387406342,0.07499321117561471,5.687482902747646,-0.19511015864368333,0.3843865667019798,0.35051856002547144,0.35051856000280524,0.3845374208790196
12452.682,5.786444866570483,0.07594570503881358,5.689860511951838,-0.19428852101728836,0.38472297165100877,0.3511082475235781,0.35110824750063097,0.3848618466474825
12452.702,5.788750246593784,0.07687943354354772,5.692189505767036,-0.19347427231531084,0.3849222908466426,0.3515810394810391,0.3515810394578358,0.3850549243520758
12452.722,5.791032073115939,0.07780404105999787,5.69450296939069,-0.19266138058464857,0.3850320857471773,0.3520221288197812,0.3520221287963245,0.38516465828239727
12452.742,5.793284473740161,0.07871697080802287,5.696778515128998,-0.1918622774814298,0.38509157668155386,0.3522842076429993,0.35228420761934753,0.3852064029370204
12452.762,5.795555164385384,0.07963732949734295,5.699071689772115,-0.19105736092019154,0.3850780434083891,0.3524840671784642,0.35248406715462033,0.385192244742651
12452.782,5.797835638427331,0.08056161759012281,5.701374496718458,-0.19024897370779806,0.3850651744482168,0.3526849464512991,0.3526849464272608,0.385179520894707
12452.802,5.800124988790314,0.08148947059953646,5.703687056933793,-0.18943704619660548,0.38505342062078596,0.35290934076236363,0.352909340738124,0.38517695367468036
12452.822,5.802431503721686,0.08242449262323912,5.706013715636145,-0.18861872352712727,0.38523701370867264,0.35331868184933063,0.35331868182485626,0.38537004751418663
12452.842,5.804725236141638,0.08335478538020537,5.708327718984529,-0.18780308806988066,0.3853565136122609,0.353644779150544,0.3536447791258565,0.38547877107075457
12452.862,5.807013983432407,0.08428323962089593,5.710637081224879,-0.18698850665670147,0.3853829658190369,0.3538898845280499,0.35388988450315606,0.3854983847080001
12452.882,5.8093038954842955,0.0852121815995545,5.71294775046858,-0.18617352163853318,0.3853815291704652,0.35410674609376463,0.35410674606866793,0.3854969544695734
12452.902,5.811596957003432,0.08614239788499535,5.715257992700486,-0.18535778552804516,0.38538112754848214,0.35430176638352356,0.35430176635823735,0.3854962914236223
12452.922,5.813867024612424,0.08706326174878389,5.7175483311731,-0.18454630580194453,0.3853630362105107,0.35441303814332004,0.3544130381178965,0.38547819971533487
12452.942,5.816159791404629,0.08799327268047456,5.719873629314715,-0.1837201413270095,0.38530925832965984,0.35453955672222803,0.35453955669666937,0.38542353699711834
12452.962,5.818488841291494,0.08893787611662513,5.722221776972107,-0.18289117559039247,0.3852965346135685,0.35462878094996847,0.35462878092427974,0.38541088584146865
12452.982,5.8208292500136,0.08988705306353877,5.724581337596815,-0.18205829550238256,0.3852847183477936,0.35470945690584194,0.3547094568800279,0.3853991435768317
12453.002,5.823180330331635,0.09084052663627971,5.726949156948519,-0.1812218722809685,0.3852736237118648,0.3547739905144207,0.3547739904884867,0.38538811888813657
12453.022,5.825519967634427,0.09178919943415567,5.7293020577377085,-0.1803840445516082,0.38514387253991944,0.3547393392893615,0.3547393392633248,0.38524084957068583
12453.042,5.82784286562789,0.09273061247524877,5.731635997671801,-0.17955093651320722,0.38494840009799924,0.35463725721987327,0.35463725719374795,0.38504450970094634
12453.062,5.830148921489152,0.09366465998724745,5.733948907129968,-0.17872384777406722,0.3847327503331615,0.35450952549179476,0.3545095254655937,0.38483116469075773
12453.082,5.832419019496074,0.09458364866226705,5.736219731897029,-0.17790739799175737,0.38459003243601464,0.35439224634376093,0.35439224631751537,0.3846931321816079
12453.102,5.834651040600812,0.09548679713927084,5.738457358175819,-0.17710210017611466,0.3843629445148524,0.3541243752758033,0.35412437524957047,0.38444682252069384
12453.122,5.836905714522165,0.09639829701642838,5.740716000093687,-0.1762884152882411,0.38398378809948047,0.3537219227193806,0.35372192269317176,0.3840555720737485
12453.142,5.8391747310346345,0.09731446124160832,5.742987675208548,-0.17547029396838953,0.3835115164642061,0.3532366348607666,0.353236634834588,0.3835761358764514
12453.162,5.841450453568284,0.09823199618010148,5.7452635545522455,-0.17465093337673387,0.38297530058127577,0.3526840893604067,0.3526840893342642,0.3830342069174665
12453.182,5.84371444213513,0.09914324983815823,5.7475234138002875,-0.1738334488748666,0.38228332581458735,0.3519862010842983,0.35198620105820716,0.3823131751196456
12453.202,5.84595553597462,0.10004313361170186,5.749759683755135,-0.17302187778795097,0.3813543331642432,0.35109045172039627,0.3510904516943719,0.38136995593029316
12453.222,5.848184453517061,0.10093556618730148,5.751992754216245,-0.17220971146122882,0.3802886144670811,0.35012760757603645,0.3501276075500787,0.3802951082054736
12453.242,5.850426254895977,0.10183038605400707,5.754228738805843,-0.1714054325790022,0.379279635618926,0.3491732827463941,0.34917328272050163,0.37929800661434065
12453.262,5.852651943081196,0.10271625040803235,5.7564474856053796,-0.17060847097496606,0.37830078371071063,0.34819130556211236,0.34819130553631084,0.3783077703812229
12453.282,5.8548585847070775,0.10359178484808909,5.758651509716988,-0.16981802049070932,0.3771111523064587,0.34695802800875164,0.3469580279831047,0.3770982691555059
12453.302,5.857100802151215,0.10447813963749765,5.760889023602936,-0.1690176833291314,0.37577471951268465,0.34559479564624795,0.34559479562076617,0.3757511903871371
12453.322,5.859366880213742,0.10537031613606185,5.763148445269737,-0.16821226277440476,0.37435937867322555,0.34416285116720785,0.3441628511418943,0.37432937169379615
12453.342,5.8616436079538055,0.10626287128172739,5.765416978101306,-0.16740637955408366,0.37287197068233274,0.3426520838218188,0.3426520837966852,0.3728352949057423
12453.362,5.863922843211837,0.10715232751507599,5.767686409362769,-0.16660188452844266,0.37125315910339457,0.3410375731404286,0.34103757311548444,0.3712072043235886
12453.382,5.866206054549428,0.10803909991777998,5.769957369701958,-0.16580008934467255,0.3696700673434096,0.33944806486521995,0.3394480648404693,0.36962959663972866
12453.402,5.868483876510636,0.10891970922973046,5.772219897932685,-0.16500226270785176,0.36814443456052176,0.3378992424513163,0.3378992424267668,0.3681093686363681
12453.422,5.870757905241193,0.1097949213848361,5.774472125764561,-0.16421026115414192,0.36665481722408516,0.33635226900981835,0.33635226898548237,0.36662182620530964
12453.442,5.872979269610402,0.11064594181112394,5.77668008759049,-0.16343582092698836,0.3650164288632197,0.33456312683721906,0.3345631268131869,0.3649538731938923
12453.462,5.875243444632132,0.11150879324275678,5.778927863565372,-0.162650100866001,0.363158701294227,0.3325719053953885,0.332571905371683,0.36308057275034383
12453.482,5.877536633294989,0.11237765964338041,5.781204653875841,-0.16185932474768056,0.3611819824783143,0.33047311597056944,0.3304731159472011,0.36109267689566676
12453.502,5.879863551090647,0.11325392753760496,5.78351108318325,-0.16106071445039444,0.35912448611359155,0.32832745353672715,0.32832745351368364,0.3590330381921145
12453.522,5.8822001391021255,0.11412832016482248,5.785825562917176,-0.1602636890987506,0.3570404115080967,0.3261604455975657,0.3261604455748479,0.3569457579429015
12453.542,5.884537933485345,0.11499757759277639,5.78813666669077,-0.15947014049827618,0.354932374193374,0.32396495611396287,0.3239649560915767,0.35483479358323844
12453.562,5.886852435029251,0.1158524615871552,5.7904282002027525,-0.15868309605195322,0.35269714877537606,0.3216995949636964,0.3216995949416521,0.3525925657665499
12453.582,5.889170846392489,0.11670297765989968,5.792711102424636,-0.15790505076725356,0.3505328422996115,0.31943939206289484,0.31943939204120053,0.3504346523315066
12453.602,5.891440492016922,0.11752992753521387,5.794955194035327,-0.15714643815516124,0.3482499855877526,0.31697993246539535,0.3169799324441308,0.34812711317318645
12453.622,5.893758605831538,0.11836833409624473,5.797241824227326,-0.15637379133045978,0.3458145000641577,0.3143986387042412,0.3143986386834051,0.34568105193841037
12453.642,5.896101867056473,0.11920926466778005,5.799551703089142,-0.15559829236007927,0.343289543404367,0.31174092365185935,0.3117409236314554,0.3431487099659659
12453.662,5.8984634016657225,0.12004993871701142,5.8018788282345595,-0.15482312059469377,0.340699639193189,0.3090363546931717,0.30903635467319956,0.3405532754971966
12453.682,5.900877427609996,0.12090200897487112,5.804220442504405,-0.15405483824665245,0.3378718519295651,0.30635183499989377,0.3063518349803393,0.33773142281280044
12453.702,5.903247749273478,0.12173134326356068,5.806553885009127,-0.15328873014866526,0.33525682383811695,0.3036327449731708,0.3036327449540427,0.3351069389447665
12453.722,5.905631273112671,0.12255822044212299,5.808896602026866,-0.15252617999180215,0.3325829220871452,0.3008565895493776,0.3008565895306768,0.3324288846116845
12453.742,5.907987121909122,0.12336828709039002,5.811223739014736,-0.1517911168100795,0.3297645117084982,0.2979383997959084,0.2979383997776653,0.3295905788689155
12453.762,5.9103643804950865,0.12417805503580043,5.813575088262744,-0.15106348574187722,0.3268337419661014,0.29494169411378257,0.2949416940959923,0.32665220230296993
12453.782,5.912756314588421,0.12498491222889845,5.8159399869932935,-0.15033834114363046,0.32383414789442194,0.291889647423251,0.291889647405913,0.32364647724566126
12453.802,5.9151590609646965,0.1257873203469061,5.818315526433383,-0.1496165489758488,0.32077778155223896,0.2887922572829434,0.28879225726605495,0.32058491862280303
12453.822,5.9176126449744695,0.12659816077409422,5.820704150865601,-0.1488962599961898,0.3174325420873754,0.2856489770959175,0.285648977079468,0.31722921853234637
12453.842,5.920024873221729,0.12738647440569054,5.823082986305515,-0.14818264667662331,0.31428873397769747,0.28249463017316395,0.28249463015715776,0.3140902579754979
12453.862,5.922442503154403,0.1281681540928589,5.82546495259568,-0.147478897096123,0.31114739178266076,0.27933702465444266,0.27933702463888177,0.31097650913766595
12453.882,5.924827264516416,0.12893090477654073,5.827822897016706,-0.14679081828860685,0.3079475541722745,0.2760597615153983,0.27605976150033606,0.30773753067758586
12453.902,5.927256206924578,0.1296991059525143,5.830218550066766,-0.14609796152538504,0.3046926773258838,0.2727299882997457,0.2727299882851935,0.3044805814512429
12453.922,5.929719405590182,0.13046927259808344,5.832646580180552,-0.1454032335465075,0.3013530721996658,0.26933258178136893,0.2693325817673265,0.3011225838225296
12453.942,5.932205437597182,0.13123729045101676,5.835098073279708,-0.14471140269850935,0.2979411211895372,0.2658819820297533,0.2658819820162152,0.29771930312756006
12453.962,5.934757469736424,0.1320158132833919,5.837573795507138,-0.14401702049282672,0.2943210965447405,0.2624093274710389,0.26240932745799533,0.2940960535683661
12453.982,5.937273800852788,0.13277386556829301,5.84005063563059,-0.14332695533298523,0.2908431030715071,0.2589057164890892,0.25890571647654864,0.2906007810207107
12454.002,5.939809457239005,0.13352799221068046,5.842539782548229,-0.1426443161476073,0.2873258659861972,0.2553635673701954,0.2553635673581529,0.28709121654322245
12454.022,5.942343785233385,0.13427204262351336,5.845026957713932,-0.1419701351816053,0.28380465375482256,0.25179446234454156,0.2517944623330085,0.2835762850608326
12454.042,5.944902018983213,0.13501334705671797,5.84753779011217,-0.14130099179644534,0.28027364868473503,0.2482113583060811,0.24821135829505048,0.28003049969998395
12454.062,5.947489088766341,0.1357529991682026,5.8500766797244115,-0.1406340286375142,0.2766800588634413,0.24457337353114214,0.24457337352060407,0.27643590832841985
12454.082,5.950146391245529,0.1365021353081336,5.852655850874248,-0.13996579827712782,0.2728184708839978,0.24085554299947584,0.24085554298941086,0.27255441736302616
12454.102,5.952801357869381,0.1372395321211161,5.85526248749972,-0.13930291238997286,0.26899980230959186,0.23704243544307974,0.23704243543347936,0.26872681021101724
12454.122,5.95544881443337,0.13796380511668638,5.857869333485279,-0.1386413306690617,0.2650815384147827,0.23320098598595088,0.23320098597681493,0.2647985300935894
12454.142,5.958068341751478,0.13866918912839282,5.860450236279906,-0.13799714051691755,0.2609662345329856,0.22918027062561103,0.2291802706169566,0.26066838936474945
12454.162,5.960729410539154,0.13937402633244447,5.863074123923502,-0.13735755584319173,0.25692029504254094,0.2252437189507774,0.22524371894258238,0.2564403444724026
12454.182,5.963425608111379,0.14007666546838235,5.865734193951299,-0.13671547756108882,0.25292746806542116,0.22137044343793497,0.22137044343018342,0.25243736185352167
12454.202,5.96617988452755,0.14078245147876958,5.868423590774479,-0.13607969122635333,0.2487156691621487,0.21743750878432652,0.21743750877700427,0.24842342588084834
12454.222,5.968940045307931,0.14147745539424522,5.871143974806434,-0.13545121935734217,0.2446391657916652,0.21348707909548215,0.2134870790885737,0.24435083091510498
12454.242,5.971703784665553,0.14216144048074755,5.87386016275768,-0.13483360019281643,0.2405781599649401,0.20952634288459837,0.2095263428781057,0.24028542928106622
12454.262,5.974421942430739,0.1428223976635294,5.8765335522571025,-0.13423291165376638,0.23645411802605262,0.20543144049361298,0.20543144048758116,0.2361515946036692
12454.282,5.977178360830573,0.14348035840211143,5.879239814501519,-0.13363525032403317,0.2321644075101961,0.2011712715827466,0.20117127157719514,0.23184145511762208
12454.302,5.979993612088268,0.1441393717518793,5.882001772967408,-0.13303527924895503,0.22771549213007214,0.19675563393904472,0.1967556339339667,0.22737405444899855
12454.322,5.982895041236636,0.14480429902592176,5.884826569621481,-0.1324289254282747,0.22289216452777202,0.19212529945212162,0.19212529944749412,0.22251643342189908
12454.342,5.985804621138222,0.14545622313163195,5.887681403272008,-0.1318376301193336,0.2179533116506788,0.18728394579940982,0.18728394579522673,0.2175740873596089
12454.362,5.988746103946877,0.14610003174624475,5.890564068315516,-0.1312535643443377,0.21301065413378187,0.1824330136124649,0.1824330136087151,0.21263311423149298
12454.382,5.991715079163667,0.14673452037287232,5.89347081818304,-0.1306776820036915,0.2080674496329086,0.17756521687267368,0.17756521686934845,0.20768584741971413
12454.402,5.99471735555171,0.14736054361870538,5.896406124988059,-0.13010898600192902,0.20307333651988527,0.1726478945260159,0.17264789452310028,0.2026869450271413
12454.422,5.997769836867475,0.14798089883553936,5.899369635736428,-0.1295456440608851,0.19791425329429543,0.16766410796139894,0.1676641079588717,0.19750691101221846
12454.442,6.0008531437863395,0.1485908173608311,5.902387404054476,-0.12899482911476795,0.1926597866154338,0.162477534695889,0.16247753469372248,0.19223949828590584
12454.462,6.003973342873711,0.1491907964429864,5.905433690330976,-0.128454428398729,0.18728849120369107,0.1571962417116955,0.15719624170987176,0.1868671222307068
12454.482,6.007106207803461,0.1497757904869018,5.90849041277755,-0.12792609654116113,0.18190580666397993,0.1518772096654423,0.15187720966395116,0.18147876884456146
12454.502,6.010286629693237,0.15035184428236836,5.911578002828508,-0.12740077099662822,0.17646163308625518,0.14645417648115053,0.14645417647996695,0.17602714315168874
12454.522,6.013497421283778,0.15091505742201797,5.91468982036017,-0.1268969019922039,0.17078293655328608,0.14089319726390676,0.140893197263004,0.170332233094061
12454.542,6.016740417140148,0.15146481837150108,5.917851759988481,-0.1264039001783672,0.16507230468639125,0.13526189639333153,0.13526189639268238,0.16461391783206603
12454.562,6.020006557482694,0.15199939552088165,5.921025998064974,-0.12592809592288184,0.15942399173213373,0.12969456432896578,0.1296945643285574,0.158980433707529
12454.582,6.023254681777984,0.15251244426284763,5.924179243915379,-0.1254709869935313,0.15384894962841353,0.12412207215012332,0.12412207214995738,0.15339683857896488
12454.602,6.0265101475334415,0.15300764713019713,5.927338320816323,-0.12502808549336608,0.14804593341947497,0.11827708894505566,0.11827708894513482,0.14756871014680295
12454.622,6.029858741809169,0.15349669742692618,5.930579928439573,-0.12459006704069743,0.14195952107009305,0.1121578931642037,0.11215789316449859,0.1414466994299096
12454.642,6.033254312168901,0.15397044414797859,5.933928515904659,-0.12415694862210185,0.13518343388016024,0.1056608203862944,0.10566082038676514,0.13462021095301152
12454.662,6.036721702472472,0.15443017643063411,5.937310689171488,-0.12374104968228998,0.1285474696752584,0.09914953782039083,0.09914953782101452,0.1280175629088542
12454.682,6.0401831317727535,0.15486580694682595,5.940724418462759,-0.12335169191326832,0.12186262909919027,0.0928236945812605,0.09282369458201696,0.12131660634415836
12454.702,6.0436935423093745,0.15528390543862977,5.944196013626599,-0.12297611040004836,0.11520733561392829,0.08654716107918449,0.08654716108004232,0.11465744619244765
12454.722,6.047278577965946,0.15568634243457705,5.947765743661762,-0.12261026616790419,0.10831702540057228,0.08010645204808337,0.08010645204899978,0.10773732780787955
12454.742,6.050918619809406,0.1560692963466007,5.951390908771721,-0.12227070447922526,0.10132122424357504,0.07362415223699527,0.07362415223794071,0.10073686746370306
12454.762,6.054558416312954,0.15642650541983139,5.9550121555469655,-0.1219507027857085,0.09435687362242622,0.06716402128857613,0.06716402128953121,0.09378053793480774
12454.782,6.058235239456437,0.15676178154363893,5.958659388432642,-0.12164927107352647,0.08751020261571028,0.06077945041098653,0.060779450411925985,0.08694449170910472
12454.802,6.061953373880242,0.1570750980773131,5.962346687619023,-0.12136354641394834,0.08066387470140204,0.054304540350587606,0.05430454035148145,0.08011115033831137
12454.822,6.065717513222495,0.15736654927314866,5.966064309793479,-0.1211069558869554,0.07372613097392917,0.04770182710498635,0.04770182710580498,0.07313135486385397
12454.842,6.069487080868178,0.15763150561363684,5.969821505120093,-0.12087414438854646,0.06663999033298945,0.041198416053556786,0.04119841605427713,0.06606388949326758
12454.862,6.073262152486189,0.1578703346040291,5.97357741175457,-0.12065953777098064,0.059749991022030054,0.03480509258734087,0.034805092587943655,0.05918637386875521
12454.882,6.077051370984824,0.15808390935327418,5.9773472622254955,-0.12046945566635346,0.05290022463413354,0.028299923967324024,0.028299923967783643,0.052318312729993925
12454.902,6.080906560556237,0.15827445729976156,5.9811740295545475,-0.1203001931535952,0.04588894637687726,0.02167565093799994,0.021675650938285333,0.045305277336247465
12454.922,6.084825795496329,0.15844066034713186,5.985052427261725,-0.1201524169156708,0.038888125596273374,0.01503988710454545,0.015039887104627496,0.03830615644748542
12454.942,6.088766525316742,0.15858024132699833,5.98895233885745,-0.12002204355887607,0.03193699066310427,0.008440563910116938,0.00844056390996857,0.031331252337450835
12454.962,6.092719739468061,0.15869249677160943,5.992903496857521,-0.11992219693235294,0.024924555376627137,0.0018889243392776955,0.0018889243388729522,0.02434369705339848
12454.982,6.0967687695954575,0.1587796925944342,5.9969074879717645,-0.11984915414172616,0.018214320511239647,-0.004473099810431759,-0.004473099811111593,0.017671850988023506
12455.002,6.10082738938123,0.15884030225852905,6.000914387027621,-0.1197972018574243,0.011656274476179002,-0.010730452299334309,-0.010730452300310963,0.011128855468170879
12455.022,6.104879736644172,0.158874470066623,6.004921139919232,-0.11976880020355811,0.005205452027439733,-0.01694070656362862,-0.01694070656492567,0.0046807089210213655
12455.042,6.109004262540622,0.15888277012918423,6.008984297153898,-0.1197664575583174,-0.0011803037686875305,-0.023299212965194473,-0.02329921296683724,-0.0017124303203919437
12455.062,6.113176403194595,0.1588643220867326,6.013057092235417,-0.11978940460032826,-0.0076542337760154774,-0.029802919513603934,-0.029802919515619225,-0.008184663508997088
12455.082,6.1172996718364185,0.15881914402565905,6.017149544062691,-0.1198419298737875,-0.014219334748745604,-0.03601795193490279,-0.03601795193729927,-0.014717366135548025
12455.102,6.121490179674939,0.15874669729719426,6.021306504089363,-0.11993699030112459,-0.02031049656002526,-0.041870005206388394,-0.04187000520916709,-0.020791733364117784
12455.122,6.125745982172763,0.1586476914879556,6.025525440082826,-0.12005877972424948,-0.026194284041335912,-0.04764068633788324,-0.04764068634105431,-0.026653613557613618
12455.142,6.129986303366325,0.15852417087390047,6.029716576350152,-0.12020238346179798,-0.03202847744124187,-0.053342769887154494,-0.05334276989074349,-0.032494557551304336
12455.162,6.134280509138393,0.15837412704788056,6.033950316867724,-0.12036959529219447,-0.03778559602048714,-0.05900560723070616,-0.05900560723472801,-0.03823434272139563
12455.182,6.138607609091594,0.15819835468099,6.038211002607094,-0.12055992771470522,-0.04338124551835225,-0.06457981973534804,-0.06457981973981773,-0.043815528402204845
12455.202,6.1429298823695255,0.15799868955248184,6.042523463131815,-0.12077008617388608,-0.049098141730533326,-0.07010633550483959,-0.07010633550976626,-0.04957021607433803
12455.222,6.1472910363500475,0.15777180669712162,6.046880135417815,-0.12101987654612838,-0.05476634367990219,-0.07534809557558957,-0.07534809558097014,-0.05518518647096337
12455.242,6.151680453130177,0.15751935621004962,6.051258870762819,-0.12129315340838882,-0.06009771347545147,-0.08032040869983235,-0.08032040870566423,-0.06050218458533438
12455.262,6.156071553622366,0.157243727035353,6.055669027024853,-0.12158585610631963,-0.06514966679753974,-0.08512368283202933,-0.08512368283831,-0.06554582030799563
12455.282,6.160627017931704,0.15693560814120366,6.060151471675617,-0.12191487133588605,-0.06987402876787523,-0.0901085855176159,-0.0901085855243426,-0.0702307402744399
12455.302,6.165186956218785,0.15660563115419213,6.064618599930092,-0.12226288090781723,-0.07461164903145127,-0.09501480725830627,-0.09501480726547852,-0.0750059782346904
12455.322,6.169680129518676,0.15625849635096162,6.069082198888349,-0.12263007877750813,-0.0794472405448399,-0.0996920844072611,-0.09969208441487008,-0.0797648413181975
12455.342,6.174248873270084,0.15588484731577637,6.073547623635137,-0.12302582590910911,-0.08374061122534525,-0.10423060827502305,-0.1042306082830634,-0.08404520100079113
12455.362,6.178811517022025,0.15549245807604586,6.078021175224796,-0.12344294249251488,-0.087833426155571,-0.10867390775295933,-0.10867390776142133,-0.08811924012374461
12455.382,6.1833493822758046,0.15508391427164508,6.082476288168808,-0.12387695070043896,-0.09173830939213776,-0.11292533527913827,-0.1129253352880226,-0.09201434637658995
12455.402,6.187891486000082,0.15465713358023342,6.086943362365015,-0.12432860252632014,-0.09568357115317844,-0.11699916370914924,-0.11699916371844613,-0.09595993944852282
12455.422,6.192425695581351,0.15421309385197507,6.091424488644682,-0.12480923604527266,-0.0995526554328843,-0.12086198533990694,-0.12086198534960663,-0.09974240717219815
12455.442,6.196958156273781,0.1537517532936458,6.095982411703925,-0.12532488378042114,-0.10326063417858203,-0.12439280184187815,-0.12439280185194791,-0.10351049580906235
12455.462,6.201580718429239,0.15326432652861238,6.1005915262477,-0.12586956465329882,-0.10678830041338633,-0.12764107213570433,-0.1276410721461311,-0.1070057641857991
12455.482,6.206268589777334,0.15275407405926428,6.105258260653226,-0.12643616185641895,-0.10998599915086545,-0.13058464741366949,-0.13058464742442114,-0.11017058523820068
12455.502,6.210933241705154,0.1522320485021629,6.109931999447089,-0.1270174315193852,-0.1128331447434577,-0.13335780481402928,-0.1333578048250916,-0.11301819329473882
12455.522,6.215734818963734,0.15168056009165673,6.114704815120175,-0.12763272265082515,-0.11592503262527729,-0.13627927255037287,-0.13627927256169886,-0.11611923697162257
12455.542,6.22052031495681,0.15111567366911335,6.119468043960537,-0.1282584251145025,-0.11906406819137309,-0.13898662553632027,-0.1389866255478835,-0.1192299210154292
12455.562,6.225342227979245,0.15053224544148458,6.124228117496363,-0.12890392038743015,-0.12167206260647384,-0.14140835334217455,-0.14140835335394059,-0.12179244573370679
12455.582,6.230102685979818,0.1499443898872382,6.1289425117839516,-0.129553002289912,-0.12407377913809475,-0.14363732389127742,-0.14363732390324357,-0.12409028802195629
12455.602,6.234858832433436,0.14934610310800062,6.133673358562535,-0.13021681784043554,-0.12627006433848392,-0.14574564178909788,-0.1457456418012434,-0.12637772969897293
12455.622,6.239622399436486,0.14873603632624074,6.138393103849964,-0.13088827656945662,-0.12844811409096032,-0.14771951562623367,-0.14771951563854602,-0.12853987559170826
12455.642,6.244363786303738,0.14811825212948018,6.14311657559243,-0.13156390612091126,-0.13063320002707576,-0.14952035537203473,-0.14952035538449102,-0.13070975036997362
12455.662,6.249108961848211,0.1474903488307123,6.1478355005399274,-0.13225444101070638,-0.13248802846513663,-0.15127796799970247,-0.15127796801229296,-0.13254323648847455
12455.682,6.253870396796857,0.146851565213799,6.152549354808536,-0.13295500098975876,-0.13421486890103654,-0.15282686346789912,-0.15282686348060384,-0.13426121282381231
12455.702,6.258620054807747,0.14620630830556725,6.15725372483343,-0.1336619558390564,-0.13583041085378667,-0.1542852131437905,-0.154285213156604,-0.13587177117057847
12455.722,6.2633715482314045,0.14555318484902902,6.161975904730601,-0.1343789944816649,-0.13731860839664345,-0.15566108671282713,-0.15566108672572954,-0.13734830206837265
12455.742,6.268147968135636,0.1448894313226433,6.166726693546323,-0.13510902366283062,-0.13865184355009544,-0.1566141886229886,-0.15661418863591794,-0.1386338816188931
12455.762,6.27297975739946,0.14421312838467626,6.171503552306784,-0.1358610892956994,-0.1394913263631097,-0.15736472133727064,-0.1573647213501882,-0.13946341406879095
12455.782,6.277869859511864,0.14352442731879242,6.176314155938538,-0.13662511150113876,-0.14031589894147314,-0.15799734526964726,-0.1579973452825148,-0.14027369703157228
12455.802,6.282724630966674,0.14283706371235363,6.181133634839741,-0.1373883975390277,-0.14110642642766158,-0.1584752340234706,-0.15847523403626287,-0.14105046875650518
12455.822,6.28760021344877,0.14214299896669702,6.185929616678456,-0.13815434619693037,-0.14167629516748467,-0.15885282143002508,-0.15885282144272742,-0.14177130352307651
12455.842,6.292419706342967,0.1414537762306682,6.190700493239689,-0.13891401751373544,-0.14223441199233214,-0.1590316177101769,-0.15903161772277535,-0.1421498709997879
12455.862,6.297243581292645,0.14076225644082369,6.195447260447544,-0.1396766647020573,-0.14251310929483427,-0.15917566786950754,-0.15917566788200946,-0.1423685239675463
12455.882,6.302047417920398,0.14007266218059308,6.2001882570693825,-0.14044003498969712,-0.14268565182927267,-0.15928394746058747,-0.15928394747299063,-0.14259513005647126
12455.902,6.306880455759683,0.13937794406655638,6.204944415084303,-0.14120505033060626,-0.14279828772237546,-0.159243271774489,-0.15924327178675887,-0.14268152887333768
12455.922,6.311688999948453,0.13868665559192098,6.209674630008736,-0.14196744740198686,-0.14274366464970548,-0.15906033864738084,-0.15906033865950642,-0.1426144173197903
12455.942,6.316486171866247,0.13799748085026997,6.214392444574582,-0.14272771856949218,-0.14262659047299311,-0.15881600495038264,-0.15881600496235967,-0.14249635136751976
12455.962,6.321267828436997,0.1373113972543466,6.21909771326426,-0.1434851579445626,-0.14238784270188987,-0.1584564741618804,-0.15845647417369932,-0.14223028121671555
12455.982,6.326063753779822,0.13662481533664483,6.22381440525598,-0.1442419601443681,-0.14198398441613716,-0.15792977710952436,-0.1579297771211521,-0.1418220300933409
12456.002,6.3308096812370644,0.13594730251173753,6.2285168402871385,-0.14498954321822397,-0.14167500883686332,-0.15728713004348727,-0.1572871300549138,-0.14149233384060347
12456.022,6.335615847920573,0.13526348134834945,6.2332382073529065,-0.14574843722363737,-0.14099507767372468,-0.1565617186500411,-0.1565617186612456,-0.1408144218997041
12456.042,6.3404323546018695,0.1345813320782738,6.237963272597781,-0.14650531078645973,-0.14039905244860862,-0.1558472556388686,-0.15584725564984966,-0.14021927447945176
12456.062,6.345268987411623,0.1338994284226319,6.2427026499387726,-0.14726184589847652,-0.13968926825484296,-0.15501247416364533,-0.15501247417438088,-0.1394884221236761
12456.082,6.350086170633236,0.1332242256014521,6.247423631196263,-0.14801109740998752,-0.13880537224617492,-0.15403154364583113,-0.15403154365630845,-0.138596250276504
12456.102,6.35488418311063,0.1325561420997604,6.25212492274171,-0.14875289683045217,-0.13790102295989354,-0.15303331525221128,-0.15303331526243313,-0.13769382067340954
12456.122,6.359645979743883,0.13189755484635798,6.256799949072306,-0.14948445891245532,-0.13696920860258566,-0.15203121418103255,-0.15203121419101462,-0.13676001908294338
12456.142,6.364417287132231,0.1312421467854617,6.261483524527391,-0.15021297244331566,-0.13603580406072552,-0.15101184185320748,-0.15101184186294214,-0.13581729239213722
12456.162,6.369179107559568,0.13059289006403577,6.266160505253813,-0.15093510036446367,-0.13496014451291505,-0.1498916728484237,-0.1498916728578959,-0.13473449951021985
12456.182,6.373878570112481,0.1299568970109979,6.270809188206674,-0.1516412713791794,-0.13410056114947103,-0.14874129830383803,-0.14874129831305893,-0.13387539007503235
12456.202,6.378604357247701,0.1293219502031438,6.275450780533802,-0.1523478772464216,-0.13300931283094178,-0.14759515558720668,-0.14759515559617717,-0.13278279892099032
12456.222,6.383333325371017,0.12869182701121165,6.28009604661398,-0.1530497829391227,-0.13191562415527786,-0.1464393570661899,-0.14643935707490752,-0.1316815020734966
12456.242,6.388057185583603,0.12806785006106824,6.284739026073162,-0.1537453839563984,-0.13072403773974342,-0.1452060704133671,-0.1452060704218173,-0.1304849041654048
12456.262,6.392732180804553,0.12745567251771941,6.289364803125723,-0.15442674323510033,-0.12970481797830388,-0.143914719727244,-0.14391471973543005,-0.1294600939147764
12456.282,6.397442026749706,0.12684436675016814,6.29398736884787,-0.155109353844995,-0.12843393754643104,-0.14261844424914527,-0.1426184442570707,-0.12819071825578784
12456.302,6.402154192147749,0.12623882275705714,6.2986142668771885,-0.1557869139062101,-0.1271824112308089,-0.1413364798794697,-0.14133647988713754,-0.12694125635096998
12456.322,6.4068856966457925,0.12563687565013337,6.303255866097192,-0.15646069520098022,-0.1258777187718244,-0.14000006376485485,-0.1400000637722517,-0.1256370561120302
12456.342,6.411589856751783,0.12504469672906682,6.307873334150504,-0.15712489333350732,-0.12455673622663016,-0.1386558600034437,-0.13865586001057364,-0.12430532475740742
12456.362,6.416279683072558,0.12446056675708977,6.312478107985138,-0.15778134092708315,-0.12328330107663693,-0.13735246158470132,-0.1373524615915716,-0.1230408667583827
12456.382,6.420951121699429,0.12388468830938086,6.317067756341327,-0.15842926999410217,-0.1220160397725202,-0.1360551307616004,-0.1360551307682203,-0.12176842597432905
12456.402,6.425580799100053,0.12331994216786901,6.321650827816412,-0.15906927842454527,-0.12082359883806645,-0.1346819609692601,-0.13468196097563187,-0.12056790979074229
12456.422,6.430234219723189,0.12275816277734466,6.326225630218833,-0.15970125438596672,-0.11947012049236921,-0.1333347242846362,-0.13333472429076187,-0.11922004283972105
12456.442,6.434867638126447,0.12220500678137111,6.330785288467653,-0.16032509210264054,-0.11817144514182035,-0.13203198091917678,-0.13203198092506443,-0.11792495688555911
12456.462,6.439498127307555,0.12165828040027282,6.33534057114503,-0.16094193455319086,-0.11688178102571431,-0.13073671288609678,-0.13073671289174899,-0.11663510343480832
12456.482,6.444084853805961,0.12112231003838625,6.339888967284702,-0.16154488150572516,-0.11574352266741422,-0.12940641619053872,-0.1294064161959629,-0.11549267811304749
12456.502,6.448707930399389,0.12058792074832209,6.344439454003096,-0.16214875035741538,-0.11441894842059365,-0.12810344860504533,-0.1281034486102424,-0.11416903313224008
12456.522,6.453312817676586,0.12006178253241549,6.348975754510483,-0.1627447808527925,-0.11310237231042383,-0.12680801717802573,-0.12680801718300144,-0.11285272110745154
12456.542,6.457916061323923,0.11954199013390125,6.353509953920337,-0.163334323703767,-0.11178229781862041,-0.12551085902762302,-0.1255108590323793,-0.11153413405455079
12456.562,6.462496599637881,0.11903026278505148,6.358050685099198,-0.1639122555255747,-0.11060528547891396,-0.12416394335959079,-0.12416394336412719,-0.11035277656063927
12456.582,6.467088113743042,0.1185234796604928,6.362574739914273,-0.16448784086293475,-0.10925234098747255,-0.12286735220787724,-0.12286735221220686,-0.10899918682078422
12456.602,6.471674430774623,0.11802353498260437,6.367094775085613,-0.16505612139596165,-0.10791340977403324,-0.12157567671095106,-0.12157567671507527,-0.10766234471126962
12456.622,6.476213490416875,0.1175347346137677,6.371604004171355,-0.16561059650142299,-0.10674046547150344,-0.12025046739589552,-0.12025046739981744,-0.10648697823997395
12456.642,6.480781972447743,0.11704832200382319,6.3761059920894505,-0.16616554990120957,-0.10539965842191465,-0.11895331058432632,-0.11895331058805007,-0.10514638379287679
12456.662,6.4853200966791205,0.11657131013126198,6.380583257995904,-0.16671017823116904,-0.10402906361261699,-0.11766011681106843,-0.11766011681460868,-0.10377465154412382
12456.682,6.489841091174294,0.11610240975196845,6.385046881689929,-0.1672457864900804,-0.10266443065186319,-0.1163778969449633,-0.11637789694832443,-0.10242363796514711
12456.702,6.494328010215322,0.11564281349215184,6.389510547231534,-0.16776892367094917,-0.10148066838581989,-0.11507870311471453,-0.11507870311790025,-0.10122558952133828
12456.722,6.498835157492037,0.11518692009803966,6.393966638308844,-0.1682924006554783,-0.10013943313380616,-0.11381121930590417,-0.11381121930892044,-0.09988490856928763
12456.742,6.503347428129475,0.1147366673270719,6.398423482954227,-0.16881057167546087,-0.09877003817917092,-0.11253314611608953,-0.11253314611893818,-0.09851525979885443
12456.762,6.507846176518811,0.11429399381272436,6.402870009503963,-0.16931984335688982,-0.0973954779723098,-0.1112658712798852,-0.11126587128257649,-0.09714032471419329
12456.782,6.512308090165098,0.11386059465532788,6.407313539786819,-0.16981612514159228,-0.09621821700963124,-0.11000052249451779,-0.11000052249705614,-0.09596312527433984
12456.802,6.516796185870356,0.11343041692007663,6.411748425866505,-0.17031306811047278,-0.09488414986883767,-0.10875459293241004,-0.10875459293479933,-0.09462948472467131
12456.822,6.521262002817575,0.11300847179889285,6.416169414221656,-0.17080269246101665,-0.09353838978715094,-0.1075262914038483,-0.10752629140609846,-0.09328959452114224
12456.842,6.5257541248912165,0.11259007540246106,6.4206110447444145,-0.171288656115673,-0.09219518105021425,-0.10629722745336269,-0.10629722745546953,-0.09194152669198537
12456.862,6.530207175669743,0.11218142129940112,6.42501765203413,-0.17176407560326976,-0.09082956782545461,-0.10507949350243749,-0.1050794935044142,-0.09058458481175194
12456.882,6.534646580154884,0.1117799263531602,6.429417191732236,-0.17223348602707392,-0.0895637575719332,-0.1039327968360714,-0.10393279683792557,-0.08932076459056713
12456.902,6.539087024842142,0.11138395042093059,6.433817390936555,-0.1726981511922275,-0.0883186842774604,-0.102808062561413,-0.10280806256314581,-0.0880777884559418
12456.922,6.543526139595042,0.11099359920512977,6.438215659343115,-0.17315770488870585,-0.08710509046157318,-0.10171215811185501,-0.10171215811346994,-0.08686605394963133
12456.942,6.547958007816357,0.11060929893711938,6.442605537148712,-0.17361083507426547,-0.08587178087463072,-0.10062118036406263,-0.10062118036556658,-0.08562806275863662
12456.962,6.552373070731132,0.11023179779446823,6.446979722657364,-0.1740571424182389,-0.08475228673654132,-0.09960930318224427,-0.09960930318364734,-0.08452734793548418
12456.982,6.556773749616638,0.10986026453998543,6.451347583931815,-0.1744980040674913,-0.08371242846854893,-0.09868496979039774,-0.09868496979170449,-0.08349355668960792
12457.002,6.561156413420772,0.10949454722079652,6.455723137068697,-0.17492964547084772,-0.0828792499541103,-0.0977982723844127,-0.09779827238562311,-0.0826687588739274
12457.022,6.565566188631445,0.10913028663237538,6.460094056670244,-0.1753641850143635,-0.08195248565333224,-0.09699078585814987,-0.09699078585926935,-0.08174197706719485
12457.042,6.569932010289319,0.10877358342382117,6.464426634057392,-0.17579073799263217,-0.08114494025819509,-0.09627173335410007,-0.09627173335514634,-0.08094917472496299
12457.062,6.574296617189529,0.108420307773149,6.468764157603992,-0.17621475839238201,-0.08039393364364752,-0.09561711151033037,-0.09561711151130321,-0.08016763932136459
12457.082,6.578669058656964,0.10806959583586506,6.473106581855895,-0.1766364237890886,-0.07966981652601973,-0.09498347496112988,-0.09498347496202761,-0.07940083362100946
12457.102,6.5830273251519555,0.10772324468758714,6.477436000571672,-0.1770540959534245,-0.07895014672740934,-0.09436704263717188,-0.09436704263799936,-0.07876382399386712
12457.122,6.587395314791621,0.10737906697453625,6.481768077402909,-0.17746950211915025,-0.07829640041838146,-0.09380305677892346,-0.0938030567796833,-0.07810815762698017
12457.142,6.591720061277559,0.10704100556170673,6.486069879470135,-0.17787894665768358,-0.07775451146762374,-0.09334954900593831,-0.09334954900664474,-0.07758880290731894
12457.162,6.5960464251324105,0.10670493219779516,6.4903738673797005,-0.1782871515807273,-0.07729776961325441,-0.09296908790583057,-0.09296908790648445,-0.07713508700420081
12457.182,6.600379690358478,0.1063702540725359,6.494684411131445,-0.1786945492077573,-0.07687218589757921,-0.09262192091255983,-0.09262192091316096,-0.07671353630754266
12457.202,6.604724613209447,0.10603644727741729,6.499000032605964,-0.1791011813706711,-0.07651244586282067,-0.09231742411307732,-0.09231742411362545,-0.076357254733896
12457.222,6.6090360011021225,0.10570674818402473,6.503289159881484,-0.17950239920523614,-0.07616030586351608,-0.09204438200245002,-0.09204438200295526,-0.07601747052452598
12457.242,6.613314697608986,0.10538049472841933,6.5075698683503305,-0.17989640117460207,-0.07607591547429814,-0.09187294669217934,-0.09187294669264551,-0.07594189683116236
12457.262,6.6176133298403235,0.10505318037310941,6.511849570024181,-0.1802960573878385,-0.07591894020196137,-0.09176341656931272,-0.09176341656974164,-0.07578536143890802
12457.282,6.62191389890254,0.10472637785807382,6.516131216610327,-0.18069536311281886,-0.07577154175993087,-0.09166781840159567,-0.09166781840198768,-0.07564057047494895
12457.302,6.62621799387494,0.10439976758994728,6.520408741565879,-0.18109401065489786,-0.07569455370499602,-0.09162301725280093,-0.09162301725315736,-0.0755717648769119
12457.322,6.630456488684801,0.1040783309454341,6.524634229502976,-0.18148684001957704,-0.07569519678254448,-0.09165184900694114,-0.0916518490072797,-0.07557687733234227
12457.342,6.634715962851619,0.10375531518226382,6.528877744370074,-0.18188146428684146,-0.07568271233959245,-0.0916714449442129,-0.09167144494452703,-0.07556448531465529
12457.362,6.638973124054259,0.103432506078353,6.533119768510872,-0.18227598410849083,-0.0756821761247176,-0.09170177261658712,-0.09170177261687731,-0.07556286614405103
12457.382,6.643237053068138,0.10310918943663537,6.537367993670077,-0.18267108291279419,-0.07568092843063369,-0.0917313344841305,-0.09173133448439617,-0.0755626874938633
12457.402,6.64750053438466,0.10278591473215615,6.541612114844998,-0.18306540046844197,-0.07567482070863982,-0.09175526228938273,-0.09175526228962518,-0.07555682096152151
12457.422,6.651717229907828,0.10246620006377244,6.545816494040251,-0.18345543325993433,-0.07567794555561075,-0.09178424286493453,-0.09178424286516483,-0.07556005670240522
12457.442,6.655939267019605,0.10214606687111283,6.5500266350245075,-0.18384604977481608,-0.07568113087921648,-0.091815750073672,-0.09181575007388951,-0.07556325252517539
12457.462,6.660174032135812,0.10182482422476967,6.554245568699243,-0.18423747399896345,-0.07572698543185172,-0.09186400853635658,-0.09186400853655866,-0.07560951907351135
12457.482,6.664386123377572,0.10150517251715076,6.558459948139263,-0.18462566918459802,-0.07584078765045141,-0.09189738601712018,-0.09189738601730926,-0.0757388389841653
12457.502,6.668564606786104,0.10118739163695392,6.5626293168283105,-0.185012412621262,-0.07596572228896432,-0.09202603726558785,-0.09202603726577688,-0.07585752603501701
12457.522,6.672757968854761,0.10086804070922285,6.566812440938654,-0.1854008685454109,-0.07604944097219818,-0.09212270051328654,-0.09212270051347023,-0.07593880148715036
12457.542,6.6769601738518105,0.10054759471165936,6.57100010209553,-0.1857902357406362,-0.07616772991228873,-0.09222965627360728,-0.09222965627378454,-0.07605804246917845
12457.562,6.681155268382276,0.10022726998327833,6.5751843028475285,-0.18617874234972667,-0.07624884264209777,-0.09232659866471055,-0.09232659866488342,-0.07621248896708434
12457.582,6.6853311305943555,0.09990763754186768,6.579362726358864,-0.18656120090470632,-0.07648620163237592,-0.09246428909290771,-0.09246428909307856,-0.07638553412549942
12457.602,6.689478641091661,0.09958936659269003,6.583502919323358,-0.18694719342742433,-0.07671100726380393,-0.09268254048353787,-0.0926825404837192,-0.07661956013142641
12457.622,6.693646335909143,0.09926848607436851,6.5876613380314755,-0.1873359036005956,-0.07697079001249317,-0.09292871924307826,-0.09292871924326507,-0.07687936793189212
12457.642,6.697815128054785,0.09894640765281272,6.5918223352402885,-0.18772528145155598,-0.07724970168567075,-0.093190332269152,-0.09319033226934335,-0.07721910381223418
12457.662,6.7019807026108875,0.09862305470255707,6.595992590312731,-0.18811176171379843,-0.07762582476147031,-0.09346568126986084,-0.09346568127005421,-0.0775348976784102
12457.682,6.706125867984484,0.09829989759909086,6.600129037591764,-0.18850155066311738,-0.07800624809764471,-0.09381412688924672,-0.09381412688945043,-0.07792692049455674
12457.702,6.710266993815959,0.09797540408652966,6.604261239999432,-0.18889238543517803,-0.07839926040837059,-0.0941742556154148,-0.09417425561562555,-0.07832303244453333
12457.722,6.7143997682232275,0.09764983966010779,6.608387238526926,-0.1892835654529211,-0.07883326380788533,-0.09456986167045389,-0.09456986167067574,-0.0787599123270396
12457.742,6.71853015334541,0.0973224446658958,6.612522924555325,-0.1896717403215485,-0.07937101632975618,-0.09498657589762172,-0.09498657589785339,-0.07930232431989752
12457.762,6.7226582012116705,0.09699311912027891,6.616644580113714,-0.190066631498091,-0.079865767490968,-0.09544980226281932,-0.09544980226306786,-0.07982111212688844
12457.782,6.726801778008694,0.09666004152213761,6.620776281000822,-0.19046463247832746,-0.08054133768061271,-0.09605546384992797,-0.09605546385018594,-0.08048836078305105
12457.802,6.7308988560098015,0.09632790540446222,6.624868316124471,-0.19086074375760415,-0.08125396812370315,-0.09669699328462195,-0.09669699328489793,-0.08121147679318866
12457.822,6.7350034163865775,0.09599198127636864,6.628979101805977,-0.19125617770439848,-0.08209854665834912,-0.09739661209325375,-0.09739661209354315,-0.08206555945241448
12457.842,6.739123739327864,0.09565110174881085,6.633094664586837,-0.1916612579327118,-0.08300772476088099,-0.09820217240144596,-0.09820217240174749,-0.08298373900813845
12457.862,6.743269283768176,0.09530438097951595,6.637226412360907,-0.19206912108316987,-0.08387032753561452,-0.09897677997180036,-0.09897677997209457,-0.08383923116148913
12457.882,6.747347866440194,0.09495964909152607,6.6412978326603636,-0.19247466303870178,-0.08482011118137646,-0.09983138192505925,-0.09983138192535078,-0.08480760058689196
12457.902,6.75140967807527,0.09461197879098451,6.645362069144439,-0.192886451788653,-0.08594845389685965,-0.10079460286773251,-0.10079460286801661,-0.08593721631821648
12457.922,6.755458417517178,0.09426091041379488,6.649407339520998,-0.19329643646787711,-0.08705544618170792,-0.10180342199341377,-0.10180342199369455,-0.08705341039178506
12457.942,6.7595047121813066,0.09390534236305044,6.653448676619313,-0.19371054704071564,-0.08825931544990431,-0.10288495536662892,-0.10288495536690609,-0.08826634378601847
12457.962,6.763549845526706,0.09354480614826467,6.657486684253616,-0.1941332154140089,-0.08950233363193527,-0.10401055997664276,-0.10401055997691544,-0.08950719338971917
12457.982,6.7675637580522565,0.09318190461706156,6.66149820972884,-0.19455338292037985,-0.09085688480425394,-0.10521713916469745,-0.10521713916497821,-0.09087861687765249
12458.002,6.771600708467739,0.0928112180002189,6.665539743513882,-0.19498158687468492,-0.09226387008316725,-0.10645070698875912,-0.10645070698904195,-0.09228428103198037
12458.022,6.775646014356183,0.0924340654298608,6.669582274594,-0.19541523912052935,-0.09366976543415186,-0.1077163775329811,-0.10771637753326763,-0.09369449372600648
12458.042,6.779695104609403,0.09205070037551179,6.67362977166299,-0.19585889758596337,-0.09511297891007284,-0.10902813412757174,-0.10902813412785993,-0.0951199707590506
12458.062,6.783728817054006,0.09166304043437339,6.677661569463792,-0.19630146511339777,-0.0965491992240206,-0.11031927771752477,-0.11031927771781674,-0.09657990867606016
12458.082,6.787780064261259,0.09126753767380837,6.681710182645789,-0.1967517894850636,-0.0981000201579292,-0.11167879809092232,-0.11167879809121563,-0.09814314145397866
12458.102,6.791807187593531,0.09086796352582677,6.6857358124485495,-0.19720580660203268,-0.09967923908998727,-0.1130866614443466,-0.11308666144465374,-0.09971547507836365
12458.122,6.795854158044083,0.09046005615825864,6.689783966508561,-0.19767223992457703,-0.10121115656056393,-0.11448388041501217,-0.11448388041532875,-0.10123479239943134
12458.142,6.799886643162535,0.09004759874288053,6.693824739037545,-0.19813865308184295,-0.10264931235716812,-0.11583073009350203,-0.1158307300938342,-0.10267874964567898
12458.162,6.803924518432497,0.08962862618272492,6.697873638714693,-0.19861617907279128,-0.10410423956262507,-0.11720288689782829,-0.11720288689817236,-0.10412957249063394
12458.182,6.807976444836198,0.08920231895545083,6.701934920075881,-0.19909648450385453,-0.1055561817672024,-0.11857332488826103,-0.11857332488861766,-0.10559005158164021
12458.202,6.812030556224389,0.08876967912721574,6.705995086974203,-0.19958235945057057,-0.10706871294152244,-0.11997694030697251,-0.119976940307345,-0.10710028574702898
12458.222,6.816079353648657,0.0883314554059592,6.7100495861450495,-0.20007325970712114,-0.10856595290740466,-0.12135136328629242,-0.1213513632866897,-0.10859779372038958
12458.242,6.8201549444861245,0.08788415136786838,6.714125105096178,-0.2005728530463427,-0.11006203394948509,-0.12271460600680768,-0.12271460600722407,-0.11011701452810686
12458.262,6.824201410820703,0.08743405127655232,6.718195366914782,-0.20108149741464632,-0.11147497027248522,-0.12411559461289196,-0.12411559461332794,-0.11149856113857859
12458.282,6.82825529895377,0.0869773192035726,6.722276681010314,-0.2015930184199549,-0.11290827810160184,-0.12555947762908795,-0.12555947762954406,-0.11300288956173979
12458.302,6.83231070885086,0.08651454053758448,6.7263599321386085,-0.20211079102542498,-0.11433517938526001,-0.12699437131795974,-0.1269943713184395,-0.11435697724888401
12458.322,6.8363719029480965,0.0860453181700529,6.730447122242322,-0.20263491760230248,-0.1157196614274107,-0.12839328071278183,-0.1283932807132896,-0.11574115148868747
12458.342,6.8404560276992115,0.08556787141686203,6.734535106827368,-0.20316496687812485,-0.11698668143985287,-0.12981160443390374,-0.1298116044344421,-0.116990232980343
12458.362,6.84455014724984,0.08508420862223008,6.738624645317223,-0.20370120917467607,-0.11821243003831645,-0.13126069235230317,-0.13126069235287016,-0.11822083921321726
12458.382,6.848644021632444,0.08459542809230519,6.742706389286783,-0.20424206268513864,-0.11944880116561404,-0.13267878496164856,-0.1326787849622448,-0.11945838087942887
12458.402,6.852720901446254,0.08410355543468019,6.746777401503767,-0.2047878401733341,-0.12067736941901513,-0.1341144565168557,-0.13411445651748632,-0.12068123774957523
12458.422,6.856808478223448,0.08360534696716891,6.750857207849988,-0.20534060957931854,-0.12189616303346505,-0.13553206052523847,-0.1355320605259054,-0.12190158880869123
12458.442,6.860903336824119,0.08310116474215659,6.754941363568411,-0.20589990879534226,-0.12312201839472837,-0.1369571487506998,-0.1369571487514044,-0.1231276045639302
12458.462,6.864980385126758,0.08259409367824772,6.759017258554044,-0.2064642187729115,-0.12435674472940818,-0.1384269289704178,-0.1384269289711668,-0.1243619821015891
12458.482,6.8690857684535915,0.08207835911645985,6.763114749438345,-0.20703752963175392,-0.12558190562769836,-0.1398599734022664,-0.13985997340305353,-0.12558742967348582
12458.502,6.873186867644378,0.08155804832329744,6.767209985208416,-0.2076161851477718,-0.12681383960852408,-0.14127617254954405,-0.1412761725503691,-0.12682010154385884
12458.522,6.877283985152535,0.0810331269552227,6.771299011412956,-0.20820012608062485,-0.12803612840358652,-0.14270610944330694,-0.14270610944417556,-0.12804144892078567
12458.542,6.881388728155367,0.08050211629092882,6.775394980079831,-0.20879092397577964,-0.12926672529515243,-0.14414853874477387,-0.14414853874568648,-0.12927199381150187
12458.562,6.885495208845118,0.07996566297656268,6.779495730417761,-0.20938871830819053,-0.13052452310548626,-0.14563538131134524,-0.14563538131230394,-0.13053179408030094
12458.582,6.889616159443441,0.07942205966305958,6.783603376069852,-0.20999373333572616,-0.13179185732979484,-0.14708027053181325,-0.14708027053281833,-0.13179610536558165
12458.602,6.8937458686084,0.07887195234835814,6.787716132991484,-0.21060542239030877,-0.13307310833093003,-0.14850665211334596,-0.14850665211439534,-0.13308563122920164
12458.622,6.8978545175110515,0.07831933032450067,6.7918150174585055,-0.21122062909712297,-0.13431511973231278,-0.14993614364414756,-0.1499361436452497,-0.13432081454304928
12458.642,6.9019680795079354,0.07776088695596516,6.795925599054742,-0.21184392112923633,-0.13555613828011231,-0.1514225759278949,-0.1514225759290499,-0.1355672329973447
12458.662,6.906095991073719,0.07719518923668199,6.80004106785558,-0.21247444610699875,-0.13683005343230095,-0.15287542135671828,-0.15287542135792906,-0.13684250545503474
12458.682,6.910237865302052,0.07662215369018197,6.804162252943213,-0.21311187728131922,-0.13813028950279185,-0.1543288536519591,-0.15432885365322407,-0.1381441956765333
12458.702,6.914362736046536,0.07604617508991734,6.808276047089236,-0.2137537545110397,-0.13935305217078778,-0.1557547992633024,-0.15575479926462474,-0.13935963862318082
12458.722,6.918492746046826,0.07546428352696408,6.812395966147697,-0.2144029897956501,-0.1405912786494795,-0.15721069747634864,-0.1572106974777306,-0.14059807108894096
12458.742,6.92262993519327,0.07487614017555357,6.816526539074028,-0.2150600781708792,-0.14184671350577008,-0.15870577952686166,-0.1587057795283024,-0.14185769518794572
12458.762,6.926782607904143,0.07428038477150338,6.820659543483965,-0.21572372642532314,-0.14311253422342257,-0.16012824321811234,-0.16012824321961172,-0.1431087699936596
12458.782,6.930906905730762,0.07368354729462741,6.8247746954713495,-0.21639022925583032,-0.1443084119125396,-0.16152139160196682,-0.16152139160353376,-0.14430642835260862
12458.802,6.935050968383044,0.07307889444356397,6.82890705931654,-0.21706555987147488,-0.14547406415837022,-0.16289161808966018,-0.1628916180912848,-0.14547625295564204
12458.822,6.939182869068141,0.07247099539412262,6.833036002851976,-0.21774607874036325,-0.14667057285968182,-0.1643266291200544,-0.16432662912174476,-0.14667197564956985
12458.842,6.94333096668647,0.07185572399858682,6.837169558058189,-0.21843301350405311,-0.147789540114239,-0.16557003038117635,-0.1655700303829317,-0.14777561276372664
12458.862,6.947488911771776,0.07123482427071853,6.841324489935172,-0.21912807417947747,-0.1486258662865772,-0.16652610701294945,-0.1665261070147455,-0.1485779116397721
12458.882,6.951638892411933,0.07061215332378584,6.845461835840906,-0.21982368624048157,-0.14922358543953998,-0.1671973684319493,-0.16719736843377855,-0.1491630002051417
12458.902,6.9557741843218155,0.06998923490529425,6.849583496128216,-0.220519448354214,-0.14979713520722487,-0.16784535934461525,-0.16784535934647377,-0.14973576111383372
12458.922,6.959892378294329,0.06936652932866907,6.853692915310906,-0.2212159765355442,-0.15033376616919442,-0.1684490283652315,-0.16844902836712364,-0.15027001325301495
12458.942,6.964017746157291,0.06874048471142344,6.857805409743566,-0.2219155126323499,-0.15087606697585745,-0.16907853519086383,-0.1690785351927883,-0.1508104042853916
12458.962,6.968138207354665,0.06811297993603752,6.861912178979991,-0.22261654296978933,-0.1513451686160372,-0.1696184028957451,-0.16961840289770116,-0.15126447238760138
12458.982,6.972246880379259,0.06748560897479888,6.866010752855767,-0.2233185678353053,-0.15169524271422496,-0.17003001949818752,-0.17003001950018196,-0.1516101468835518
12459.002,6.976379711877906,0.06685312901831554,6.8701324542495055,-0.22402621691775101,-0.1520277137872945,-0.17042543004163943,-0.170425430043662,-0.1519457270530077
12459.022,6.980522964921493,0.06621763076947691,6.874266950036882,-0.2247378195309717,-0.15235656692300814,-0.17082814465196344,-0.1708281446540028,-0.15226577546451323
12459.042,6.984665092572206,0.06558113395673938,6.878391837765582,-0.22544931663947368,-0.1525649678531073,-0.17105425160618976,-0.17105425160823454,-0.1524611682331697
12459.062,6.988766288410191,0.0649503738379668,6.882481242930436,-0.22615554360908638,-0.15262687931611152,-0.17112598079243846,-0.17112598079450095,-0.1525168200274327
12459.082,6.9928764632836184,0.06431797947376697,6.886579608871885,-0.226863567385226,-0.15269296592388423,-0.17120200746317785,-0.17120200746526007,-0.15257932876854768
12459.102,6.996996796192022,0.06368381694898179,6.890690296035998,-0.22757402631990692,-0.15272780761920865,-0.17124315102728727,-0.17124315102938656,-0.15261025577238077
12459.122,7.0011444606673,0.06304539043760986,6.894828279130016,-0.22828941781304105,-0.1527164119504656,-0.17124270758426086,-0.17124270758635768,-0.15258805303636122
12459.142,7.005283517667654,0.062408655130934604,6.898951867036665,-0.22900204001131444,-0.1525449122756003,-0.17103231938814095,-0.1710323193902166,-0.15240570948099025
12459.162,7.0093880090527065,0.06177812937991368,6.903046815749866,-0.22970851840657733,-0.1522774684838838,-0.17068033014886877,-0.17068033015092907,-0.15212937668371504
12459.182,7.013478631341338,0.06115103364654736,6.907126562127566,-0.23041099727832615,-0.15194198448485485,-0.1702801343464288,-0.17028013434848036,-0.1517850790391046
12459.202,7.017589920112521,0.060522362537236835,6.9112232698622424,-0.23111462393768478,-0.15152265361627965,-0.16979075521596082,-0.16979075521798895,-0.1513590861081007
12459.222,7.021695962484566,0.05989642160756143,6.915315022941743,-0.23181527161459084,-0.15101947110939362,-0.1691963368399207,-0.16919633684191324,-0.15084462231828966
12459.242,7.0257915184126665,0.05927441319574593,6.919401384504909,-0.2325122529223754,-0.15043100021247888,-0.16846134878286995,-0.16846134878480995,-0.15025525197718562
12459.262,7.029860020588203,0.0586591365359061,6.923457477189809,-0.23320076140247667,-0.14971766699067846,-0.16760999626965295,-0.16760999627154277,-0.14951984850454392
12459.282,7.03392787473385,0.058047226018676526,6.92751098018359,-0.23388501834059933,-0.14888156758138735,-0.16661971390646443,-0.1666197139083037,-0.14867565989153042
12459.302,7.037975710114903,0.05744193713816062,6.93155047149629,-0.23456262182524598,-0.14797239925483766,-0.16554831729775077,-0.16554831729954966,-0.1477624193666594
12459.322,7.042056614589886,0.0568354630432417,6.9356242077756765,-0.23524151695968099,-0.14705637213807693,-0.16442241666566443,-0.1644224166674066,-0.14684841612734706
12459.342,7.046143847641556,0.05623213949289174,6.939696859504867,-0.23591555946393622,-0.14603208317194016,-0.1632017603933704,-0.16320176039503376,-0.14580211182867514
12459.362,7.050197507216504,0.05563835431138776,6.943739484972994,-0.23657874983053462,-0.14484087698321468,-0.1617841943495126,-0.1617841943510958,-0.1445980369477953
12459.382,7.054243279054589,0.05505084235792717,6.947768606184347,-0.23723371032189172,-0.1435646452461868,-0.16030076974102989,-0.1603007697425347,-0.1433165910603486
12459.402,7.058261040587267,0.054472676079127355,6.951783841403555,-0.23788009733803636,-0.14228243088162773,-0.1587565680849537,-0.15875656808639307,-0.14203737454470522
12459.422,7.062319456242315,0.053893944055299674,6.955826219317157,-0.2385242987754922,-0.14098224438279655,-0.15722234911715832,-0.15722234911852273,-0.14072560620321095
12459.442,7.066381666217713,0.0533202227588303,6.959873195307776,-0.23916283678702244,-0.13958818355097033,-0.1555511326130142,-0.15555113261428072,-0.13931762352015942
12459.462,7.070415617750525,0.052756644384784716,6.963894429585529,-0.2397883225779381,-0.1380152770700778,-0.15369118261154308,-0.15369118261271453,-0.13773498901586886
12459.482,7.0744212480779245,0.05220355855971537,6.967897884191363,-0.2403960593546571,-0.13640921178345025,-0.15174198024911822,-0.15174198025020624,-0.13612074189586143
12459.502,7.0784529646730645,0.05165361377868173,6.971908089855499,-0.24100492800528317,-0.1347323589751984,-0.1498663212196014,-0.1498663212206085,-0.13449310194470016
12459.522,7.082502593100583,0.05110791715414123,6.975935266056446,-0.24160862773543443,-0.133107929668479,-0.14797032117146186,-0.14797032117237582,-0.1328174917110209
12459.542,7.086530766190069,0.05057204054599785,6.979956023385332,-0.24220330057055,-0.13138685995790414,-0.14591435934361072,-0.14591435934441999,-0.13108881397356642
12459.562,7.090550060846502,0.05004461657713471,6.98395924424964,-0.24278581867956964,-0.12955339613184555,-0.14378739204326338,-0.14378739204397134,-0.12924801386027804
12459.582,7.094547107029155,0.04952768173624292,6.987944731133469,-0.24335659677383023,-0.12767816864354745,-0.14162344366405927,-0.14162344366467836,-0.12737458311344035
12459.602,7.098572623512063,0.04901462298345735,6.991952778115072,-0.2439217729868359,-0.125877044615041,-0.13949487184190423,-0.1394948718424316,-0.12557559589430678
12459.622,7.102599439731965,0.04850879702726988,6.995969734097829,-0.24447925377595783,-0.1240375570087788,-0.13733870629016265,-0.13733870629059744,-0.12372610445611894
12459.642,7.106642785787632,0.04800849379640519,7.000000809700495,-0.24502918266568863,-0.12212341233708536,-0.1350142798486352,-0.13501427984895803,-0.12179789370660668
12459.662,7.11066672902459,0.04751887450072794,7.004002722676055,-0.2455645005483885,-0.12003418993813691,-0.13263656202184662,-0.1326365620220629,-0.11970665622839878
12459.682,7.114658184306466,0.047041662169811385,7.00798204114973,-0.24608686711163916,-0.11795798314247528,-0.13024022519380013,-0.1302402251939208,-0.11763258248006249
12459.702,7.118658099401446,0.04657182457394664,7.011969566221013,-0.24660075323125724,-0.11591284559069642,-0.12788548299229166,-0.12788548299232028,-0.11559472217741003
12459.722,7.122658279742082,0.04611009277408927,7.015971620035599,-0.24710689401795785,-0.11393919099825014,-0.12551176587521565,-0.12551176587515064,-0.11362570241730928
12459.742,7.126684431097811,0.04565357220506312,7.019988870165138,-0.24760388141071568,-0.11184590531563046,-0.12305035096562432,-0.1230503509654548,-0.11151261238794741
12459.762,7.130694934578468,0.04520751794362114,7.023990943428059,-0.2480881659512365,-0.1096829983849848,-0.12051842090309735,-0.12051842090282763,-0.10934796215791819
12459.782,7.134697492434884,0.044771160431473736,7.027981114981237,-0.24856075438682287,-0.10749981482706204,-0.11799971573346589,-0.11799971573310152,-0.10716747310097091
12459.802,7.138693589728011,0.04434403685972806,7.0319694530787125,-0.24902303228470396,-0.10544619925053181,-0.11549269903443778,-0.11549269903398474,-0.10511860489768067
12459.822,7.142691272990144,0.04392513840424577,7.035963251919366,-0.24947570139928232,-0.10335653775404127,-0.11304106860668318,-0.11304106860614696,-0.10302391224027187
12459.842,7.146709910246842,0.043512651533689155,7.039975620953761,-0.24991903074553984,-0.10121295378629369,-0.11053382840052876,-0.11053382839990623,-0.10087834867125794
12459.862,7.150737472545986,0.04310792114611726,7.043987193553771,-0.2503516633986474,-0.09909471816149833,-0.10800466060627366,-0.1080046606055639,-0.09876105176175286
12459.882,7.154746549092369,0.0427136881669647,7.047989078859358,-0.250772862516971,-0.09694515262374431,-0.10549368461919766,-0.10549368461840601,-0.09662877598859029
12459.902,7.158734087107845,0.042330125853903056,7.051982055964082,-0.2511827215965415,-0.09483796415142473,-0.10296779990077612,-0.10296779989991167,-0.09450751354409771
12459.922,7.162732505705771,0.04195404656047709,7.055984286970046,-0.25158364502337965,-0.09270899981651469,-0.10043820473871823,-0.1004382047377828,-0.0923707658475176
12459.942,7.166763434468534,0.041583743881769664,7.060000581713193,-0.25197432783105583,-0.0905082830860729,-0.09793628460590798,-0.09793628460489924,-0.09017033804225458
12459.962,7.170785719356812,0.04122311316455156,7.06401314589771,-0.2523540595658129,-0.08833814229164866,-0.0954366659121203,-0.09543666591103692,-0.08800584599636875
12459.982,7.174796356380829,0.04087222878776988,7.068017801498547,-0.25272213288618167,-0.08619577258348693,-0.09294491959718137,-0.09294491959602748,-0.08586398218032358
12460.002,7.178809775982644,0.040529593122426676,7.07201658320701,-0.25307904569771245,-0.08409463741962678,-0.09043125504484104,-0.09043125504362257,-0.08376137285976225
12460.022,7.182812179300088,0.04019652301248056,7.076020989339246,-0.25342629696699853,-0.08194284988075018,-0.08789809887390908,-0.08789809887263242,-0.08160394495389127
12460.042,7.18683532984381,0.03987055215634318,7.080034261608449,-0.2537636302444893,-0.07975271839933744,-0.08539195189295497,-0.08539195189162177,-0.07941548974094145
12460.062,7.190852128959192,0.0395538926764845,7.084043424713118,-0.2540896868285771,-0.07759248638485437,-0.08289402185600489,-0.0828940218546182,-0.07700338786594124
12460.082,7.19478931278388,0.03925261846553501,7.088031657222007,-0.25440326939680097,-0.07511785676058255,-0.0804095107918825,-0.08040951079045629,-0.07474756964028538
12460.102,7.19873708446279,0.038960501412987486,7.092034264541648,-0.2547075624898745,-0.0726037580865373,-0.07792352161779566,-0.07792352161633506,-0.07223280989039918
12460.122,7.202689672096714,0.038677930726722584,7.096037450079732,-0.25500052862230804,-0.07014988775241209,-0.07544805589768801,-0.07544805589620038,-0.06978707179204366
12460.142,7.20667880548218,0.03840243254695807,7.10006678374525,-0.25527676588751835,-0.06780516103436784,-0.07295318548368364,-0.07295318548216885,-0.06742913674614757
12460.162,7.210650152661031,0.038137905975974565,7.104071931709336,-0.2555496566970679,-0.06520510333280546,-0.07046343909890063,-0.07046343909736781,-0.06482765021976147
12460.182,7.214588245378593,0.0378858388764013,7.108050967437606,-0.25581053178118796,-0.06264135461115988,-0.0679931011663522,-0.06799310116481107,-0.06226720531603845
12460.202,7.2185238396418505,0.03764397060386372,7.112035426788685,-0.2560615409933392,-0.060129974491230434,-0.06553009362935694,-0.06553009362781034,-0.05976062359994084
12460.222,7.22246956457299,0.03741138407522806,7.11603291010104,-0.2563016880231109,-0.057626592119639164,-0.06306256525250005,-0.06306256525095044,-0.05725646229432582
12460.242,7.226423127043888,0.03718819745886939,7.120030114382157,-0.25652699080098995,-0.0551348758596847,-0.06064927931836925,-0.060649279316819925,-0.05476535718476275
12460.262,7.230392633507436,0.03697409699506778,7.124027874869982,-0.25674768437083667,-0.0526314928351413,-0.058285761415892284,-0.058285761414344155,-0.052356305221551845
12460.282,7.234338867115174,0.03677081973199641,7.1279967005914635,-0.2569559499427881,-0.05020675706590386,-0.05589021132476336,-0.05589021132322438,-0.049837132391333736
12460.302,7.23826575257313,0.03657830816172691,7.131955148056894,-0.25715039062828443,-0.04776019290621843,-0.05356375985206655,-0.053563759850539835,-0.0473861971476534
12460.322,7.242201914923218,0.03639520415380013,7.135881105550591,-0.25733903559759347,-0.045221468535526436,-0.051376706740325004,-0.05137670673881177,-0.04484950681257101
12460.342,7.246126819439748,0.03622253935111996,7.139795890967947,-0.25751764286748513,-0.0427128353382026,-0.04922351105469967,-0.049223511053201524,-0.04234354171936293
12460.362,7.250022778824828,0.03606079626165407,7.143699478483114,-0.25768678621837193,-0.04029952705034716,-0.04714596843701455,-0.047145968435534445,-0.03992801537983909
12460.382,7.253975549413003,0.03590526458745137,7.147608792660004,-0.25784440583811186,-0.03819632877688888,-0.045171693573134976,-0.045171693571672555,-0.03773406794634093
12460.402,7.257828979160512,0.03576176607767921,7.151454036115229,-0.25800095000336193,-0.03638290855708584,-0.04366080030154541,-0.04366080030010211,-0.03599972887395321
12460.422,7.261689670623722,0.03562394246389866,7.155314234098091,-0.258149619312812,-0.035030292289947466,-0.04248011036289715,-0.04248011036146309,-0.0346695310248744
12460.442,7.2655832178474276,0.035490372599209064,7.159197699492922,-0.2582974967030844,-0.033445030343980275,-0.041119077538327206,-0.04111907753690433,-0.033022702296445446
12460.462,7.269481465985829,0.03536375238433334,7.163085428746184,-0.25843666515444136,-0.03147271518380577,-0.03944646937830032,-0.03944646937689797,-0.031037031487457453
12460.482,7.273398808216593,0.03524414104530038,7.166973047435687,-0.2585685189709691,-0.02954594767626217,-0.03774300049747359,-0.03774300049609493,-0.029105783819425277
12460.502,7.277261007510799,0.035133836306994244,7.1708252061201705,-0.2586930965512418,-0.027562309507369164,-0.03605208876897288,-0.03605208876762606,-0.027132211738375975
12460.522,7.281143052370961,0.03503048537350342,7.174703884885529,-0.25880628093074026,-0.025660462926006166,-0.03439443964629008,-0.03439443964497377,-0.02523467051264873
12460.542,7.285041909571674,0.03493416901437458,7.17858957578056,-0.2589179781883534,-0.02374031355931616,-0.03277661337239341,-0.03277661337110853,-0.023316113148807677
12460.562,7.288948849037422,0.03484508396579998,7.182483812220788,-0.25902364070399714,-0.021872083253166655,-0.031211058170603472,-0.031211058169349562,-0.021457122953524237
12460.582,7.292880901799285,0.03476241429813005,7.186384852508271,-0.25912262948895187,-0.02017875087373338,-0.029733382667151087,-0.029733382665926223,-0.019790223630344918
12460.602,7.2967457796233965,0.03468750205688546,7.190250474752962,-0.2592082480784738,-0.018621645758631043,-0.028344956245914356,-0.028344956244722445,-0.018232571204973767
12460.622,7.300643848301016,0.034617969177467345,7.194133874464365,-0.25929864829910304,-0.01704917536091524,-0.027023991279173407,-0.027023991278013124,-0.016658897498752892
12460.642,7.304548193940761,0.034554450081970556,7.1980233263479345,-0.2593838311633071,-0.01549038934673991,-0.02572029604297944,-0.02572029604185088,-0.015102858408974755
12460.662,7.308456365517374,0.034496872041016265,7.201916484907613,-0.2594642269386451,-0.013989571788317025,-0.024474241168533986,-0.02447424116743604,-0.013611367901752106
12460.682,7.312377235887667,0.034444700525025795,7.205808802971799,-0.259540736251498,-0.012678942194257468,-0.02332921940882998,-0.023329219407760275,-0.012323770221567498
12460.702,7.31626288625423,0.034397848041122316,7.20967962309119,-0.2596132943160766,-0.011416281005305723,-0.022271321154151983,-0.02227132115311075,-0.011054266755978013
12460.722,7.320154746267558,0.03435593064466747,7.213555967981945,-0.25968134472408844,-0.010132323525572343,-0.021206873916059427,-0.02120687391504788,-0.009775101339540173
12460.742,7.324053620791298,0.034318801688395274,7.217439941097362,-0.25974577483216293,-0.008925118530502065,-0.020208912204019762,-0.020208912203037183,-0.008574608941558707
12460.762,7.32796454867519,0.0342861340785127,7.221336022201272,-0.25980692020997054,-0.0077979490166538296,-0.019282040693115163,-0.019282040692159597,-0.00745736839493877
12460.782,7.331899652136141,0.034257279257244054,7.225242933998423,-0.2598647501543013,-0.00682182575998728,-0.01842870955793378,-0.01842870955700263,-0.00648856793813765
12460.802,7.335818245489051,0.03423244793930279,7.229143838458127,-0.2599196836002015,-0.005869919877096864,-0.01764411544663551,-0.01764411544572876,-0.005540646130827665
12460.822,7.339727355514425,0.034211343676640305,7.233034738008344,-0.2599723348963564,-0.00493895668659484,-0.016877569032059555,-0.016877569031179134,-0.004624159677162414
12460.842,7.343650349977783,0.034193560953877565,7.236930659433665,-0.2600226605961266,-0.004201114494147918,-0.016212669519819947,-0.016212669518964027,-0.003885962940743525
12460.862,7.347577100354823,0.03417863087477115,7.240838059497253,-0.2600709338620275,-0.003418742756388315,-0.015560111051037983,-0.015560111050205657,-0.003112451723601982
12460.882,7.351514807982351,0.03416656003253779,7.24475580065546,-0.26011732723479497,-0.002726847106410486,-0.014996036155649902,-0.014996036154838192,-0.0024316820240323383
12460.902,7.355446891044728,0.03415693359442239,7.2486587077316385,-0.2601628513871484,-0.0021994498253827864,-0.014510239917950864,-0.014510239917158716,-0.0019123750461186027
12460.922,7.359354373979117,0.034149385033377624,7.252549137692452,-0.2602073095404673,-0.0016802163929898147,-0.014068248573791985,-0.014068248573020274,-0.0014003278844410866
12460.942,7.363297358117986,0.034143630239023746,7.256465469369155,-0.2602505032456737,-0.001310208356761084,-0.013719138988143044,-0.01371913898738815,-0.0010344099205157754
12460.962,7.3672240249622325,0.03413926957220234,7.260373768292033,-0.2602929859178252,-0.0009274816561283862,-0.013387061611881267,-0.013387061611144101,-0.0006613101067083012
12460.982,7.3711585069108185,0.03413621772276832,7.264294807390569,-0.2603326323955525,-0.0006471821747726046,-0.013124048564033191,-0.013124048563311536,-0.00045716162195795837
12461.002,7.3750887059062515,0.034133761250387404,7.2682031130509515,-0.26037521702417443,-0.0005752801247991533,-0.013024616245708507,-0.013024616244999893,-0.00033648344174866125
12461.022,7.3790278873141695,0.03413161226814834,7.2721274158387335,-0.2604186778815673,-0.0005302055866270738,-0.012976972786406974,-0.012976972785710535,-0.00034888663461919847
12461.042,7.3829925310454625,0.03412938974151702,7.276070215647302,-0.26046213843880806,-0.0005420504460495,-0.012955855294227629,-0.012955855293541842,-0.0003067160312854869
12461.062,7.386954549674283,0.03412713980809285,7.280011363464759,-0.2605058030057265,-0.0006012664223801351,-0.01296259315919303,-0.01296259315851812,-0.00036793039320826606
12461.082,7.390906398400014,0.034124719116489156,7.283953749585261,-0.26054880220437404,-0.0006124918576595325,-0.01291914606368887,-0.012919146063026639,-0.00037965638875818376
12461.102,7.394858865996821,0.034122268835402945,7.287891857276807,-0.2605925818395397,-0.0006274839630229641,-0.012899355489338885,-0.012899355488690478,-0.00039464436479936594
12461.122,7.39882437710404,0.03411975494892053,7.291842028435777,-0.26063720492780523,-0.0006400424438905117,-0.012867368661476534,-0.012867368660843193,-0.0004070241169944424
12461.142,7.402806745980533,0.03411717193280956,7.295802714633168,-0.260681991473641,-0.0007089530786231072,-0.01284584066549285,-0.012845840664874524,-0.00047580157269158413
12461.162,7.40678782804481,0.034114325055165956,7.299767939051272,-0.2607275523638105,-0.0007212511873260186,-0.012798065958356829,-0.0127980659577545,-0.00048815211983199177
12461.182,7.410769443597186,0.03411136000176972,7.303739275361722,-0.2607731220379105,-0.0007584972534079128,-0.012734314651294083,-0.012734314650707816,-0.0005260495252753363
12461.202,7.414743501331312,0.034108157460464146,7.307694600340335,-0.2608193093499251,-0.0008290378864125105,-0.012693921801260962,-0.012693921800691628,-0.0005943852945634037
12461.222,7.418724957745854,0.034104800974846666,7.311658309175523,-0.26086564653812805,-0.0009017262015889339,-0.01264035660450257,-0.012640356603951495,-0.0006693064255584166
12461.242,7.42271908066992,0.034101164010595375,7.315637404966648,-0.2609127103785483,-0.0009192011017982763,-0.01255991187111661,-0.012559911870584237,-0.0006865981569065861
12461.262,7.4267159544073476,0.03409745375960436,7.319619638204785,-0.2609603343374653,-0.0009498587449286056,-0.012480095149636432,-0.012480095149123214,-0.0007279901704021751
12461.282,7.43071564885906,0.03409355182614225,7.323603941913159,-0.26100851287454135,-0.0009864473411623509,-0.01239894661909116,-0.012398946618597181,-0.00075400882159296
12461.302,7.43471094217876,0.03408946394808116,7.327582661657148,-0.2610562018485148,-0.0010605983586455371,-0.012323266132508429,-0.012323266132034664,-0.0008364232995921817
12461.322,7.438715605009404,0.03408502222651317,7.331577016117255,-0.2611043456702904,-0.0011598867565660704,-0.012280873684810066,-0.012280873684356467,-0.0009351278104471653
12461.342,7.44275006061726,0.034080007446254716,7.3355971180686526,-0.261152584995384,-0.0012900085254625227,-0.012251400771026495,-0.012251400770592082,-0.0010635275566377007
12461.362,7.446792659665568,0.03407458583888633,7.339624199634327,-0.26120139889567295,-0.0014167263417565652,-0.012217542125660322,-0.01221754212524534,-0.0011938101936465198
12461.382,7.450822352246445,0.034068464120288515,7.343648084276966,-0.26125105527081405,-0.0016380272614351962,-0.012235823263902141,-0.012235823263506475,-0.001427002513195627
12461.402,7.454840976907825,0.03406138937470913,7.34765835617735,-0.26130264575159196,-0.001903089239527699,-0.012308058884253162,-0.012308058883878422,-0.0017010996147672924
12461.422,7.458887419066463,0.03405292313107773,7.351693965454998,-0.26135576787771136,-0.0022695519910995126,-0.012457900345014497,-0.012457900344659717,-0.002069579610197473
12461.442,7.462932262946499,0.03404304618783739,7.355731430573575,-0.2614115702658284,-0.002630930315377353,-0.012611311078991156,-0.012611311078657223,-0.002437353058277347
12461.462,7.466991173005854,0.034031454244380754,7.359783453465198,-0.261469779178061,-0.003105261192833413,-0.01286278404263434,-0.01286278404232002,-0.0029516361244033783
12461.482,7.471057228465393,0.03401765440229235,7.363840656792746,-0.26152971383445267,-0.0036964673745023633,-0.01321637440930664,-0.013216374409011035,-0.00351927106235705
12461.502,7.475085437703653,0.034001606419298516,7.367868568729878,-0.2615928198720453,-0.004320903348519463,-0.013589278052920817,-0.013589278052647084,-0.004158233320619606
12461.522,7.479145041359436,0.03398251980191398,7.37192859357153,-0.26165889039433643,-0.005094663370287796,-0.014107847895676928,-0.014107847895424287,-0.004939653379663823
12461.542,7.483200017502547,0.03396009979945671,7.375989664786667,-0.26172869617937683,-0.005975519922448642,-0.014706443564020526,-0.014706443563790937,-0.005852947978371525
12461.562,7.48728555906323,0.03393373000530516,7.380082866087417,-0.26180165440498226,-0.006920093080676211,-0.01538945236662154,-0.015389452366413826,-0.0067821668001499785
12461.582,7.491378810778451,0.033903399568828735,7.384178354561215,-0.2618804329140276,-0.007895498734534956,-0.016086571510473095,-0.01608657151028894,-0.007753826680854217
12461.602,7.495435313094807,0.033869297272310875,7.388249144346418,-0.2619609898277468,-0.008964284243677064,-0.01685450158771749,-0.016854501587561892,-0.008849041599968925
12461.622,7.4995355905663175,0.03383005698541461,7.392362565764852,-0.262047319474302,-0.010195878740241013,-0.017779251817553347,-0.01777925181742538,-0.010090388925234783
12461.642,7.503646202880671,0.033785462691709796,7.396487457704709,-0.26213914167649005,-0.011508857219859392,-0.018770346813768646,-0.01877034681367029,-0.011408779048532252
12461.662,7.507766940265216,0.033735266459447376,7.4006211935022,-0.26223652747926113,-0.012855165529367111,-0.01978646055308642,-0.019786460553020045,-0.012758538993366285
12461.682,7.511880570617662,0.0336795351795443,7.404751984112719,-0.2623394686333487,-0.014252693854435292,-0.020847900897177064,-0.020847900897146072,-0.014163521251507862
12461.702,7.5160098208673825,0.03361756416386044,7.408907489956973,-0.2624458541607827,-0.01578516270599993,-0.022071034602390613,-0.022071034602397156,-0.01571046155977544
12461.722,7.520154427877287,0.03354878382558903,7.413074827769643,-0.262560044177252,-0.017412353311154847,-0.023351264072699704,-0.023351264072746784,-0.017344184844016463
12461.742,7.524307483715112,0.03347297897068778,7.417250319139938,-0.26268095916183504,-0.019096869507002644,-0.024686688153343482,-0.024686688153434364,-0.019033611795962704
12461.762,7.528453265138384,0.03339009302924951,7.421424280050824,-0.26280712981372945,-0.020933871428226145,-0.0261458351436784,-0.026145835143817055,-0.02088881051127939
12461.782,7.5325866664879175,0.033299613005343516,7.425595857822601,-0.26294119412238887,-0.022846829341898186,-0.027723978487104107,-0.027723978487295742,-0.022811767245558993
12461.802,7.536744638891811,0.033200426478031134,7.429788166892083,-0.2630834845637873,-0.024859344800568388,-0.02937458195435354,-0.02937458195460127,-0.024828526924304307
12461.822,7.540911619066176,0.033092552299583716,7.433989446320966,-0.26323393541343526,-0.026909614235743652,-0.031052107290549198,-0.031052107290857098,-0.026882085840580088
12461.842,7.545084387737059,0.032975881406187464,7.438207839344473,-0.26339048469614434,-0.02898133420620735,-0.03278557962539322,-0.03278557962576279,-0.028989809981843452
12461.862,7.549372991902051,0.032846382388547805,7.442520407926374,-0.2635568317759536,-0.031292907961016476,-0.0350065155265986,-0.0350065155270119,-0.03127363403532755
12461.882,7.553609697898426,0.03270849365893824,7.446808852151376,-0.26373213564131015,-0.03385528838528817,-0.03767208761299753,-0.037672087613431965,-0.03388694040637409
12461.902,7.557672170670382,0.03256551587286011,7.450921083207297,-0.26390532710812026,-0.03651907714062917,-0.04035057514417022,-0.04035057514462865,-0.036552238222729946
12461.922,7.561659589124882,0.032414518097975166,7.454957253428917,-0.2640849241330847,-0.03918569044090517,-0.04303949291681249,-0.04303949291729293,-0.039217425154591756
12461.942,7.565586218156596,0.03225523042212923,7.4589337051430045,-0.2642743107510605,-0.04194026260718716,-0.04576824050964366,-0.045768240510146614,-0.041980080156896214
12461.962,7.569486105980006,0.03208645483965344,7.462892939208275,-0.2644765004381936,-0.044550006640276314,-0.04844033170285701,-0.04844033170337831,-0.044513445794108646
12461.982,7.573399676843771,0.03190694030145956,7.466848731151474,-0.2646823017949586,-0.04720570879070685,-0.05117426835058118,-0.05117426835111995,-0.0472451990635314
12462.002,7.5773053167549715,0.0317170590410265,7.4708059268094775,-0.26489921856960164,-0.04995606858551072,-0.05393835870000594,-0.05393835870056225,-0.050000554170817384
12462.022,7.58120669072747,0.03151653351594919,7.4747596119843625,-0.26512733024459423,-0.052755613498536545,-0.056747634080698856,-0.05674763408127259,-0.05280468755237997
12462.042,7.585099652865569,0.03130550468746697,7.478717585123587,-0.26537217131563196,-0.05554337682656516,-0.0596094806047639,-0.05960948060535406,-0.05557206191610599
12462.062,7.588985347056192,0.03108413427832129,7.482670805551882,-0.2656285881558092,-0.05829014843582196,-0.06244285840510899,-0.06244285840571559,-0.058335252584475965
12462.082,7.59287394756092,0.030851809227592068,7.486632980546596,-0.2658959487071168,-0.06104088660896065,-0.06531609109711434,-0.06531609109773878,-0.061090862713184646
12462.102,7.59678717880187,0.030606993322059628,7.490611874625175,-0.2661701374201737,-0.06393929694806397,-0.06829951633215928,-0.06829951633279946,-0.06400400912448675
12462.122,7.600688946410009,0.03035130819167949,7.494582756523344,-0.2664555655058396,-0.06693392177527385,-0.07135965233197378,-0.07135965233263195,-0.06699947939841033
12462.142,7.60460723374834,0.030082648813906595,7.498557797325533,-0.2667543350078101,-0.06996651920220882,-0.07439157460760322,-0.07439157460827812,-0.07002595896768166
12462.162,7.608532548455497,0.029801900235358284,7.502546409943218,-0.26706984719451476,-0.07280629708119826,-0.07746308480135883,-0.07746308480204603,-0.07286623590610602
12462.182,7.612459566739246,0.02950955964122555,7.506542705764053,-0.26739154278282873,-0.07581418884836962,-0.08056278248483893,-0.08056278248553925,-0.07588207297451872
12462.202,7.61638663070925,0.02920519311297925,7.510542420201796,-0.2677264389513692,-0.07888749153370984,-0.08371342678853674,-0.0837134267892533,-0.0789614267153451
12462.222,7.6203391405755925,0.02888658934731533,7.514564240042832,-0.2680757242314032,-0.08198835606216183,-0.0869161328597832,-0.0869161328605089,-0.08206858740682198
12462.242,7.624271953717681,0.028557211968386793,7.518571384716091,-0.2684370935954301,-0.08511604967703998,-0.09013211200678607,-0.09013211200752423,-0.08519089485117483
12462.262,7.628218433594947,0.028214443297447288,7.522603368535116,-0.26881803218618466,-0.08817450210337265,-0.09336340062660525,-0.0933634006273507,-0.0882490066545399
12462.282,7.632195837354954,0.027856653045478394,7.526651304337786,-0.269206729122334,-0.09124879809594913,-0.09654663485995629,-0.09654663486070567,-0.09132134768806378
12462.302,7.63616697184318,0.027487188703001195,7.530701838566593,-0.269614648072746,-0.09428890461741828,-0.09975589026755712,-0.09975589026830871,-0.09437341622521077
12462.322,7.640157819772473,0.027103343838915897,7.534741289135011,-0.27002919735374353,-0.09748828151739333,-0.10294177196844344,-0.10294177196919876,-0.09757527387482272
12462.342,7.644115327388612,0.026710086336272976,7.538777412209189,-0.270462348072389,-0.10057613877424253,-0.10617545921019479,-0.10617545921095216,-0.10066105760705066
12462.362,7.648130408768978,0.02629841128282257,7.542840324053406,-0.27090212891318405,-0.10365631524933065,-0.10943928810200375,-0.10943928810275595,-0.10374205148021456
12462.382,7.652132135731264,0.025875651704709953,7.546898502398282,-0.2713551103832435,-0.1068527528174678,-0.11267348010919352,-0.11267348010994047,-0.10693859486697334
12462.402,7.656133396312746,0.02543999174251593,7.550954121850515,-0.27182087087378864,-0.11005384758399046,-0.11590139354956733,-0.11590139355030829,-0.11013962128700842
12462.422,7.660129287471654,0.02499197306088436,7.555005425169771,-0.27230042872171223,-0.11325193742677088,-0.11913432224148296,-0.11913432224221865,-0.11333131228005144
12462.442,7.664100698612144,0.024534076930160728,7.559055953956778,-0.27279897929766445,-0.11635945930325055,-0.12239935067705236,-0.12239935067778362,-0.11644526417049922
12462.462,7.668141366946509,0.02405523666822821,7.563134632730846,-0.2733057820295445,-0.11946644693647165,-0.1256658462651267,-0.12566584626584204,-0.1195551791838422
12462.482,7.672159287710369,0.023566349642087172,7.567204809316869,-0.27382540891356305,-0.122696457399626,-0.1289250588176436,-0.12892505881834346,-0.12278514292368718
12462.502,7.676173605425312,0.02306473597840323,7.5712713268243705,-0.2743586115844565,-0.12593066673001438,-0.13219112624021026,-0.13219112624089172,-0.1260187347108784
12462.522,7.680165072637775,0.022552927141126628,7.575336501669012,-0.27491130558004695,-0.1290558552282875,-0.13547885348283195,-0.1354788534834911,-0.12914962570093813
12462.542,7.684190335125975,0.02202388840128051,7.579414373645037,-0.27547090636541244,-0.13230679203241497,-0.13876638579983505,-0.13876638580046852,-0.1323999371953857
12462.562,7.688246836471839,0.021477318165641506,7.5835004307847695,-0.2760440740446798,-0.13546340743330607,-0.14206220974277273,-0.14206220974337233,-0.1355562637887626
12462.582,7.692273895674604,0.020921722219145216,7.587575246763669,-0.27662982102920025,-0.13873713388618225,-0.14534335479953225,-0.14534335480010205,-0.13883056881181194
12462.602,7.6963015423424865,0.020352596373604835,7.59165189869991,-0.277230133779845,-0.14200916762806634,-0.14862991721563,-0.14862991721616664,-0.14209758335463618
12462.622,7.700317572850532,0.01977199040729581,7.5957380941274435,-0.2778515490280955,-0.1451802934407665,-0.15195342820419114,-0.15195342820468868,-0.1452765927548012
12462.642,7.704366458450208,0.019173145951668115,7.599830916304254,-0.278479758719582,-0.14850004020085306,-0.15526123332728012,-0.1552612333277367,-0.14859834627722102
12462.662,7.708414908705501,0.018560649857091802,7.603920850327019,-0.2791216356838777,-0.15178876046279208,-0.1585325896042787,-0.15853258960469263,-0.15188017134894466
12462.682,7.71245942030184,0.017935248017084904,7.60800613204554,-0.27977667582200183,-0.155038337878938,-0.16176547057449994,-0.16176547057486587,-0.15512778081127654
12462.702,7.716479478138287,0.01730042397166787,7.612089604387169,-0.28045155048616066,-0.15811955960001442,-0.16497956078160425,-0.16497956078191747,-0.1582035489292816
12462.722,7.720530791726718,0.016647748035791346,7.61617862069681,-0.2811320953010183,-0.16134868357038645,-0.16818162723110128,-0.16818162723135768,-0.16143921963414343
12462.742,7.724587656532766,0.01598067159914702,7.620270108762548,-0.28182639365254314,-0.16459722680818098,-0.17138231940345136,-0.17138231940364596,-0.16468730920754587
12462.762,7.728663712997213,0.01529719018675646,7.624357233323482,-0.2825323266130791,-0.16766385737951958,-0.17451421351133045,-0.17451421351145713,-0.16774547388881256
12462.782,7.73271803086702,0.014604876639114138,7.62842287545009,-0.2832492722308327,-0.1706002614477834,-0.17752372840782923,-0.17752372840789207,-0.170659997177286
12462.802,7.736740747740354,0.01390612666055732,7.632495505848806,-0.28398657881380196,-0.17342898363577425,-0.18045513029961488,-0.1804551302996068,-0.17349199075646196
12462.822,7.740790597934898,0.013190446063746163,7.636568581308307,-0.2847276971947039,-0.17638940501005373,-0.18334596527344715,-0.18334596527336586,-0.17644915798471697
12462.842,7.7448577558074065,0.012459345998340915,7.640637825971089,-0.28547983276881767,-0.17920641046878255,-0.18620009536194526,-0.18620009536178772,-0.1792632862189313
12462.862,7.74890063941757,0.011720981217552768,7.644701025373461,-0.28624330728940434,-0.18204673711765929,-0.1889500020058976,-0.1889500020056626,-0.1820861030721558
12462.882,7.7529174134252505,0.010976180013515954,7.648759451113663,-0.28702338313323117,-0.1845519562354997,-0.19154368711074624,-0.19154368711043007,-0.184577312019179
12462.902,7.756966547438834,0.010214901581295835,7.65282260974487,-0.28780601716827797,-0.18712120957785403,-0.1940238500154221,-0.19402385001501993,-0.18714177631692766
12462.922,7.76101721449802,0.009442673510299558,7.656885366160012,-0.2885986091745546,-0.1896316528250828,-0.19643817900764257,-0.19643817900715274,-0.18964602381617202
12462.942,7.765068405893991,0.008659922264206995,7.660947361451708,-0.28940088769805156,-0.192083920485626,-0.1987862014193098,-0.19878620141873057,-0.1920929877179447
12462.962,7.7691192060288286,0.007867121211036597,7.665008906024022,-0.2902131705184419,-0.19441739203480787,-0.20102164891760832,-0.2010216489169344,-0.19440214559141994
12462.982,7.773151678259303,0.00706902119765209,7.669070241466798,-0.2910408782561026,-0.19644465246499476,-0.2031129875398135,-0.20311298753903714,-0.1964244075280931
12463.002,7.777199949909954,0.006258924818964093,7.673121561003304,-0.2918665902518829,-0.19854853883921691,-0.2051127275524422,-0.20511272755156562,-0.19852236549401256
12463.022,7.781243895090704,0.0054409643421541014,7.677167597399681,-0.29269952308374053,-0.20059325748254866,-0.20705197723524674,-0.2070519772342691,-0.20056169797447998
12463.042,7.785285296657741,0.004615022865171414,7.681210408107393,-0.29354059458582393,-0.20258562354378004,-0.20893165310894968,-0.20893165310786835,-0.20254845832637275
12463.062,7.789301903161926,0.003786260595165248,7.6852512283743595,-0.2943961298598291,-0.20429243090521604,-0.21069488077510723,-0.2106948807739181,-0.2042339968941311
12463.082,7.793337186860353,0.0029465979949388093,7.689283521388988,-0.29524724333531555,-0.2059966082920155,-0.21229092374715364,-0.212290923745858,-0.20592822795770113
12463.102,7.797369267432752,0.0021006269123408383,7.693310540819154,-0.29610354490335694,-0.20761439216184108,-0.21380367625851657,-0.21380367625711327,-0.20754085369661363
12463.122,7.801390112071014,0.0012503224680995221,7.697326126932828,-0.29696419008497055,-0.20918179249287586,-0.2152590424846427,-0.21525904248313663,-0.20910156243239048
12463.142,7.805408418962195,0.000394117236295579,7.701339799577271,-0.2978311474952315,-0.21067261466977952,-0.2166392707523404,-0.21663927075073114,-0.2105782247774145
12463.162,7.80940881637789,-0.000463958452041849,7.705355562095924,-0.298711451724808,-0.21190023832214872,-0.217916852334392,-0.21791685233267394,-0.21179446646275332
12463.182,7.813423236591271,-0.001330190062413213,7.7093591729361055,-0.2995845796439441,-0.2131256452538322,-0.21903050712103075,-0.21903050711920735,-0.2130093188033802
12463.202,7.817416389142791,-0.002196665935017706,7.713344679389654,-0.3004575044184321,-0.21420312446927256,-0.22000145733051318,-0.22000145732859758,-0.214073101921557
12463.222,7.821426257898733,-0.0030711147043737644,7.7173446158068755,-0.3013381936983068,-0.21521435667392666,-0.2209226504763519,-0.2209226504743307,-0.21507951211917925
12463.242,7.825411931410007,-0.0039443444036047805,7.721340160623249,-0.3022297123446757,-0.21605177176236193,-0.22181037562412473,-0.22181037562199243,-0.21590284601112586
12463.262,7.8294069607816645,-0.004822917092968735,7.725324853816103,-0.30311262768991615,-0.2168706823262156,-0.22254531885630893,-0.22254531885407,-0.2167121591566299
12463.282,7.833412220097841,-0.005706640366536427,7.729303442347963,-0.30399605437526794,-0.2174886622040578,-0.22318016401617036,-0.22318016401382165,-0.2173218732631083
12463.302,7.83739040445115,-0.0065871048381907545,7.733269471990903,-0.3048797169271074,-0.21811914061260648,-0.2237475169379264,-0.22374751693547218,-0.21794506679133568
12463.322,7.841360032937624,-0.007468290028534526,7.737226855599908,-0.30576449489994295,-0.21874587639482837,-0.22429997258374287,-0.22429997258118178,-0.21857085259109868
12463.342,7.84532070343352,-0.008349858926706276,7.741177125496511,-0.3066494320691434,-0.21926526484905803,-0.22475966570517117,-0.22475966570250686,-0.21908079475956665
12463.362,7.849274764778157,-0.009231961750750462,7.745120628887647,-0.30753433028991284,-0.21969697966851662,-0.22513164552168716,-0.2251316455189223,-0.21949879205670822
12463.382,7.853223163384363,-0.010114305379995307,7.749057794991851,-0.30841845156082054,-0.21999912192848695,-0.22538438097061714,-0.22538438096775407,-0.2197911956764021
12463.402,7.857160244424031,-0.01099515670904229,7.752985290830903,-0.3093018288271159,-0.2201893141388483,-0.22552837821050378,-0.22552837820754965,-0.2198598883428182
12463.422,7.861083024003122,-0.011872792213309233,7.756915023898124,-0.31019501801861615,-0.22010299700927033,-0.22557440620756206,-0.2255744062045103,-0.21987879368747787
12463.442,7.865000026931177,-0.012749240913204712,7.760822519129322,-0.31107484124778556,-0.2201503587510922,-0.22560423653188877,-0.22560423652874978,-0.21982573353094867
12463.462,7.8689295926576435,-0.013628320502911366,7.76472627233344,-0.31195398630564247,-0.22010625621798724,-0.2256275959799678,-0.22562759597673548,-0.21987551447521406
12463.482,7.872817779028293,-0.01449824487768889,7.768606352944099,-0.3128285840093434,-0.22011094884893023,-0.22561267618911335,-0.22561267618579972,-0.2198776962704788
12463.502,7.8767088091881865,-0.015368653594012075,7.772491293968113,-0.3137056432824221,-0.21991461587641434,-0.2256087093386782,-0.2256087093352791,-0.21967636173090824
12463.522,7.880579739536435,-0.016233897400149678,7.776354610732815,-0.31457777528003855,-0.21991102788256303,-0.22558214838047658,-0.22558214837700694,-0.219677655584268
12463.542,7.8844655472959735,-0.017102240525734565,7.780217122903383,-0.31544958861912353,-0.21980573868198505,-0.22555097903660182,-0.22555097903305824,-0.21957237525244297
12463.562,7.888323196411441,-0.01796409593798402,7.7840669964510525,-0.3163193220246402,-0.21980401733205698,-0.2255235931783327,-0.22552359317472132,-0.21957052540539726
12463.582,7.89219368680187,-0.018828700694081234,7.787913210514053,-0.3171879235631537,-0.21969220012792912,-0.22548530735905714,-0.22548530735537567,-0.21945871659120594
12463.602,7.896036163929496,-0.019686703138505905,7.791747603658645,-0.3180548917937873,-0.21968783769769615,-0.22545626280060532,-0.22545626279685962,-0.21945440611247033
12463.622,7.899870298272684,-0.020542826659584804,7.795573369986997,-0.3189207312274306,-0.21968041052075488,-0.2254320063256538,-0.22543200632184132,-0.2194453998309298
12463.642,7.903686740878663,-0.021394962054990994,7.799381971326823,-0.31978333712819096,-0.2196747931035102,-0.2254117649586128,-0.22541176495473386,-0.21944115206157058
12463.662,7.907485963497655,-0.022243210849286432,7.803174325829786,-0.3206424341804364,-0.2196430674743975,-0.22536319747137146,-0.22536319746742822,-0.21940261693312202
12463.682,7.9112681384301515,-0.02308739903641862,7.806950882061319,-0.3214980989011246,-0.21955564246776357,-0.2252588739627375,-0.22525887395873248,-0.21931180991310054
12463.702,7.915012158332167,-0.023922423014312594,7.810711265266761,-0.3223525837823904,-0.21928990917537028,-0.22508629664912339,-0.22508629664506608,-0.2190296833419319
12463.722,7.9187766040292775,-0.024760900372740268,7.814475272642077,-0.3232048133315467,-0.21901405290730888,-0.22479602440289412,-0.22479602439877933,-0.21874918855539655
12463.742,7.9225063358744165,-0.02559030662375296,7.818222268268147,-0.3240560510733179,-0.21854540562815786,-0.22441943052926103,-0.22441943052509122,-0.21826065508704073
12463.762,7.92622906772529,-0.026416065746330736,7.821951840359144,-0.32489901393369447,-0.21800636722096983,-0.22387343984102276,-0.22387343983680247,-0.21771676681071184
12463.782,7.929966219673395,-0.027242681685192328,7.825672533624041,-0.32573650484077443,-0.2172964862829067,-0.2232386455107917,-0.2232386455065153,-0.21700216903013245
12463.802,7.9336566723760065,-0.028056260641811707,7.82936652018145,-0.3265662580655838,-0.2166639995123393,-0.22255771141150518,-0.22255771140718336,-0.2163683004839149
12463.822,7.9373361444610575,-0.028864803099399636,7.833048574872891,-0.3273898338915417,-0.21592935905119506,-0.2217403968059114,-0.22174039680155216,-0.21561785943379067
12463.842,7.941011689535023,-0.02966946689067891,7.8367202496434265,-0.3282085552316002,-0.21509590752576202,-0.22078086338982175,-0.2207808633854264,-0.21477319334954564
12463.862,7.944666825863787,-0.03046626603211315,7.840369721593895,-0.32901894752310706,-0.21416441374078032,-0.2196962349817723,-0.21969623497734644,-0.2138352389710166
12463.882,7.948328903873806,-0.031260827151893815,7.84400556126822,-0.32982265808054523,-0.2130146924763888,-0.21849127665243262,-0.21849127664797355,-0.21266820651454263
12463.902,7.951943512188605,-0.03204046466226926,7.847615512255506,-0.3306167143672985,-0.21184120283266528,-0.21712623318686836,-0.21712623318238627,-0.21148542111789234
12463.922,7.955547355030403,-0.03281310143857657,7.851223135089377,-0.33140425675889373,-0.21054247256856784,-0.21568113711325376,-0.21568113710874645,-0.21017921335966433
12463.942,7.959151780601584,-0.03358095545365482,7.854822047062514,-0.332184740386659,-0.20924611804649457,-0.2141907910130229,-0.21419079100848962,-0.2088825357814162
12463.962,7.962738217091304,-0.034340103804969005,7.858403800153628,-0.33295636741841594,-0.20791707160189074,-0.2126640717340053,-0.212664071729452,-0.20754066898801254
12463.982,7.966322123716084,-0.03509358097130171,7.861982364660209,-0.3337212580193146,-0.2065314374855806,-0.21107217937192163,-0.21107217936734407,-0.20616215469440483
12464.002,7.96992652394473,-0.03584579860730546,7.865562178879526,-0.3344796426088978,-0.2050245594240864,-0.20947792159527995,-0.20947792159067427,-0.20465127918014273
12464.022,7.973509826525043,-0.03658834909154863,7.869138490359208,-0.33523140748856123,-0.20364565206092564,-0.2078936049824617,-0.20789360497783124,-0.20327462419085282
12464.042,7.977077669990362,-0.03732254717945759,7.872702699724504,-0.33597479742423886,-0.20223845524780984,-0.2062644839095386,-0.20626448390489704,-0.20185970400621173
12464.062,7.9806604164037545,-0.03805443716661417,7.876280281571074,-0.3367144417123645,-0.20077839517913215,-0.2045817178550651,-0.20458171785040635,-0.20039743384026087
12464.082,7.984241208557041,-0.038780434837429115,7.879856352621143,-0.33744764887393985,-0.19928968549703094,-0.20286431155762025,-0.20286431155294604,-0.19890615637727924
12464.102,7.987842925644228,-0.03950479803907622,7.883432932436314,-0.3381743713233058,-0.19765314107685808,-0.20111624692098945,-0.20111624691629817,-0.19726738052315362
12464.122,7.991406884502098,-0.04021560544721107,7.88700333539336,-0.33889429191780446,-0.1960697118045899,-0.1993596429651043,-0.19935964296040395,-0.19567822609450086
12464.142,7.994995143236669,-0.0409254352048302,7.8905856772937994,-0.3396083656542033,-0.19453417651163205,-0.19758753668755547,-0.19758753668283865,-0.19414835610231332
12464.162,7.9985703922158,-0.041626943313453346,7.894156338037627,-0.3403145031911274,-0.19294949781684287,-0.19575780309055013,-0.19575780308582566,-0.1925571061824201
12464.182,8.00214599720439,-0.0423225784801648,7.897727714540253,-0.3410132045767143,-0.19134737954214448,-0.19390801978685468,-0.19390801978212358,-0.1909527020470263
12464.202,8.00572046516656,-0.04301203380137437,7.90129871458773,-0.34170497436984415,-0.18973786085853828,-0.19204804288925237,-0.19204804288451746,-0.1893429520332584
12464.222,8.00929926624112,-0.0436963232772893,7.90487793868139,-0.34239109008334384,-0.1881151747781162,-0.19018669438770708,-0.19018669438296498,-0.18772158145911128
12464.242,8.012891004925034,-0.044377061950540406,7.908476810533516,-0.3430718689467538,-0.18652563720912596,-0.18842370073037612,-0.18842370072561537,-0.1861364124354197
12464.262,8.016517695525428,-0.04505860805206342,7.912097802656661,-0.343746399101057,-0.1849809205895884,-0.18663851523619102,-0.18663851523141187,-0.18458057223150579
12464.282,8.020135536108539,-0.04573252412859825,7.915705333363466,-0.34441579330642513,-0.1833518934432345,-0.1848052086857226,-0.1848052086809335,-0.1829530011687083
12464.302,8.023780281544449,-0.04640524194033563,7.919301588359711,-0.3450767578425105,-0.18155610856549848,-0.18301496546541526,-0.18301496546061607,-0.18127793134681333
12464.322,8.02737135810039,-0.047061535331213086,7.922881798183238,-0.34572778742059385,-0.17996589986820224,-0.1812306603394892,-0.18123066033468396,-0.1796874190888781
12464.342,8.030964957748179,-0.04771237526124192,7.926464687494635,-0.3463725854079543,-0.17837220612871985,-0.17945177351055033,-0.17945177350573854,-0.17809414834846163
12464.362,8.034580511641673,-0.0483609295274563,7.930062619258191,-0.3470130315783523,-0.17662146669734724,-0.17768806913953755,-0.17768806913471305,-0.1763512931798439
12464.382,8.038212919130286,-0.049006436429358674,7.933692899230498,-0.34764555343804915,-0.17511673739240327,-0.1759376260740914,-0.1759376260692551,-0.17484474130696276
12464.402,8.041892252305738,-0.049654399005280785,7.937352486780528,-0.3482776015108275,-0.17348235476333201,-0.17416953125218515,-0.1741695312473364,-0.1732110308733795
12464.422,8.045587313252591,-0.050298839899842664,7.94103372584492,-0.34890800652679066,-0.17181293921204507,-0.17244377701122546,-0.17244377700636204,-0.17154775055799226
12464.442,8.049280358604339,-0.05093681926985538,7.944719669277942,-0.3495305061814907,-0.1703017698233078,-0.17069518722156932,-0.1706951872166937,-0.1700299655774233
12464.462,8.05297950937119,-0.05157004009692003,7.948410070289911,-0.3501470350682581,-0.16876144644366065,-0.16891858095467194,-0.1689185809497877,-0.1684817747804506
12464.482,8.05664643339425,-0.05219184682803328,7.952088597444579,-0.3507576833437286,-0.1671855625254614,-0.1671720452631794,-0.16717204525828974,-0.1669172951217209
12464.502,8.060351553836998,-0.05281438581965198,7.955791918707046,-0.35136008530868185,-0.16578929131979978,-0.16552679206433818,-0.16552679205943593,-0.16554039329387682
12464.522,8.064094479213063,-0.05343817899093226,7.959531939697414,-0.3519622514804759,-0.1645049306524918,-0.1639906243014517,-0.16399062429653644,-0.16427022427466026
12464.542,8.067872461394689,-0.05406309239986408,7.963303254870002,-0.3525641621018051,-0.16334083744067002,-0.16257997002127694,-0.16257997001633168,-0.16310471682667665
12464.562,8.071649127472623,-0.054683239559264796,7.96707292136898,-0.35316055073455227,-0.16216247046971846,-0.16113934554708645,-0.1611393455421195,-0.1619251688152041
12464.582,8.075419489560483,-0.055297665277903064,7.970836090767418,-0.35375196843888074,-0.16088269908160188,-0.1596024503353549,-0.15960245033037262,-0.16063011079822365
12464.602,8.079165728883895,-0.05590305847426409,7.9745801658953965,-0.3543352803285811,-0.1595475923226242,-0.15803663808158944,-0.15803663807659463,-0.15925411982963605
12464.622,8.08291636231288,-0.05650404583622146,7.9783422924511855,-0.35491337205243473,-0.15832961114178862,-0.1566532857597832,-0.1566532857547643,-0.1581120191628329
12464.642,8.086723178886833,-0.057109981851526596,7.982142273526832,-0.35549155508856994,-0.15737708372694617,-0.15543194696634935,-0.15543194696130155,-0.15716596288197032
12464.662,8.090558842022055,-0.057716861804400825,7.9859688391697965,-0.356070091353247,-0.1564669038864591,-0.15424445656286773,-0.154244456557791,-0.15625770782911233
12464.682,8.09440229262029,-0.058321368389684006,7.989801970803739,-0.3566459368995635,-0.15549508514872787,-0.15299139319546765,-0.15299139319036664,-0.1552643609371849
12464.702,8.098222493901085,-0.05891804376315853,7.9936153540404815,-0.35721424355773324,-0.1543807512140521,-0.15161110802280203,-0.15161110801768407,-0.15405040815108012
12464.722,8.10205002990261,-0.05951115660754519,7.997422712932863,-0.35777651096514723,-0.15317403488960274,-0.15024997228450926,-0.15024997227937048,-0.1529464733320607
12464.742,8.105861724488062,-0.06009746663227575,8.001245769959077,-0.3583358082705125,-0.1521593993716524,-0.1490440380317041,-0.14904403802653718,-0.15196159092521533
12464.762,8.109743134318121,-0.060691130594230536,8.00511461735006,-0.35889728484527933,-0.15137781299002614,-0.14792181809391847,-0.1479218180887153,-0.1511653539652745
12464.782,8.11363292054884,-0.061282559716999446,8.00899045459263,-0.3594543014042322,-0.15036985946170175,-0.14657911470644594,-0.14657911470121196,-0.1501430709735622
12464.802,8.117496379684694,-0.06186581275096797,8.012843613780229,-0.36000363798216417,-0.14930485429954354,-0.1451964979018079,-0.14519649789654926,-0.14898418949971595
12464.822,8.121362618887131,-0.06244497398672842,8.016686136116668,-0.36054670078483997,-0.14816537535988236,-0.14382394359388975,-0.1438239435886051,-0.14794187780419216
12464.842,8.125192958639673,-0.06301463108273589,8.020525278322026,-0.3610853124234786,-0.14704614496193108,-0.14247653668671995,-0.14247653668140814,-0.1468148968901035
12464.862,8.129056359596278,-0.0635848609786153,8.024376158482928,-0.3616184029665357,-0.14607075581877266,-0.14111459129558698,-0.14111459129024606,-0.14585817141344992
12464.882,8.132948155541163,-0.06415550256993062,8.028252103234866,-0.36215053208418035,-0.14508293857939886,-0.13973479815360637,-0.1397347981482377,-0.1448629061943774
12464.902,8.136832683573871,-0.06472109710284452,8.032124016237129,-0.36267821973868963,-0.1440913584235009,-0.13837063992587142,-0.13837063992047832,-0.14387251694664802
12464.922,8.140718956603177,-0.06528302058686514,8.035996351422027,-0.3632013730459275,-0.1431032202162579,-0.1370050415124337,-0.1370050415070161,-0.14288534411718032
12464.942,8.144592420468998,-0.06583916887826127,8.03985880250182,-0.3637186249820395,-0.14211219158358734,-0.13563414457492712,-0.13563414456949327,-0.14189458289765755
12464.962,8.148463772926084,-0.06639105133796316,8.043736787811177,-0.3642343139638597,-0.1410449729460835,-0.13427477937649232,-0.1342747793710351,-0.14083234806667172
12464.982,8.152368847134243,-0.06694361966611773,8.04762692864395,-0.36474560952891555,-0.1400826334078355,-0.13288536396236023,-0.1328853639568806,-0.13986776683662788
12465.002,8.156283911901618,-0.0674937551452059,8.051526446555977,-0.3652539296830275,-0.13912451373190102,-0.13150135717436148,-0.1315013571688571,-0.13881511054937506
12465.022,8.160207198681727,-0.0680408654812572,8.055421867646297,-0.36575713308239094,-0.13807000275365602,-0.1301028364532754,-0.13010283644774845,-0.13777787942555797
12465.042,8.164100986872587,-0.06857971228326859,8.059319049726355,-0.36625711916742365,-0.13703667773431158,-0.12872397755825396,-0.12872397755270784,-0.1368234563466125
12465.062,8.168013265536363,-0.06911729668732326,8.06321770349915,-0.36675134276589255,-0.13603145467550418,-0.12728071569784294,-0.12728071569228389,-0.1358006547661579
12465.082,8.171911022735246,-0.06964841711450775,8.067119677115032,-0.3672419232504193,-0.1349265456678133,-0.125817713266089,-0.12581771326051588,-0.13471367054325073
12465.102,8.175845072599998,-0.07018059313603094,8.071035612643664,-0.36772917032721236,-0.13399060045587607,-0.12439337493845487,-0.12439337493286688,-0.13377821801809786
12465.122,8.179793369075336,-0.07071081479830894,8.07495244573834,-0.36821192803050246,-0.13296865446713796,-0.12295415905567979,-0.12295415905008054,-0.13275632045071212
12465.142,8.183730476361568,-0.07123556927609588,8.078870306032616,-0.36869038519638203,-0.13203853731904075,-0.12151622368121842,-0.12151622367561045,-0.1318264545221908
12465.162,8.187660846234744,-0.0717556432632502,8.082782950213312,-0.3691630063172743,-0.1310388456884121,-0.12002132905554623,-0.12002132904993577,-0.13081173873488441
12465.182,8.191556449006033,-0.07226684163682048,8.086683974808683,-0.36962982359257185,-0.1298738418296301,-0.11847760604699159,-0.11847760604138202,-0.12965203018332774
12465.202,8.195502614673869,-0.07278021238140496,8.090598562037586,-0.3700931029113353,-0.12882947230693478,-0.11697286573761355,-0.11697286573200028,-0.12861597182545625
12465.222,8.199461529556467,-0.0732911670748121,8.094526041753207,-0.37055364865934204,-0.12781176372135644,-0.11547188361272225,-0.1154718836071062,-0.12759212238939074
12465.242,8.203404744640993,-0.07379598497890108,8.098449971539408,-0.3710089996388185,-0.126858064017152,-0.11395938156990082,-0.11395938156429036,-0.12664465586245294
12465.262,8.207350570779576,-0.07429722857593478,8.102378161655515,-0.37145880713116386,-0.12581850054308782,-0.11237959420855635,-0.11237959420295447,-0.12558996007188955
12465.282,8.211282729147435,-0.07479239565569967,8.10629480168604,-0.3719012854240046,-0.12471365159665064,-0.1107400100283477,-0.11074001002275848,-0.12448312410336143
12465.302,8.215192111752383,-0.07528001946060589,8.110206249807954,-0.3723393001237049,-0.1235146606873843,-0.10907878007592417,-0.10907878007034985,-0.12328660474994073
12465.322,8.219127587735803,-0.07576645657331134,8.114124878433028,-0.3727718917898272,-0.12244621218967754,-0.10743242181919585,-0.10743242181363817,-0.12222007832953331
12465.342,8.223073860481982,-0.07624995441611446,8.118052110473265,-0.3731999974071171,-0.12136835717911394,-0.10576081525922497,-0.10576081525368482,-0.12112977963027238
12465.362,8.227000602113169,-0.07672647706695537,8.121963009272195,-0.3736183859288228,-0.12014591203560311,-0.1039701759528913,-0.10397017594737974,-0.11990123233175622
12465.382,8.230904931982499,-0.07719533222591561,8.125854121066013,-0.3740278829249905,-0.11886459366930471,-0.10211223144981421,-0.10211223144433958,-0.11861320619775576
12465.402,8.234795877610726,-0.07765729182451792,8.129749893256063,-0.3744329788399294,-0.11745991139208702,-0.10020881036166068,-0.10020881035622273,-0.11721277415016348
12465.422,8.238727096831147,-0.07811869441434931,8.133661847432345,-0.3748325201776563,-0.11622352133634943,-0.09833861806305619,-0.09833861805765205,-0.11598314239014493
12465.442,8.242644594037577,-0.07857363367560205,8.137562573928397,-0.3752246233628709,-0.11497077063029441,-0.09645943557131763,-0.09645943556595435,-0.11465097556398667
12465.462,8.246567462875209,-0.07902391226063192,8.14145818026399,-0.3756083480764197,-0.11353348709735041,-0.09448050337788545,-0.09448050337257025,-0.11327670156847665
12465.482,8.250467392232961,-0.07946587088445799,8.145343753595524,-0.37598373812483254,-0.11214911367915888,-0.09247383676547116,-0.09247383676020952,-0.11188992145471603
12465.502,8.254366035122727,-0.07990220307973635,8.149229557889827,-0.3763524250825093,-0.11074797978730198,-0.090435517320132,-0.0904355173149272,-0.11048102684915423
12465.522,8.258265474157591,-0.0803326795823936,8.153130025471922,-0.3767174592369177,-0.10921111927877786,-0.08831519834916124,-0.08831519834401604,-0.10894843398742353
12465.542,8.262180474695569,-0.08075903269213568,8.1570298216496,-0.37707186562784756,-0.1077082252686525,-0.08614779363743404,-0.08614779363235583,-0.107432803089335
12465.562,8.266083754800702,-0.0811779949223188,8.160920052140426,-0.377416812815812,-0.1061408076425782,-0.08391909866143046,-0.08391909865642584,-0.10586379413400328
12465.582,8.269985858355183,-0.08159059649884129,8.16480947229613,-0.377753814205122,-0.10454849926231503,-0.08165218959734499,-0.08165218959241755,-0.10426881975470728
12465.602,8.273902704613157,-0.08199816405263531,8.168700281433809,-0.37808289188217487,-0.10284401679194145,-0.07932772433965088,-0.07932772433480438,-0.10256079145962316
12465.622,8.277791741740849,-0.08239629107072512,8.172577059999334,-0.3784018597498431,-0.10117093304207954,-0.07696320957923093,-0.07696320957447438,-0.10088180508696536
12465.642,8.281685322892487,-0.08278817389209323,8.176458385591033,-0.37871113071432655,-0.09941567202044668,-0.07451002039935116,-0.07451002039469111,-0.09911231081243227
12465.662,8.285568887982459,-0.08317189540841263,8.180332018738733,-0.37900952309220054,-0.09755054531595166,-0.07194785477201107,-0.07194785476745535,-0.09724293019057167
12465.682,8.289455503772674,-0.08354851777709725,8.184205074435708,-0.37929834055584616,-0.09564888944054276,-0.06933387078044698,-0.0693338707759991,-0.09533953127564705
12465.702,8.293310649032689,-0.08391461360770394,8.188051609357125,-0.3795749396326759,-0.09371171726779062,-0.06668851971762514,-0.06668851971329474,-0.09339840103914088
12465.722,8.297200105062302,-0.08427632326597016,8.191916622598344,-0.3798438977462395,-0.09168176177741504,-0.06397719363517064,-0.06397719363095711,-0.09136505122549979
12465.742,8.301037540768537,-0.08462498938971112,8.195757184176284,-0.3801017050875568,-0.08952531215856191,-0.06115445516556209,-0.061154455161479326,-0.08918987511075026
12465.762,8.304887245681481,-0.08496636771208975,8.199597151071217,-0.3803446367669324,-0.0873685642920546,-0.058266730637094075,-0.058266730633148994,-0.08703468059232265
12465.782,8.308733321373913,-0.08529906812068644,8.203434175255374,-0.3805769219514299,-0.08518381270651736,-0.05535770146149113,-0.05535770145768778,-0.08484513253546175
12465.802,8.312579038436933,-0.08562322747789826,8.207272521336808,-0.38080004530307365,-0.08299567086486775,-0.052421036519720375,-0.05242103651606198,-0.08265691186227951
12465.822,8.316459630123424,-0.08594159351253786,8.211131166373386,-0.3810139344467711,-0.0807301813385239,-0.04943319337683543,-0.04943319337332233,-0.0803902074731029
12465.842,8.32030787153008,-0.0862486124814824,8.214969651906744,-0.38121463359213575,-0.07846512428209063,-0.046400511266060984,-0.04640051126270157,-0.07811161356820692
12465.862,8.32414962292586,-0.0865461259071133,8.218803015013803,-0.38140269327145243,-0.07610726088719849,-0.043282236351049996,-0.04328223634785179,-0.07575148642556871
12465.882,8.327990313487458,-0.08683442857178643,8.22263575315011,-0.38157948653063134,-0.07373804437887443,-0.04014234853415507,-0.040142348531121294,-0.07338029942814299
12465.902,8.331847118458713,-0.08711465194829308,8.226473326913009,-0.38174551422775255,-0.07127821536913757,-0.036953753909431494,-0.03695375390656623,-0.07091790769813493
12465.922,8.335680445248473,-0.08738369020793543,8.230299731818912,-0.3818988376746555,-0.06884896897371297,-0.03374217191245056,-0.03374217190975943,-0.06848526481289394
12465.942,8.339533703341578,-0.0876446585507197,8.23414172819419,-0.38204083467816347,-0.06638975509689694,-0.03047839487090105,-0.030478394868387774,-0.06601761446243148
12465.962,8.343361525466536,-0.08789419857197424,8.237961176795555,-0.3821676420257007,-0.0637887397934452,-0.027102881308860273,-0.027102881306535122,-0.06341135177895528
12465.982,8.34717601255574,-0.08813281790588723,8.241767838890349,-0.38228063040829857,-0.06115115698852552,-0.023687997785919512,-0.02368799778378712,-0.060766010649837415
12466.002,8.350988720535131,-0.08836116986761991,8.245571921884412,-0.3823808310857037,-0.05848564792780616,-0.020233321547844053,-0.020233321545908373,-0.05809840525492233
12466.022,8.354793345914192,-0.08857879530963797,8.249369658404428,-0.3824680217210917,-0.055776354008778575,-0.016732680280675476,-0.016732680278941425,-0.0553843039153553
12466.042,8.358610368886534,-0.08878668413384913,8.253177796399797,-0.38254259056103107,-0.053039941242312184,-0.013186440589052125,-0.013186440587523128,-0.052646488423541526
12466.062,8.362422837391831,-0.08898376246860774,8.25698178613027,-0.3826032721911412,-0.05024016680294773,-0.009585454663848693,-0.00958545466252993,-0.049834949977587716
12466.082,8.366228117546505,-0.089169613476908,8.26077916443074,-0.38264962981931167,-0.04735455286805595,-0.00590382176078643,-0.005903821759684098,-0.04694537277307723
12466.102,8.370027100640947,-0.0893441058268483,8.26456921830934,-0.3826819541614275,-0.04443830731671857,-0.0021819629355199067,-0.002181962934637697,-0.04402612205162086
12466.122,8.37381327177994,-0.0895068773373231,8.268349284213743,-0.38270028463321687,-0.04148047918079648,0.0015772448672324141,0.0015772448678906849,-0.041063891810408086
12466.142,8.377618752220853,-0.08965914202449388,8.272147590893422,-0.3827050529182947,-0.038498914528490476,0.005382863959222412,0.005382863959653533,-0.03808107782003722
12466.162,8.3814447639085,-0.08980070200908738,8.275954409744172,-0.38269639134532996,-0.035459614199520144,0.009220527493503447,0.009220527493704585,-0.03503755129330624
12466.182,8.385227602244848,-0.08992919214476158,8.27972835178034,-0.3826720742467773,-0.03244173643548425,0.013058845067151112,0.013058845067120862,-0.03201417814228905
12466.202,8.389006689965237,-0.09004597060952564,8.283497053849551,-0.3826329527695625,-0.029331836109842104,0.016985938533926784,0.016985938533658984,-0.02889936679279024
12466.222,8.392766715330003,-0.09015035391162032,8.287249671922718,-0.38257904650338925,-0.026164378917862424,0.020961314956160968,0.020961314955652385,-0.025726710016396953
12466.242,8.396542024020302,-0.09024312568685687,8.291016456190192,-0.3825104642425954,-0.02297143570106292,0.024971869199866173,0.024971869199114233,-0.022535341510983808
12466.262,8.40033436075106,-0.09032405932177032,8.294791863664221,-0.38242755793877614,-0.019744075566670287,0.028975475405532868,0.028975475404537546,-0.019310464445852223
12466.282,8.404120579325244,-0.09039291639920954,8.298566984603745,-0.38232983482206745,-0.016609922518753362,0.03292354962045657,0.032923549619221344,-0.016173077416401404
12466.302,8.407903464601851,-0.09044973795064745,8.302337218009624,-0.3822172427942668,-0.013412910465450885,0.036938572699842,0.036938572698362857,-0.012964167733753843
12466.322,8.411669497835929,-0.09049402109612331,8.306091446114186,-0.38208849530728156,-0.010086843419736964,0.04107920335238346,0.04107920335065301,-0.009632925293674063
12466.342,8.415434480767408,-0.0905256258329757,8.309838843819824,-0.381944931637631,-0.006675084615996809,0.04526366229927216,0.0452636622972886,-0.0062172919208065966
12466.362,8.419193288447229,-0.09054437241050858,8.313586796549496,-0.3817856575672662,-0.0033190379243350516,0.049422684525190906,0.04942268452295667,-0.002867232326134952
12466.382,8.42296615849579,-0.09055064088726321,8.317347509537447,-0.38161197609405295,-9.628157670106541e-06,0.05353792647887699,0.05353792647639463,0.0004390408644541795
12466.402,8.42674667768393,-0.0905444487946266,8.3211136829337,-0.3814232771916306,0.003291094280641165,0.057650616808256595,0.057650616805526626,0.0037444223016201007
12466.422,8.430519246130622,-0.09052571075186584,8.324871024388788,-0.38121887440246494,0.006655511696183648,0.061826191276337386,0.06182619127335774,0.00712018784277435
12466.442,8.434283706471765,-0.09049401138684614,8.32861529071726,-0.38099818619922665,0.01019153944406304,0.06613061946783888,0.06613061946460345,0.01066370054225441
12466.462,8.43803240973483,-0.09044919673804062,8.332349420084347,-0.3807612175482168,0.013701930480145853,0.07043800205319459,0.07043800204970456,0.014165144375972489
12466.482,8.441791612362024,-0.09039105119330772,8.336088827747314,-0.38050934159344335,0.017209858783339263,0.07472571227437774,0.07472571227063374,0.017675184703824714
12466.502,8.445546381225492,-0.09031992841309083,8.339825150431237,-0.3802419379180792,0.020666847320775318,0.07898247629697909,0.07898247629298458,0.02113087059899084
12466.522,8.449285165052236,-0.0902361785434829,8.343550678502998,-0.37996005393701837,0.02412343216126187,0.08325332545728661,0.08325332545304344,0.024587724592997445
12466.542,8.453070260775096,-0.09013800102245617,8.34730347063398,-0.37966501461649926,0.02777946818921926,0.08789182263758331,0.08789182263303778,0.02826403797563702
12466.562,8.456728237449608,-0.09002982514933762,8.350933968060396,-0.37935663942513986,0.03131835763076146,0.09239654558498962,0.09239654558013903,0.03177555224356024
12466.582,8.460307531359174,-0.08991177933180775,8.354491158614316,-0.3790400824430665,0.03458559569258654,0.09659711426092957,0.09659711425578671,0.03501895300909356
12466.602,8.46386500772188,-0.08978321502035745,8.358027963494624,-0.37871390028970675,0.037626005247791555,0.10055849228782301,0.10055849228239476,0.038037384808807514
12466.622,8.467430939094726,-0.08964376451888784,8.361562523094436,-0.3783751706036959,0.04057085834051104,0.10434661727424172,0.10434661726853245,0.04097207510719761
12466.642,8.470986069094524,-0.08949449263235282,8.365097488081684,-0.37802834144289077,0.04334546309139751,0.1080230604091187,0.10802306040313317,0.04374071883490759
12466.662,8.474557127168817,-0.08933467313659191,8.368646788204236,-0.3776683403780541,0.046093094297736274,0.11167449529329002,0.11167449528702726,0.0464846847541483
12466.682,8.478136612897252,-0.08916463473223693,8.372198636857927,-0.37729644830851955,0.04886826904886605,0.11536697808288834,0.11536697807634291,0.04927222821490878
12466.702,8.48167997240143,-0.08898614522765681,8.375719978407828,-0.3769186839317853,0.05183869345880684,0.11921020609066262,0.11921020608383581,0.052263226785873036
12466.722,8.485244476283434,-0.08879572584048086,8.37926070261357,-0.3765210972553747,0.054908245973538584,0.12317715422084388,0.12317715421372617,0.055338285987296384
12466.742,8.488822525747594,-0.08859341275916387,8.382814423151888,-0.37610559115811254,0.05807342482082068,0.12724896298135133,0.12724896297393606,0.05851285118058053
12466.762,8.492415730723122,-0.08837872249840203,8.38638239862272,-0.37567213679297345,0.061280986136247204,0.13137419372435005,0.13137419371663298,0.06172149243568995
12466.782,8.496025133431397,-0.08815140318899398,8.389966324435287,-0.37522554687194526,0.06453119740584147,0.13555511087631106,0.13555511086828606,0.06498450615949308
12466.802,8.499664060757468,-0.08791019788675339,8.393565612931376,-0.3747574430519118,0.067867108055663,0.13983230894982362,0.1398323089414746,0.06833034927641823
12466.822,8.503242282436958,-0.08766087463930239,8.397112190572217,-0.37428172470934,0.07127979041055066,0.14415801417235,0.14415801416368915,0.0717475562531409
12466.842,8.506821373600477,-0.0873990042032807,8.40066038682075,-0.37378754182891116,0.07480700628914513,0.14861347204832637,0.14861347203934488,0.07528309415077522
12466.862,8.510405382603162,-0.08712395266893615,8.40421279815464,-0.37327696615163486,0.07837465939983547,0.15310950690155783,0.15310950689225325,0.07884893817013922
12466.882,8.513999083414014,-0.08683529458788884,8.407774066896181,-0.3727503385998594,0.08192662818663571,0.15759189953602915,0.15759189952640087,0.08240241346853253
12466.902,8.517608820903787,-0.08653243419859426,8.411349199732486,-0.3722068914328657,0.08548278358174136,0.1621075974305305,0.16210759742056965,0.08596057328639119
12466.922,8.52122316823919,-0.0862160610846038,8.414922046437862,-0.3716477028615396,0.08911065856471741,0.16668715192623898,0.1666871519159381,0.08958438559938182
12466.942,8.524808845570345,-0.08588916805396586,8.418468580738232,-0.3710737453129268,0.09276240902536463,0.17130867578184716,0.17130867577120576,0.09325350289098178
12466.962,8.528377117302847,-0.08555052691875069,8.421998905359375,-0.3704855491081076,0.09646463363098455,0.1759372863111194,0.1759372863001475,0.09695036355985202
12466.982,8.531954310440538,-0.08519775528260659,8.425536617911503,-0.36988054525237857,0.10012965417977655,0.18052506243378486,0.18052506242248462,0.10061431899275221
12467.002,8.53553857019385,-0.08483103865447084,8.429080231562295,-0.3692584114553225,0.10378549482045972,0.185110007251391,0.18511000723976168,0.1042670709713161
12467.022,8.539134064455869,-0.08444983096042386,8.43263064545231,-0.36861806309930867,0.10749129135395658,0.18972910235331575,0.18972910234135237,0.10797884972012876
12467.042,8.542732532913742,-0.08405481799177078,8.43618535355453,-0.367964859422751,0.11116854398439537,0.19435326694262964,0.1943532669303283,0.11165392449245751
12467.062,8.546335765195423,-0.08364590710461431,8.4397418324085,-0.36729308288964113,0.11481457590699282,0.19896057879539505,0.1989605787827511,0.1152930658615796
12467.082,8.549920535143968,-0.08322588483457516,8.44327972330202,-0.3666081478370204,0.11847603281666567,0.20354241640574625,0.2035424163927694,0.11896218469099692
12467.102,8.553505737219352,-0.0827924666438201,8.446816057454043,-0.3659067085980387,0.1221327540493739,0.20813391459318012,0.2081339145798641,0.1226207575034052
12467.122,8.557088544290977,-0.08234595581685629,8.450348186730542,-0.365186947401084,0.12583295680387474,0.2127665373721168,0.21276653735845474,0.12631830246553546
12467.142,8.560690041356517,-0.08188363472813588,8.453880194313191,-0.36445942425216454,0.12938861999570828,0.2173899389404248,0.21738993892641442,0.12988281717895944
12467.162,8.564264728268197,-0.08141174652079097,8.457403085252967,-0.36371277453260265,0.13308612968235536,0.2220267905135403,0.2220267904991857,0.1335708401401638
12467.182,8.56784291751841,-0.08092605902658731,8.460925621030043,-0.36295241261695327,0.1367347822529157,0.22663163039541348,0.22663163038070927,0.13721777922722556
12467.202,8.571407805521247,-0.08042892840621599,8.464432986545406,-0.3621764463433344,0.14041254814588186,0.2312453689572311,0.23124536894218278,0.14090976040345396
12467.222,8.574955290101869,-0.07992077939193191,8.467921586380795,-0.3613810492636522,0.14412348418601637,0.2358560011039652,0.23585600108858004,0.14461025875264158
12467.242,8.578498185095974,-0.079399952446781,8.471405459054157,-0.36057725360880394,0.14779561242588854,0.24042446081688157,0.24042446080116453,0.14828159571144653
12467.262,8.582041893079092,-0.07886571247235663,8.474888664911683,-0.3597574864869289,0.15146485336046048,0.24499404242620262,0.24499404241015255,0.15195060630885499
12467.282,8.58558782089946,-0.07831782564760129,8.478370849057887,-0.35892172635670044,0.15513284515554981,0.24957837222114945,0.24957837220475695,0.15561850983234837
12467.302,8.589134101761548,-0.07775656493639165,8.481854796043933,-0.35806908144002847,0.15879711458094453,0.2541877024349612,0.25418770241821537,0.15928416306841198
12467.322,8.592688895004938,-0.07718057410977028,8.485344320327705,-0.3571948734057999,0.16247963869726967,0.25883976306638434,0.25883976304927364,0.16297001757897758
12467.342,8.596223009926359,-0.0765945171220462,8.48881023306665,-0.35631772647749654,0.1661974269096256,0.2634784345094252,0.2634784344919641,0.1666887103359428
12467.362,8.599737531051929,-0.07599827476853224,8.492255343402347,-0.3554275883801607,0.16990139710383628,0.26806517863013274,0.268065178612335,0.17038918949367626
12467.382,8.603245752552091,-0.07538976134048109,8.495692526859836,-0.3545224120703456,0.17358756612740275,0.27263399549736994,0.2726339954792371,0.17407495337951423
12467.402,8.606747388510446,-0.07476910487806007,8.49912262167402,-0.35360266871141427,0.17726120505194895,0.2771922452425554,0.27719224522408975,0.1777497609952048
12467.422,8.610258575007718,-0.07413341152543587,8.50256220172509,-0.3526667494164167,0.18095328090685972,0.2817732510436178,0.2817732510248134,0.18144134709269918
12467.442,8.613779727857585,-0.07348246314889277,8.506009505853603,-0.35171233616604447,0.1846539370986855,0.28637605662635296,0.28637605660720333,0.185144138210003
12467.462,8.617306942750155,-0.07281688159908356,8.509457368918513,-0.3507400625514673,0.18835716830859883,0.29101116182035386,0.2910111618008431,0.18884780451429187
12467.482,8.620802379336784,-0.07214394680806896,8.512873125455119,-0.34975122083500243,0.1920510817695976,0.29562189668119015,0.2956218966613314,0.19254029479010545
12467.502,8.624268174039791,-0.07146341466630393,8.516256579327955,-0.34875110025262895,0.1957039687577287,0.30016353901950954,0.30016353899931825,0.19619526710574894
12467.522,8.627731926363591,-0.07077008777970796,8.519639033090286,-0.34774886585681375,0.19940427364646593,0.3047280453040307,0.30472804528350417,0.19989309090264587
12467.542,8.631237471021212,-0.07005528172859478,8.52303259196229,-0.34673135014571044,0.20295769203697814,0.3093424727966922,0.3093424727758091,0.2034508964196587
12467.562,8.634707141674967,-0.06933451989724766,8.526413458246875,-0.3456992101228595,0.20667399631608066,0.3139646182566729,0.3139646182354259,0.20716251621875703
12467.582,8.638161970023653,-0.06860347062878275,8.529780324002719,-0.3446570345679245,0.21038105682733943,0.31857833652164913,0.318578336500036,0.21087115250396096
12467.602,8.641613030602905,-0.06785983512120534,8.533140240108445,-0.3436002431648031,0.2140890927357561,0.3231956675336853,0.32319566751170653,0.2145472166444837
12467.622,8.645043024095754,-0.06710742405447212,8.536479997981603,-0.34251949989788044,0.21782818856083103,0.3278441071265257,0.3278441071041955,0.2183176154637563
12467.642,8.648471434923422,-0.06634176038984702,8.539812158187289,-0.341433562757735,0.22163608985593472,0.33253682021655295,0.33253682019386344,0.22214219590219705
12467.662,8.651893768108305,-0.06556364435242737,8.543135845902249,-0.3403343988007867,0.22547841341436642,0.3372700014048759,0.3372700013818159,0.22597654507187903
12467.682,8.65529720434907,-0.06477619691862684,8.546442109149076,-0.33922521287134927,0.22924295008469917,0.3418989401299439,0.34189894010653105,0.2297373010280173
12467.702,8.658708021471226,-0.06397355441917958,8.549753173125463,-0.3380971164654929,0.23299222656902924,0.3465346747864491,0.3465346747626701,0.23348613160454396
12467.722,8.662116646888013,-0.063158030406702,8.553064064334377,-0.3369433873299389,0.23670803118765887,0.3511910317232522,0.35119103169910026,0.2372038145993748
12467.742,8.665527324877752,-0.06232847003789879,8.556369664831353,-0.3357856658154685,0.24047657300013509,0.35584391072620836,0.3558439107016899,0.24097246807296574
12467.762,8.668924495378347,-0.06148860165013206,8.55965518329888,-0.33461352536370387,0.24428004871938186,0.36051718382211456,0.3605171837972293,0.2447776120607914
12467.782,8.672323872543148,-0.060635199718483516,8.56290827932242,-0.33343635980673536,0.24781629991723222,0.36513221523712375,0.36513221521187034,0.24830842555432814
12467.802,8.675670623777041,-0.05978177802423614,8.566142008558582,-0.33224700964381554,0.2515415838919422,0.36971003728282886,0.36971003725721663,0.25202422425142174
12467.822,8.67900500165178,-0.05891836421876859,8.569364677569979,-0.33103481324989964,0.25521465717659525,0.3742973290009376,0.3742973289749619,0.2557064944408936
12467.842,8.68233107263597,-0.0580439339513136,8.57257732124954,-0.32982343711996104,0.2589450356873386,0.378845020807193,0.3788450207808823,0.2594379794902027
12467.862,8.68567054511115,-0.05715264986614184,8.5757992619986,-0.3285924865905785,0.2626834337351212,0.3834163061838211,0.38341630615716404,0.26317631097220245
12467.882,8.689006105758539,-0.05624904144348376,8.579015096008932,-0.3273476206440535,0.2664202006472248,0.3879860158594882,0.38798601583248543,0.266913078445732
12467.902,8.692334871805267,-0.05533391319961796,8.582220188894526,-0.3260875498751767,0.27016128516367305,0.39254864474278184,0.39254864471543893,0.27065239269445207
12467.922,8.695642960877798,-0.05441121536694992,8.585404824457813,-0.3248030771868487,0.2738177759796637,0.3970971246954653,0.39709712466777536,0.27431027330992225
12467.942,8.698948109304594,-0.05347623410603106,8.588581322078383,-0.32352031210857785,0.27754847133574057,0.4016453883031404,0.4016453882750997,0.2780404928237032
12467.962,8.702244148775977,-0.05253054737250703,8.59174664179828,-0.32222598090084703,0.28127222699725846,0.40618502415030483,0.4061850241219135,0.2817629845968276
12467.982,8.705526719280725,-0.05157550225672235,8.594896524424984,-0.3209219732638132,0.2849841276980236,0.4107066482237907,0.41070664819505226,0.2854741586098522
12468.002,8.708790588316614,-0.050612765214307555,8.598029127004141,-0.3196092991630125,0.2886817444552214,0.41517885479300615,0.4151788547639478,0.28917182326792257
12468.022,8.712062839310342,-0.04963440234083963,8.601166823049162,-0.3182763184633874,0.29236796743935456,0.41964582354210245,0.41964582351272306,0.2928548487666661
12468.042,8.715333799808581,-0.04864353721010553,8.604305592152114,-0.3169158847967683,0.29597701005224336,0.42411006414111707,0.4241100641114143,0.296468251784186
12468.062,8.7185999694449,-0.047640938584588434,8.607425683951426,-0.31555496130052774,0.29969117038770904,0.4285696104999344,0.4285696104699245,0.3001793103367055
12468.082,8.721837772550664,-0.04663393980019704,8.610515780059066,-0.3141889090205245,0.3033687005766523,0.43299588089068325,0.4329958808603614,0.3038553182238944
12468.102,8.725058720372086,-0.04561919172238886,8.613588986651582,-0.31281521101823795,0.3070373908589219,0.4374170613726353,0.43741706134199826,0.30752291276555016
12468.122,8.728269828038327,-0.04459459138940681,8.616650864607506,-0.3114307484422101,0.3106989126832777,0.4418273060736473,0.44182730604269577,0.3111839931442791
12468.142,8.731472954385495,-0.04355965349276402,8.619703123371986,-0.3100345749235734,0.3143321890731468,0.44620432272748856,0.4462043226962253,0.3148166878284155
12468.162,8.734671461224425,-0.04251338071496374,8.62274896417945,-0.30862733106477414,0.317929985605636,0.4505054483648951,0.45050544833332906,0.3183957685227402
12468.182,8.73785765254352,-0.04145878459560535,8.625784251120832,-0.30721189480908895,0.32132096165143326,0.45454525917040917,0.4545452591385741,0.32177180754567675
12468.202,8.741056313496632,-0.04038824295691193,8.628828045872465,-0.3057786967412123,0.3245932499842122,0.45846595303532467,0.45846595300322146,0.3250362334975023
12468.222,8.744252558513853,-0.03930689477213579,8.631861469098837,-0.3043298130921848,0.32788719701429037,0.4624118503041225,0.4624118502717418,0.328337348503875
12468.242,8.747418135998064,-0.03822445227163984,8.634870527663931,-0.3028655140307875,0.33104829870986024,0.4663090604787921,0.46630906044613935,0.3314850676234318
12468.262,8.750579885721935,-0.03713207525089745,8.63786907701391,-0.3014057418508781,0.33426449400347286,0.47014243984357956,0.4701424398106572,0.334700778772072
12468.282,8.753730675922023,-0.036032371096113576,8.6408631912953,-0.2999248273785466,0.33727162996192234,0.47385504353515706,0.47385504350196045,0.33769296637960294
12468.302,8.756878409693778,-0.034923224088196946,8.643843131790577,-0.2984494332624949,0.340292655093737,0.47745473491405327,0.47745473488060336,0.34071371943559425
12468.322,8.760014122136027,-0.033807663972508985,8.646808309025218,-0.2969668783085094,0.34329413350447985,0.48101155701641335,0.4810115569827244,0.343711265182534
12468.342,8.763136091920607,-0.03268651775964492,8.649760641833783,-0.2954784313195723,0.3462365415748219,0.4844606297737349,0.4844606297398336,0.3466410819863256
12468.362,8.766262629964508,-0.03155359554224822,8.65271171995388,-0.2939773137690138,0.34900989950444045,0.48771354867055405,0.48771354863646155,0.34940195367800675
12468.382,8.769365509054506,-0.03041963720431183,8.655637784137145,-0.2924749566664426,0.3517287220753146,0.49087445171928473,0.490874451685018,0.35211524338763256
12468.402,8.772464790761466,-0.0292775714225193,8.65855975425823,-0.2909627857548016,0.3543674414825077,0.49394206815094516,0.49394206811650626,0.3547465194527115
12468.422,8.775557778698351,-0.02812869645936364,8.661481086224885,-0.28942990932191737,0.3568352716151102,0.49692560311533734,0.49692560308072475,0.35719404490954704
12468.442,8.778651274369171,-0.02697113559442451,8.664396843915886,-0.28790284964784263,0.35928649106251404,0.49974601585225703,0.4997460158175058,0.359651531480779
12468.462,8.781758829026614,-0.025799667064924117,8.66732189330142,-0.2863607317188548,0.36169135738816505,0.5025213769679776,0.5025213769330668,0.36204271489543904
12468.482,8.784853043757833,-0.024624996624281806,8.670235026556742,-0.2848152162913288,0.36392557032972095,0.5051160526325277,0.5051160525974623,0.3642603511039632
12468.502,8.787993056208808,-0.023425087853118292,8.673148413384277,-0.2832630962079649,0.3658505444233999,0.5076587130259416,0.5076587129906995,0.366186285661479
12468.522,8.79103594829225,-0.022255609342304094,8.676004830499176,-0.28172584728300015,0.3679988290578081,0.5100754034892699,0.5100754034539425,0.3683282228519661
12468.542,8.794074318618865,-0.021080501329654704,8.678855016001597,-0.28018120172711164,0.3700580617731055,0.5123448051948064,0.5123448051594383,0.3703783506947191
12468.562,8.797124827189648,-0.019893659392546583,8.681714733843567,-0.27862405865364853,0.37199837559422616,0.5144675364606199,0.5144675364252168,0.37230181705093346
12468.582,8.800174033208531,-0.01870080395230438,8.68457301853909,-0.2770612289730668,0.37377703756347397,0.5164039186542141,0.5164039186187838,0.37406711828916256
12468.602,8.80322375116725,-0.01750170345885093,8.687431605780516,-0.27549063344447033,0.3754396463949411,0.5182036209047425,0.5182036208692908,0.3757197875220975
12468.622,8.806270511578509,-0.01629833424363555,8.690293580300917,-0.27390174524734795,0.37689308747422917,0.5198862070960635,0.5198862070605897,0.3771641902168072
12468.642,8.80933010054219,-0.01508463942995875,8.693160705596064,-0.2723168963299158,0.37838939510384,0.5214875951908171,0.5214875951553308,0.3786552358658958
12468.662,8.812394537166876,-0.013863833210127937,8.696025087250346,-0.27072681530638737,0.3798140043042675,0.5230018984757075,0.5230018984402113,0.3800734881256512
12468.682,8.81540395398,-0.012660118514532106,8.698839631170399,-0.2691566196992869,0.38113638614443685,0.5243207667389695,0.5243207667035363,0.3813744436219052
12468.702,8.818410619431118,-0.011453263695525828,8.701654199797733,-0.26758334181372695,0.3822480815146958,0.5253540142689015,0.52535401423359,0.38246996014994594
12468.722,8.821438541406419,-0.010234227486485784,8.704484765354131,-0.26599529813709166,0.38322801662844136,0.5262266636967643,0.5262266636615929,0.38344302407215536
12468.742,8.82445522002736,-0.009016453746284956,8.70730672663672,-0.2643939899668199,0.3840238435981258,0.5269789937646755,0.5269789937296716,0.384223755050903
12468.762,8.827485812084099,-0.007790437723457376,8.710136883644616,-0.2627989845390082,0.38479708151615755,0.5275758156103292,0.5275758155755066,0.38498627070162345
12468.782,8.830515521489666,-0.006562277011064298,8.712965451753,-0.2612013708414377,0.3854414125121561,0.5280167800087218,0.5280167799740897,0.3856186904084125
12468.802,8.833531072154285,-0.0053379008744547565,8.715784255833885,-0.25959447732030905,0.38583606007739935,0.5282985245393843,0.5282985245049547,0.3860003867843948
12468.822,8.836547921895008,-0.004111654392962094,8.718595785965011,-0.2580025115419568,0.3862966517445378,0.5284996629024263,0.5284996628682287,0.386461725916958
12468.842,8.839518080727785,-0.0029029481056916853,8.721382685483958,-0.2564241523742791,0.38663813616369885,0.528478807687816,0.5284788076539457,0.3867856945099456
12468.862,8.842529606179534,-0.001676548695810696,8.724194479596898,-0.2548308628639445,0.38678323553984567,0.5282093491777615,0.5282093491442525,0.38690004306079345
12468.882,8.845544707016558,-0.0004486533930487206,8.727015110403796,-0.25322059442532074,0.3867036439671699,0.5278084229236409,0.5278084228905121,0.3868307576007743
12468.902,8.848588462424818,0.0007908439786677821,8.729855328983316,-0.2516126844499675,0.38673879930988525,0.5274027217925926,0.527402721759859,0.38686549087401617
12468.922,8.851627098201877,0.0020283701129058455,8.732687449168647,-0.2500052196051288,0.38676541435027306,0.526968163117132,0.5269681630848272,0.38689155273966225
12468.942,8.854671439685433,0.003268308140474456,8.735523177635326,-0.24839454620006407,0.3867887238533337,0.5265283912504088,0.5265283912185431,0.38691455781049156
12468.962,8.85771580625941,0.00450833367620714,8.73835702957418,-0.24678388867098747,0.3868090244396904,0.526083973201774,0.5260839731703576,0.3869345873738911
12468.982,8.860751327870078,0.005744815320416449,8.74118488696737,-0.24517639972155475,0.3868221980265423,0.5256252443195443,0.5256252442885915,0.3869344589598587
12469.002,8.86380387024334,0.006988199401579504,8.744024517688405,-0.24355975338998165,0.38680554302886366,0.5251772437611115,0.5251772437305886,0.38692942535244945
12469.022,8.866832071433024,0.008221413861879263,8.7468508887333,-0.24194311746547864,0.3867002822024976,0.5247297386440427,0.5247297386139657,0.3868264684009216
12469.042,8.869908829780123,0.009474038351126805,8.749685673317265,-0.2403307620425685,0.3864403137894132,0.5242370841642551,0.5242370841346242,0.38645862909182915
12469.062,8.872946963066653,0.010709766271055922,8.752519496984528,-0.23871066980336142,0.38626198818140184,0.5237321385961714,0.5237321385669909,0.38638807462944463
12469.082,8.87598030705983,0.011943394354253463,8.755339198142405,-0.23710632215484503,0.38625890518119316,0.5232869660125642,0.5232869659838604,0.38638445402757
12469.102,8.879005311576949,0.013173660491529189,8.758149341360756,-0.2355056958054429,0.3862766259372809,0.5228626106678994,0.5228626106396848,0.38640195041225056
12469.122,8.882023533147617,0.014401194683716796,8.76095424787649,-0.23390768690264496,0.3862762914934614,0.5224154696005393,0.522415469572827,0.38640141239123765
12469.142,8.885049311796957,0.015631780340072975,8.763764328274366,-0.23230503499701097,0.3862435216330517,0.521964023757505,0.5219640237302795,0.3863663078797017
12469.162,8.888072889646532,0.01686136825173914,8.766573264685421,-0.23070537232606553,0.3862332719363853,0.5215371771719944,0.5215371771452503,0.38635441809113574
12469.182,8.891092587484723,0.01808929501931344,8.769379123243109,-0.22910765274233846,0.38619492343121437,0.5210912632160591,0.521091263189795,0.3863131914021712
12469.202,8.894116525800024,0.01931877551207093,8.772187841640203,-0.22750851569241634,0.38614507001500425,0.5206482893629157,0.520648289337119,0.3862640974132704
12469.222,8.8971329728909,0.020545014655094448,8.774990917658785,-0.22591357254675087,0.38607304329353437,0.5201830303309527,0.52018303030563,0.3861875239315685
12469.242,8.90015179421409,0.02177190237644157,8.777795244525684,-0.22431837457500123,0.38596648064288486,0.5196868933714475,0.5196868933466002,0.38607772557775305
12469.262,8.903165764131126,0.022996371320965603,8.780591958082217,-0.22272702671442363,0.38581816170036265,0.519152300561005,0.5191523005366422,0.3859272293662947
12469.282,8.906158273885747,0.024211572511665957,8.783366913569889,-0.2211463701927339,0.38565024562747774,0.5185975738999643,0.518597573876107,0.3857552796853273
12469.302,8.909149017780495,0.025425409427216456,8.7861403082954,-0.2195677327782914,0.3854472807430927,0.5180130596082008,0.5180130595848493,0.38554867994785647
12469.322,8.912139849200125,0.026638512647771343,8.788914200636402,-0.21798987169595369,0.3852088710411912,0.5173974823712022,0.5173974823483561,0.38530680000799333
12469.342,8.91516919967974,0.027866138360366912,8.791693687156826,-0.21641076519515978,0.3847075427983631,0.5167316950288295,0.5167316950064785,0.3847954471996977
12469.362,8.918166927879316,0.029079205322813256,8.794474771141989,-0.21483357851682136,0.38431680777097404,0.5159654522697524,0.5159654522478988,0.38439699225096413
12469.382,8.92116518434324,0.03029098808321576,8.797257756668802,-0.21325730102981863,0.38385319895980896,0.5151408144624804,0.5151408144411159,0.38392838171177174
12469.402,8.924181936414877,0.03150856518613332,8.800055787114406,-0.2116734377846323,0.38337823406339155,0.5143542032640914,0.5143542032431673,0.3834593434566786
12469.422,8.927182123295749,0.03271784664021529,8.802845999703331,-0.2100874864831938,0.38286229852644765,0.5136884793356938,0.5136884793151689,0.38294510037811647
12469.442,8.930167489321517,0.0339195057743818,8.805612843093435,-0.20852434497910055,0.38250058864456976,0.5130566865260557,0.5130566865059406,0.3825918123104869
12469.462,8.933127206094564,0.035109686042951456,8.808355558729419,-0.20697478211798523,0.3821750133952271,0.5124614241484925,0.5124614241287985,0.38226598624264885
12469.482,8.936114892138526,0.03630957646605695,8.811093719875617,-0.20542903586412573,0.38155293993184897,0.5117912020456832,0.5117912020263938,0.3816250870083705
12469.502,8.93905603821067,0.03748859239814722,8.813833395880527,-0.2038784128448021,0.38091490444804693,0.5110227870704162,0.511022787051515,0.38098305927397647
12469.522,8.942036817149253,0.03868142175733003,8.816598828078687,-0.20232467467464754,0.38043295127976307,0.5103393494177021,0.5103393493991284,0.38051795514524983
12469.542,8.94500451298282,0.03986758457649311,8.819350563168552,-0.2007797464716366,0.38004743882094616,0.509779833891995,0.5097798338737043,0.38013265864459084
12469.562,8.947934493848317,0.04103729583583321,8.82206812417102,-0.19925424315764412,0.3796302502974215,0.5091987660866953,0.5091987660686867,0.3797152161492843
12469.582,8.950878595358494,0.04221107290255976,8.824767814837928,-0.1977409834642233,0.37899040408689577,0.5086361396484423,0.508636139630703,0.37907186652865266
12469.602,8.9537918219302,0.043370565003290146,8.827472219291858,-0.19622785813770682,0.37859281253977045,0.5081056445563289,0.508105644538824,0.37867715149416054
12469.622,8.956691444046495,0.04452333514690179,8.830164706097186,-0.19472210487223165,0.3782083884576922,0.5076167919773009,0.5076167919599857,0.37805560442617214
12469.642,8.9596233198992,0.04568687836015541,8.832857476384177,-0.19322064379700257,0.37759332258022565,0.5071422187550109,0.5071422187378393,0.3776791323610717
12469.662,8.962510894986897,0.04683152813332018,8.835539543371178,-0.19172614041363412,0.3772136619380953,0.5066957126630988,0.5066957126460352,0.3772995673676705
12469.682,8.965362850826798,0.04796081175987397,8.838189611990492,-0.1902509421386764,0.37683781784404385,0.5062620210002502,0.5062620209832804,0.3769240849357742
12469.702,8.968188908922693,0.04907861660544191,8.840817040569261,-0.18878898561081325,0.37646467476480444,0.5058361082078332,0.505836108190956,0.37655103523122485
12469.722,8.970994401996823,0.0501868125452077,8.843433608160113,-0.1873280870050075,0.3760007573093302,0.5054400849800439,0.5054400849632539,0.37608836086396275
12469.742,8.973801290274544,0.051294338993756954,8.846043194934458,-0.18587974791192305,0.37564004932005207,0.5050259553219981,0.5050259553053023,0.37572764089856503
12469.762,8.976591639434123,0.05239416944362584,8.848640892920189,-0.18443900699327337,0.3752720421872714,0.5045959707734617,0.5045959707568757,0.37535954339501876
12469.782,8.979438908827648,0.05351484637956867,8.851258927032083,-0.1829896963190843,0.37465080865070666,0.5041781930515851,0.5041781930350719,0.37473912186348185
12469.802,8.982268115465539,0.05462674987243923,8.853906786013013,-0.181520359836507,0.3741875743179205,0.5038081088607597,0.5038081088442531,0.37427286973955254
12469.822,8.985103651735075,0.055739648108049225,8.856550214481228,-0.18006361309350824,0.37381900932517476,0.5034096242256604,0.5034096242091236,0.37390024384806364
12469.842,8.987914511514573,0.05684151345623015,8.859169297606796,-0.1786214968276469,0.37335276472830065,0.5029093999609755,0.5029093999444005,0.373425433521628
12469.862,8.990678909412347,0.05792349138486342,8.861755029806845,-0.17719328754854552,0.37269335357392014,0.5023284306304623,0.5023284306138609,0.3727561754643836
12469.882,8.993446719331033,0.05900473394456156,8.864336213867302,-0.1757780421878905,0.37215639624573343,0.5017483486295088,0.501748348612881,0.3722264705972969
12469.902,8.996211844869435,0.06008324058906184,8.866915311226567,-0.1743649060162126,0.3716250898923032,0.5011868829484204,0.5011868829317652,0.3716962026516762
12469.922,8.998971152289666,0.061157805734802596,8.869491820786305,-0.17295497451082856,0.3711038844921008,0.500632540298885,0.5006325402821981,0.3711759984802206
12469.942,9.001785545070272,0.06225148772749745,8.872087014583869,-0.17153797075649646,0.3702717371595654,0.5000102229220532,0.5000102229052931,0.37032748746790944
12469.962,9.00456231418631,0.06332815188707491,8.874695833117034,-0.17011213448959417,0.3694183745388932,0.4992174520464249,0.49921745202956014,0.3694457977612517
12469.982,9.007320271706238,0.06439452706249646,8.877280893830616,-0.16870295524935391,0.36848903265228844,0.49822522854431966,0.4982252285273675,0.368521546169491
12470.002,9.010081142014064,0.06545912623366518,8.879869338111428,-0.1673029003361109,0.36757868587402637,0.4972687726734931,0.4972687726564532,0.3676115194695226
12470.022,9.01284003815782,0.06652008619147452,8.882456687092665,-0.16590480037957078,0.3666722269006769,0.4963161781482968,0.4963161781311705,0.36670545624808565
12470.042,9.015595012098899,0.06757667801560947,8.885040852989167,-0.16450384935617404,0.36576936308798974,0.49534774536777704,0.49534774535056536,0.36580298803785155
12470.062,9.018340281441741,0.06862665988760858,8.887614644251608,-0.16310873202927603,0.3648027531231729,0.49429836897355833,0.49429836895626844,0.36481694964720945
12470.082,9.021028742183178,0.06965141152276008,8.890159565642527,-0.16172741834688867,0.3635017310852428,0.4930733642814354,0.49307336426409465,0.3634943081549928
12470.102,9.023777968661982,0.07069461007476963,8.892729231952456,-0.16034541208905895,0.3618603675309101,0.49169196418123573,0.49169196416380206,0.3618279286767364
12470.122,9.026511399647285,0.07172707273839464,8.895320578274779,-0.1589586402124247,0.3604577093848531,0.490289460133084,0.4902894601155179,0.3604365121660117
12470.142,9.029223328882159,0.07274683445347839,8.897900557590134,-0.15758185546701606,0.3588311127032792,0.4886369502912875,0.48863695027364484,0.3587758603981728
12470.162,9.031946160001011,0.07376520971998987,8.900496571130782,-0.15620217171160986,0.3569473496190776,0.48673491163604454,0.48673491161833543,0.35687286279816766
12470.182,9.03466684989973,0.07477660765727809,8.903103034473817,-0.15482303107328962,0.35484145764610486,0.4846963594839029,0.4846963594661329,0.3547543493670258
12470.202,9.037403116369482,0.07578718006682136,8.905718282481942,-0.15344662789872687,0.35273075742509624,0.4825768854368112,0.4825768854189881,0.3526428720019934
12470.222,9.040147855034425,0.07679429982790223,8.908341863769676,-0.15207306127792902,0.3506201842524844,0.48045618977042165,0.4804561897525466,0.35053234815583695
12470.242,9.042892774893248,0.07779490379446885,8.91097233513598,-0.15070406976786624,0.3484966734845348,0.478301322188335,0.47830132217041105,0.3481879528535911
12470.262,9.04571881518255,0.07881744041061846,8.913657632423341,-0.14932358426388034,0.34595861705626896,0.4759524030397089,0.4759524030216723,0.3458323506808395
12470.282,9.048533889524375,0.07982808559415107,8.916372429580893,-0.14793806675697532,0.34337334275020687,0.47335189108061987,0.4733518910624642,0.34322955270301714
12470.302,9.051354509649848,0.08083225590749468,8.919096658380305,-0.14655709545961135,0.3406484434951522,0.47063139693745887,0.4706313969191925,0.34049435262463285
12470.322,9.054187143277808,0.08183201138148243,8.921827031718335,-0.14518267865019327,0.3380084842456865,0.46798851488204646,0.46798851486366316,0.3378778367014974
12470.342,9.056992379396501,0.08281392596921738,8.924535012836273,-0.1438273452367133,0.33535728051824093,0.4652919370241549,0.4652919370057098,0.3352078394702342
12470.362,9.059783506320233,0.08378220557281504,8.927239862203958,-0.14248297202659155,0.3324588196941622,0.4623424721617726,0.46234247214332214,0.33228376281682787
12470.382,9.06260608952925,0.08475199769199444,8.929980764028933,-0.14113197125792706,0.32942000272569766,0.4592496499038554,0.459249649885395,0.3292342984784748
12470.402,9.065500525263005,0.0857360421945848,8.93276954941955,-0.13977570739859652,0.32601494865308434,0.4559728713305389,0.45597287131203584,0.32579711255826777
12470.422,9.068389878816658,0.0867072482151886,8.935581247317844,-0.13842253639309754,0.32246504801195747,0.4524206122478437,0.4524206122293097,0.32221808937932456
12470.442,9.071279001489525,0.08766652050798525,8.93838531994358,-0.13708502065189274,0.318648828742975,0.4486867000564193,0.4486867000378851,0.3183772330752779
12470.462,9.074181081800502,0.08861744325397113,8.941192090743654,-0.1357592137590793,0.31461883468788776,0.4448999079002698,0.44489990788174477,0.3143265429410683
12470.482,9.077145799163224,0.08957598497390133,8.944006661251034,-0.1344450085830584,0.3109283757575826,0.4416231526936295,0.4416231526750733,0.3106943849449956
12470.502,9.08005282429623,0.09050413764691577,8.946794920680416,-0.13315995279601006,0.30711058514531636,0.4381519183419131,0.4381519183234253,0.3068309203279766
12470.522,9.083028821069469,0.09144099331229814,8.949612978542966,-0.13188463178909599,0.30273121325643415,0.4343150223863014,0.43431502236789155,0.30239935170379295
12470.542,9.086009825473607,0.09236422697382471,8.952457231849843,-0.13060513857433742,0.29787202547811636,0.4299846635855994,0.42998466356726944,0.29749363702910087
12470.562,9.089001661760966,0.09327446471927218,8.95531338620254,-0.12933348109863257,0.2928027734778034,0.42547586688485,0.42547586686661687,0.29241552066722826
12470.582,9.091997928979742,0.09416943253484118,8.958174096278853,-0.12808118605113208,0.2877185815168062,0.4209473040285655,0.42094730401045455,0.2873343103580628
12470.602,9.094985768381052,0.09504532137460105,8.961032838705666,-0.12685582022257155,0.2825949246626567,0.4163725943511337,0.4163725943332008,0.2822010891066145
12470.622,9.097997197415568,0.09591126144524341,8.963913151008434,-0.12563510013200774,0.277402250693311,0.411767870004074,0.41176786998633313,0.277003129767955
12470.642,9.100979231004388,0.09675226327521669,8.96675975637646,-0.12443935334769443,0.27242753333933617,0.4073266251302239,0.407326625112738,0.2720697159470766
12470.662,9.103964989127794,0.09757873197593314,8.969610243815781,-0.12325735538293706,0.2676905759505566,0.40308411905811714,0.4030841190408917,0.26734910738176865
12470.682,9.106962071297584,0.09839332099619198,8.97247033342497,-0.12208379437677304,0.26309352245541934,0.39894315140249065,0.3989431513855283,0.26276174391706597
12470.702,9.10996825691038,0.09919508147388387,8.9753470494995,-0.12091573629684416,0.2582742010576247,0.39479225095611664,0.3947922509394267,0.257928037885914
12470.722,9.113166297596,0.10003261698091903,8.9783888532981,-0.11968430063587053,0.25447839330698035,0.3916319396586846,0.39163193964193,0.2543775757163512
12470.742,9.11620122874217,0.10081905824566445,8.981274211526584,-0.11849924303344789,0.2528497268790118,0.3902855228755109,0.3902855228586051,0.2528764169292593
12470.762,9.119050634598167,0.10155362435040895,8.98398556690252,-0.11739551049359964,0.2515504662284286,0.3890020906651578,0.3890020906483048,0.2514818110074416
12470.782,9.121887023975553,0.10227931664427134,8.986690315586998,-0.1162969894537334,0.24931647735679313,0.38689981202138835,0.38689981200475715,0.2491887894011723
12470.802,9.124783609353347,0.10301271066801052,8.989450761618565,-0.1151972283249502,0.2465643491506137,0.38432316558357765,0.38432316556722335,0.24638746617485274
12470.822,9.12767468487999,0.10373559352871141,8.992209270194715,-0.11410796243892887,0.24339775768164892,0.38139578676007674,0.38139578674409186,0.2431936983403107
12470.842,9.130580920510928,0.10445215598648033,8.994979725822194,-0.1130168809072757,0.24012134827599696,0.37841257279094365,0.37841257277539997,0.23993052212420335
12470.862,9.133519487317134,0.10516676972611258,8.997775004859085,-0.11193174231651261,0.23700186900426218,0.3755449684768339,0.3755449684617554,0.23681577040434132
12470.882,9.136487331313862,0.1058787664275227,9.000595592315767,-0.11084441264812338,0.2338958955270203,0.3726819808849147,0.3726819808702999,0.23353129572531783
12470.902,9.139478762720978,0.1065862551594385,9.003414290833105,-0.10976221988180454,0.23043971272623434,0.3696707784254713,0.3696707784113227,0.23021125321421226
12470.922,9.14245277885631,0.10727848007477836,9.006230560450788,-0.10866245549983106,0.22693946440844895,0.3665132510797656,0.3665132510660796,0.2267165588837128
12470.942,9.145376225834072,0.10794824791738784,9.009003413076837,-0.10759497706419482,0.22347650476839093,0.3633976732833413,0.3633976732701826,0.22326805543060194
12470.962,9.148292903332308,0.10860600016520983,9.011778276953178,-0.10655582719033921,0.2201418672654981,0.3603982383976675,0.36039823838507784,0.21992506125103287
12470.982,9.15123723669762,0.10925964364069915,9.014576955257631,-0.10552106586827319,0.21681334911136538,0.3574086498903585,0.3574086498783475,0.21661679138596274
12471.002,9.154201015994857,0.109907555604657,9.017393683167304,-0.1044882397743917,0.21365065218379994,0.3545660525987587,0.3545660525873182,0.2134615074791418
12471.022,9.157177275998068,0.1105484307911824,9.02022252827966,-0.1034590607400982,0.21053539335069846,0.35177482495799284,0.35177482494711065,0.21034851738128374
12471.042,9.160160847683063,0.11118119001529493,9.023051142525848,-0.10243495223265717,0.2074109605838759,0.3490027720598717,0.3490027720495375,0.20720612471224623
12471.062,9.163085921202002,0.11179196941581869,9.02582323004065,-0.10142530018467946,0.20432543921948715,0.3463254639875441,0.34632546397780783,0.20414465712816413
12471.082,9.166034916349032,0.11239837410591258,9.028623775653273,-0.10043142585128739,0.2012936485714081,0.3436713213089387,0.34367132129982836,0.20111450039729428
12471.102,9.169020425239882,0.11300286572528402,9.031459959038047,-0.09943303231135694,0.1982522578946615,0.3410168531014902,0.34101685309299906,0.19806727771112162
12471.122,9.172032504564575,0.1136031068059617,9.034325122405345,-0.09843318401289862,0.19514444767865002,0.33830184828144405,0.3383018482735586,0.19495477345160397
12471.142,9.175053201138924,0.11419523943468801,9.037198630998438,-0.09743840180943698,0.19198081288498028,0.33555323366514467,0.335553233657858,0.19177537384612944
12471.162,9.178073597203314,0.11477716767814829,9.040068405155512,-0.09644944171738475,0.18870463082965155,0.3327660437860176,0.3327660437793223,0.1885057084547306
12471.182,9.181050779607169,0.11534078500140481,9.042900259953434,-0.095487026771317,0.18548472816445885,0.33001627442414927,0.33001627441810244,0.18528342081736043
12471.202,9.18405284218067,0.115898950891129,9.045756580976038,-0.09452272522343862,0.1821140625374571,0.32716669875445675,0.327166698749068,0.18189088839858178
12471.222,9.187085955954014,0.11645210092011342,9.048643020137154,-0.09355614347506436,0.1786594105861912,0.32427724737822033,0.32427724737347297,0.1784377590075847
12471.242,9.190125827300504,0.11699568182297665,9.0515335357209,-0.09259654649042408,0.17518518255129675,0.3213932321558121,0.32139323215171206,0.17494578151858664
12471.262,9.193179688419745,0.11753072966729232,9.054440309830184,-0.09164333531775198,0.17176156316622523,0.318582089893849,0.3185820898903766,0.17155471083674728
12471.282,9.196257314617458,0.1180594073494054,9.057368735383145,-0.09069566384153942,0.1684956641027682,0.31590764061775056,0.31590764061488935,0.1681264399347623
12471.302,9.19935331140937,0.11858023758578684,9.060299141963412,-0.08975128424200489,0.1649779588484717,0.31316539516732095,0.31316539516509273,0.1647666792877613
12471.322,9.20245531001958,0.11909130919092555,9.063259555563643,-0.088812678914949,0.16158996364078362,0.31041127505316163,0.31041127505156874,0.16137004823546397
12471.342,9.205573709864941,0.11959409797858374,9.066235555990747,-0.08787818060855379,0.15810338974646532,0.3075836414461184,0.30758364144515726,0.15787135871691574
12471.362,9.208693122924014,0.12008550113261876,9.069216193527069,-0.08694552116049642,0.15436640021535028,0.3046063878902631,0.3046063878899231,0.15412628066635828
12471.382,9.211869777821333,0.12057336055222846,9.072229182430283,-0.08601411679789282,0.15047557398384537,0.3016163407005525,0.30161634070080806,0.15023006725018317
12471.402,9.215019430694404,0.1210449800158328,9.0752473584895,-0.08509807120102834,0.14678529944317367,0.29867833834746466,0.29867833834833035,0.14653763665278743
12471.422,9.218219121462617,0.121511936384239,9.078312124195417,-0.08417844742009128,0.1430398134808924,0.2957153299353338,0.2957153299367966,0.14278520074349174
12471.442,9.221438376521,0.1219693342928663,9.081398101721096,-0.08326256381973514,0.13922729427415373,0.2927181564252316,0.2927181564272892,0.13896590762894193
12471.462,9.224709450854162,0.12242108018161349,9.084512461943682,-0.08234216123358606,0.13517693484564303,0.289674672635986,0.2896746726386195,0.1349116385346668
12471.482,9.228020082537697,0.12286453321100438,9.087655166499694,-0.08142603382572236,0.1310481821871754,0.28662768134387795,0.28662768134706673,0.13074966831409618
12471.502,9.231355876760292,0.12329699803041357,9.090812406338431,-0.08052117916568788,0.1268027201135741,0.28351750215533195,0.283517502159059,0.12650399147692684
12471.522,9.234653131139503,0.12371016721874968,9.093945324414774,-0.07962999435374839,0.12245721587387337,0.2803768508531483,0.280376850857436,0.12214679542522036
12471.542,9.238010205018194,0.12411602247169803,9.097131850469358,-0.07874227705476092,0.11819927568993716,0.2773351945203567,0.2773351945251801,0.11790496520761677
12471.562,9.241393716446359,0.12451072452770998,9.10034777702456,-0.07785755557516076,0.11409459079757535,0.2744349874777077,0.2744349874830534,0.11381680650736391
12471.582,9.244823200637997,0.12489659791169502,9.103598739592293,-0.07697281874137642,0.1099873109539271,0.2715885256770935,0.2715885256829389,0.10970762537855752
12471.602,9.24825562474401,0.12526863016497172,9.106871302387855,-0.07609343838421881,0.10594344639498067,0.26870820055038475,0.2687082005567161,0.1056928600681764
12471.622,9.251673707193783,0.12562523085825536,9.11014150480306,-0.07522544597072871,0.10190605985285173,0.2658267254843613,0.2658267254911882,0.10161227101320873
12471.642,9.255127396418505,0.12597102074275698,9.11345202154611,-0.07435316497759104,0.0976819434041787,0.26286277525199936,0.26286277525931073,0.09737882775580933
12471.662,9.258638133841178,0.12630768275533763,9.116813275922016,-0.07348578985485268,0.0935879538206586,0.2600100677965747,0.26001006780434277,0.09331869353988456
12471.682,9.262203192573795,0.12663515545986503,9.120220612126868,-0.07261644209856716,0.08961089214512824,0.2572691143362041,0.257269114344401,0.08934090922389136
12471.702,9.265778354635255,0.1269492488186923,9.123660489385715,-0.07174763931023412,0.08560325194234336,0.2543944543746189,0.2543944543832185,0.08532272592501423
12471.722,9.269375161484739,0.12725058071660214,9.127118282235365,-0.07088733940424276,0.08158044772025508,0.2515280074199524,0.25152800742894005,0.08130361214931228
12471.742,9.272950742787183,0.1275356354722801,9.130565303154535,-0.07004196793039492,0.07753152569035943,0.24868652878561853,0.24868652879502504,0.07724679619663054
12471.762,9.276585716678358,0.1278105778761113,9.134076089108687,-0.06919227200698959,0.07347868629010167,0.24585947435968,0.2458594743694806,0.07320322100750357
12471.782,9.2803151537032,0.12807756769409778,9.137679994880665,-0.06832536478875789,0.06945279417479808,0.24305853344638398,0.24305853345651063,0.06917679327030887
12471.802,9.284072634053445,0.12833146480829646,9.14131982643944,-0.06746428564524504,0.06550334305514541,0.24019109354680268,0.24019109355722854,0.06523710848296327
12471.822,9.28784643117939,0.12857166180160268,9.14497658194855,-0.0666118131244647,0.061636419000396375,0.23740612118040774,0.237406121191127,0.06137694011792442
12471.842,9.29162195388548,0.12879742250801632,9.148640823149467,-0.0657701583025379,0.057813405793999115,0.23468663024213837,0.23468663025316047,0.057553243488201254
12471.862,9.295435278169615,0.12901083214154424,9.15234728480172,-0.06493046238457835,0.054025099939817856,0.23199949087850516,0.231999490889825,0.05377593771682819
12471.882,9.299315319590834,0.12921321136989278,9.15611912622466,-0.06408398632510837,0.05016847646869242,0.2292314782453215,0.22923147825690732,0.04990449683734993
12471.902,9.303226851411166,0.1294019853110017,9.159942395628764,-0.06323386835097788,0.04627969472202319,0.22646332842803885,0.22646332843986597,0.046022456198293746
12471.922,9.307184672114513,0.12957777626067135,9.163803422292338,-0.062392230759079785,0.04255792631538133,0.2237925050765751,0.22379250508863072,0.042337728140198656
12471.942,9.311190235514166,0.12974166124497485,9.167708426901337,-0.06155446375689131,0.039263487605177845,0.22147066938225154,0.2214706693945162,0.03906074186559478
12471.962,9.31519639143332,0.12989269757083202,9.171627826619318,-0.06072462352650456,0.03619940212425844,0.21935722467589372,0.21935722468839552,0.03599419624426699
12471.982,9.319315450941222,0.1300355613648018,9.175653890866633,-0.059875996697856364,0.033148603036807396,0.2171505327559922,0.21715053276868004,0.032962081807591526
12472.002,9.32347403898877,0.13016685339804335,9.179725965364165,-0.059027289317578745,0.029934375568329355,0.2147858326502299,0.21478583266309678,0.0297209704950707
12472.022,9.327665204157954,0.13028491688589944,9.183846537815763,-0.05817621621988738,0.02637249208153943,0.21223038031061717,0.21223038032365174,0.02613080596877385
12472.042,9.331890092817803,0.1303883071131043,9.187990979687164,-0.057335256172959745,0.022488108564152127,0.20931045521881456,0.2093104552320125,0.02220893269963055
12472.062,9.336190782730691,0.13047620311174346,9.192222342946804,-0.056486698431027174,0.01833151109738714,0.20607390520187083,0.20607390521518268,0.018011307305738477
12472.082,9.340613095947944,0.13054744307583793,9.196557932239045,-0.05562681848082098,0.013883521007732146,0.20252277971326665,0.20252277972661153,0.013559937507482656
12472.102,9.345026640115606,0.1305988129549464,9.200896152848465,-0.05478245175000343,0.00936117351126815,0.19888481705660085,0.19888481706996095,0.009022165194346834
12472.122,9.349480343563618,0.13062986058923773,9.205298887860334,-0.05393708483816391,0.00448977451408952,0.19486605091011053,0.19486605092339074,0.004083487705549039
12472.142,9.353910183408573,0.1306377990361775,9.20966625891371,-0.053117390886047576,-0.0009856638370805753,0.19014863494106726,0.19014863495417758,-0.0014622669232620797
12472.162,9.3583488074589,0.13062000799184703,9.214024329547323,-0.052311403866147986,-0.0070640065130923475,0.1848988497534357,0.18489884976629078,-0.007554261776033875
12472.182,9.36274685824544,0.13057534934652282,9.218347249162408,-0.05153330504503099,-0.013302126109338725,0.17948637523315808,0.17948637524572517,-0.013815821008184776
12472.202,9.36710978462338,0.13050346836270493,9.222641729936806,-0.050784406589892875,-0.01964594701030582,0.17394670585392769,0.17394670586616695,-0.02016228979422743
12472.222,9.371441657512612,0.13040454329157286,9.226928683101841,-0.050057728389079355,-0.026008215697821132,0.16821544423197193,0.16821544424382676,-0.02654750422795215
12472.242,9.375791713789868,0.13027677301327992,9.231213870047847,-0.049346493687962206,-0.03274217975551435,0.16223119584551424,0.16223119585692503,-0.033293140953993286
12472.262,9.380096765443607,0.13012133187643454,9.235455741680886,-0.048669565746327324,-0.03941485202239687,0.15626090607912296,0.15626090609008994,-0.03994698428666324
12472.282,9.384383407808624,0.12993829547611074,9.239685298731288,-0.04802041355204069,-0.04591458994148903,0.1504343924240099,0.15043439243454174,-0.04643560292399314
12472.302,9.388662833700156,0.1297278810651873,9.243918543714704,-0.04739466073065542,-0.05233765546186444,0.14463944639213613,0.14463944640222873,-0.052774497677893197
12472.322,9.39299087195145,0.12948718172939286,9.248203076554088,-0.0467777090582627,-0.05884197738735524,0.1386210142420154,0.13862101425162143,-0.059375017207706805
12472.342,9.397306496508419,0.12921878279216595,9.25246086713927,-0.04618901744948722,-0.06539705820608968,0.132669117747453,0.13266911775658163,-0.06592123039281772
12472.362,9.401594845744345,0.128924041833205,9.25670482913811,-0.04563075666550484,-0.07182676381279712,0.12683252869495173,0.1268325287036197,-0.07234637021754635
12472.382,9.405912776122419,0.12859956311984816,9.260979268093983,-0.04509157610040351,-0.07821024947794208,0.12106526294239456,0.12106526295059791,-0.0787272507724729
12472.402,9.41021555222025,0.12824933625753146,9.265263193758587,-0.04457214928053866,-0.08412482980486381,0.11555282304546213,0.1155528230532172,-0.08456062611528307
12472.422,9.414549928134296,0.1278720331836285,9.269550455013407,-0.04407811603797748,-0.0894863078190822,0.11055198434582822,0.11055198435316428,-0.0899218329323647
12472.442,9.418864553488978,0.1274721889057814,9.27382676759105,-0.04360327526410258,-0.09542115905940218,0.10507172582809497,0.10507172583498431,-0.09590418833492861
12472.462,9.42318077351491,0.12704556086243798,9.27813256924196,-0.04314641947224821,-0.1016279957241104,0.09925303016772935,0.09925303017415198,-0.10211959181716063
12472.482,9.427539623848526,0.1265873826627169,9.282502899595162,-0.04270295637363554,-0.10785892485668229,0.09328405596645954,0.09328405597239792,-0.1083608513230687
12472.502,9.431982514187164,0.12609240580864933,9.286924316056455,-0.04228743689657456,-0.11395765855616069,0.0876202485286735,0.08762024853414545,-0.11443130253386041
12472.522,9.436488139058119,0.12556373342037616,9.291400214056058,-0.04189682315571096,-0.1195529179134044,0.0824285900296382,0.08242859003468207,-0.1199799357415622
12472.542,9.441026466091408,0.12500637496616643,9.29592207729681,-0.04152762216908317,-0.12480327559764175,0.07752529778415845,0.07752529778880538,-0.12521412251631617
12472.562,9.445636105607353,0.12441624244881422,9.300527054303267,-0.041169788878770694,-0.12982126213055792,0.07269927721795068,0.07269927722220036,-0.13021002797463663
12472.582,9.450294362292842,0.12379659125542887,9.305157398468001,-0.04083133095038338,-0.13460139209590774,0.06819900279175428,0.06819900279563246,-0.1349513000455343
12472.602,9.454968187519206,0.12315289139498704,9.309800409677736,-0.04051098594917751,-0.13908077163737498,0.06398948794641988,0.0639894879499538,-0.13940416598813374
12472.622,9.459629119245621,0.1224903012680953,9.314445082163774,-0.04021038529409969,-0.14330815046118997,0.060032437634556776,0.060032437637772766,-0.14363982689117316
12472.642,9.46434677039803,0.12180022017070807,9.319164473798791,-0.039921394739736715,-0.14706808328819473,0.05644725522740564,0.056447255230326496,-0.14733409802528702
12472.662,9.469168876661914,0.12107713406525623,9.323948188132144,-0.039642207190407286,-0.15049553797974555,0.0532830787785843,0.05328307878123952,-0.15069381622263664
12472.682,9.474041994464189,0.12033073037105574,9.328763543092366,-0.03937581013097752,-0.15343484738635121,0.0504461499193104,0.05044614992172824,-0.15360776855137084
12472.702,9.478921116772183,0.11956935288141564,9.33359015223821,-0.03912100825200697,-0.15611563310644594,0.047833390526223436,0.04783339052842621,-0.15626102583290127
12472.722,9.483799400385262,0.11879548029896375,9.33844059648062,-0.03887544614754759,-0.1585264482236406,0.04532495603747248,0.04532495603947231,-0.15866793747224403
12472.742,9.4887157369928,0.11800324880024157,9.343303927651517,-0.0386381357976887,-0.16097692020348017,0.04295802752076522,0.042958027522574556,-0.16118689588376758
12472.762,9.493664064989895,0.1171941590136045,9.34820279013074,-0.038401034197882294,-0.16297858524106232,0.04104261720998116,0.041042617211629356,-0.16304572652812468
12472.782,9.498667653325434,0.11636730816021525,9.353128368904661,-0.0381707466070831,-0.16449550659587542,0.03939650709854,0.03939650710004824,-0.16452275230356467
12472.802,9.50367444475908,0.11553317390415413,9.358081467936659,-0.03794403874618063,-0.1656255366405521,0.037931374334065536,0.03793137433544875,-0.16563918158032792
12472.822,9.5087237043463,0.1146859457935271,9.363047273118047,-0.037720646059561165,-0.16685539007511382,0.036520136002939144,0.03652013600420409,-0.16686876032070394
12472.842,9.513750125527666,0.1138362457334409,9.368024051512998,-0.03749873582517968,-0.16819425116714645,0.03516873466239534,0.035168734663548536,-0.16820135513629358
12472.862,9.518847301379244,0.11296813982370577,9.373023939566355,-0.03728106418274962,-0.1691944910733455,0.03383842998350544,0.033838429984550535,-0.16922726321187453
12472.882,9.523914960722948,0.1120992328918983,9.378024896732889,-0.03707279389223209,-0.17037644794640208,0.032211912979155224,0.032211912980082545,-0.1704037528857374
12472.902,9.529017651955163,0.11121778542378458,9.383026511225895,-0.036870525831322144,-0.17173013128721973,0.030578987775746594,0.03057898777656187,-0.17175734596430928
12472.922,9.534118004208343,0.1103296361621096,9.388026551116115,-0.03667463924480066,-0.17308138832191916,0.028944954882790152,0.0289449548834989,-0.17310768864218914
12472.942,9.539181949858234,0.10944070697820851,9.393020542429944,-0.036482459604227406,-0.17454852070885318,0.0273630099911207,0.02736300999173139,-0.17456526866321687
12472.962,9.5442716604115,0.10854005023162215,9.398007235588281,-0.036296461091453625,-0.1757036042708805,0.02586063944426332,0.02586063944478594,-0.17571770990994426
12472.982,9.549375324439824,0.10763109435213566,9.403011345005133,-0.036114445973904626,-0.17674522034941348,0.0244551713602988,0.02445517136074287,-0.17673126220848304
12473.002,9.55449560562023,0.10671412113694481,9.408026927483487,-0.03593462262023069,-0.1776602129099551,0.02312545147762791,0.02312545147800125,-0.17763996456634576
12473.022,9.559617883933335,0.10579211398573153,9.413042830904743,-0.035758465487015285,-0.1785150326761713,0.02184613779948037,0.021846137799790083,-0.17848902527311306
12473.042,9.564712965757057,0.10487069368026326,9.418038490822754,-0.03558669176675815,-0.17926522353592325,0.020668462007067016,0.02066846200732222,-0.17921442844052476
12473.062,9.569801289691213,0.10394724022681559,9.423036499900874,-0.035416529369367504,-0.17976804641603875,0.019690765017815116,0.019690765018026895,-0.17970099803136425
12473.082,9.574879704728358,0.10302273407070818,9.428043494613725,-0.03524406021271955,-0.18021755269485734,0.018898720525736067,0.018898720525913473,-0.18010277229237287
12473.102,9.57984096363824,0.10211881708229699,9.432948387626432,-0.03508897453185383,-0.18021996062342543,0.01828409948479572,0.01828409948494917,-0.18010979391320303
12473.122,9.58478154040551,0.10121864697884482,9.437851502242085,-0.034940718817492375,-0.1802310230303048,0.017685418123765725,0.017685418123898084,-0.18012469261991795
12473.142,9.589748207983641,0.10031357582852556,9.442783889659601,-0.034792852017448694,-0.18028161263181738,0.017055299868596514,0.01705529986870834,-0.18018144730606528
12473.162,9.594724182790427,0.09940607047212016,9.447756019940526,-0.03464411407543271,-0.18049031074716845,0.01638306850480592,0.01638306850489731,-0.18038657073867026
12473.182,9.599724284183102,0.09849330930005837,9.452809785910775,-0.03450468151703561,-0.18115194738146362,0.015148714696596502,0.01514871469665559,-0.18155536033585906
12473.202,9.603984381026843,0.09769696447354718,9.458030223250608,-0.03437833010718328,-0.18889423416463053,0.012138992847741099,0.01213899284773385,-0.1890868576232813
12473.222,9.60857049503541,0.09681395696438565,9.462654741369597,-0.034283954485793855,-0.19117156481160494,0.009076953947734815,0.009076953947678105,-0.19116042424143706
12473.242,9.612967755158037,0.0959614419582815,9.467061251093622,-0.03419796480802729,-0.19189490514406604,0.007305689102508507,0.007305689102437778,-0.19192058103465104
12473.262,9.61716070436499,0.09514333014890507,9.471315024222237,-0.03413247607402475,-0.19353772232152808,0.0046824099451280325,0.00468240994504221,-0.1935339087175994
12473.282,9.621341844066867,0.09432149713769766,9.47553412239095,-0.03406713222137661,-0.1947138455860574,0.0025064981523494297,0.002506498152265575,-0.19474724730863308
12473.302,9.625511164155798,0.09349603972803937,9.47975108610632,-0.034011494031567654,-0.19624049817375147,-7.269237912394552e-06,-7.269237985903209e-06,-0.19630635633957835
12473.322,9.629638071640796,0.09267173760628017,9.483949924410076,-0.03396912124577345,-0.19806748031809074,-0.0027417532488897603,-0.0027417532489435207,-0.19814516434687135
12473.342,9.63376063079833,0.09183972654093177,9.48815742702945,-0.033940097643543055,-0.20033944520390323,-0.0059497287498096125,-0.005949728749831055,-0.20048774772009778
12473.362,9.637856044357873,0.0910025546241702,9.492366065319198,-0.03392936490580576,-0.20298889748398516,-0.009573560521483672,-0.00957356052145843,-0.20315592135849703
12473.382,9.641957500467688,0.0901525239678528,9.496570794917977,-0.03392804388228217,-0.20567070734034892,-0.01311053361172443,-0.013110533611639226,-0.2058083120533801
12473.402,9.646120714021052,0.08927866997859717,9.500827422918931,-0.03393582695062583,-0.20809434875324384,-0.016436886319613254,-0.016436886319454967,-0.208220705952681
12473.422,9.650264934336118,0.08839809510310831,9.505084522157487,-0.03396398913176307,-0.21068925346226922,-0.01983797710443688,-0.019837977104194705,-0.2108443897445135
12473.442,9.65440744870734,0.08750615930125322,9.509348299808591,-0.034004942669274556,-0.2134963266080846,-0.023445001802208598,-0.023445001801865213,-0.21367288819527785
12473.462,9.658550447315083,0.08660174130539591,9.513613776956667,-0.034059484723999035,-0.21634219199264632,-0.027079464536362948,-0.027079464535903205,-0.2165083253338438
12473.482,9.66268293013832,0.08568758000769289,9.51786620210603,-0.03412703985033573,-0.21903406852327903,-0.030551808259920456,-0.030551808259335157,-0.2191708777651841
12473.502,9.66680561267016,0.08476441601164603,9.522112967168784,-0.03420371494652574,-0.2215458565449421,-0.033807608557816955,-0.03380760855710906,-0.22168907876049893
12473.522,9.670967561520856,0.08382112401236977,9.526411419323274,-0.03430181256309047,-0.22423787188184838,-0.0371461212707162,-0.0371461212698745,-0.2243931179550402
12473.542,9.675130400308355,0.08286584785606801,9.53071519971947,-0.03441252836310453,-0.22690445340697457,-0.0404420364634789,-0.04044203646249402,-0.22705951831814322
12473.562,9.67930534447235,0.08189609797899326,9.535024818048605,-0.03453728382273557,-0.22951050006332352,-0.04374395012826089,-0.04374395012712116,-0.22966487634985613
12473.582,9.683457710278205,0.08092031737831333,9.539334007062418,-0.03467780377784783,-0.23207825569869373,-0.04703970889980135,-0.047039708898497914,-0.23221396307650502
12473.602,9.687549649300173,0.07994799248246598,9.54356615336299,-0.03482403425069906,-0.2344201833558962,-0.049909186580815806,-0.04990918657937708,-0.23454512518893317
12473.622,9.691635181905891,0.07896729884598247,9.547828968928515,-0.03499361760640781,-0.23679770263899283,-0.05276394644421609,-0.05276394644264882,-0.2369331775113083
12473.642,9.695794425917855,0.07795789589982366,9.552150752945266,-0.03517104276660976,-0.2393822847666016,-0.05571088231564473,-0.0557108823139407,-0.23953216833558774
12473.662,9.699994126288066,0.07692720256028251,9.556507746360086,-0.03536201378107862,-0.24191657304632394,-0.05866953368240162,-0.0586695336805526,-0.24204888411696635
12473.682,9.704220902885337,0.07587847496660886,9.560883991677361,-0.03556637058824942,-0.24450756634500778,-0.06165139077481712,-0.06165139077281045,-0.24465002229149935
12473.702,9.708274998495652,0.07486165983052609,9.565124080364479,-0.035784338254081456,-0.2469305956104167,-0.06436054259987567,-0.0643605425977547,-0.24704919383007531
12473.722,9.712379713943957,0.07382186698340969,9.569400194462071,-0.03601137913257456,-0.24922889744179286,-0.06672728183360005,-0.06672728183139189,-0.24933312120524184
12473.742,9.71655144310944,0.07275521953267965,9.573743925327614,-0.03625149438939142,-0.25136871249733117,-0.06894262091523702,-0.0689426209129451,-0.251462381334248
12473.762,9.720771389096878,0.07166686757203204,9.578132213304631,-0.036500989529137884,-0.253404443125571,-0.07105875654384851,-0.07105875654147108,-0.2534824239554044
12473.782,9.725009304105075,0.07056498014434139,9.58252699518495,-0.03676145705589398,-0.25536245228227794,-0.07311905655542858,-0.07311905655296466,-0.25546110871555566
12473.802,9.729144961327542,0.06948055576971933,9.586831563274544,-0.03703617321519469,-0.25749274314864357,-0.07521126901702263,-0.07521126901449424,-0.25757671402907956
12473.822,9.733281123732322,0.06838691429577098,9.591137385422936,-0.0373190196061353,-0.25945809439381606,-0.07711990640217946,-0.0771199063995972,-0.259528246644755
12473.842,9.737440912871246,0.0672785946204427,9.595465032268528,-0.03761001726714106,-0.2613041563733385,-0.07891438609990882,-0.07891438609727389,-0.26136718701102624
12473.862,9.741607152077163,0.06616052646190053,9.59978922032568,-0.037908931899325114,-0.26303417563501447,-0.08059693325510467,-0.08059693325242268,-0.26307809162448537
12473.882,9.745680646219018,0.06505966455776983,9.604035298979321,-0.03821911637625877,-0.26485642756929295,-0.08222269938925332,-0.08222269938654828,-0.26491791527071856
12473.902,9.749754960900962,0.0639508196672732,9.608281278178703,-0.03853706554199981,-0.26655479674470417,-0.08372044109067435,-0.08372044108795149,-0.2666000413004238
12473.922,9.753834835902222,0.06283327170706882,9.612531724417547,-0.03886125702747126,-0.2681515614445801,-0.08512369912277004,-0.08512369912003134,-0.268189554550705
12473.942,9.75791405157122,0.06170904729638466,9.616774878385185,-0.03919184546688126,-0.26968275525674146,-0.08647210141513637,-0.08647210141238605,-0.26971439480809706
12473.962,9.761932517833387,0.06059488538724734,9.620957569569404,-0.039530985640266324,-0.2712833965695799,-0.08783841055113573,-0.08783841054839131,-0.2713250200587091
12473.982,9.765925506132831,0.059480978890918884,9.625115422043262,-0.039876597336719416,-0.2727921794811424,-0.08909806968784713,-0.08909806968511925,-0.2728204839574333
12474.002,9.769942428187033,0.05835413407856782,9.62928416564656,-0.04022779527578582,-0.27413334335154577,-0.0902721490525263,-0.09027214904981391,-0.274157362540013
12474.022,9.773935470883204,0.05722825167079094,9.633436943254331,-0.04058450354380475,-0.2755086918214051,-0.09141919417934531,-0.09141919417665387,-0.2755264357064894
12474.042,9.777915399486725,0.05610025495248896,9.637559826037785,-0.04094707562239525,-0.2768034853225067,-0.09255341708633455,-0.09255341708367366,-0.2768324067559635
12474.062,9.781832879029624,0.05498433877061899,9.641631984605379,-0.04131601095027306,-0.278179232970308,-0.09367070751717387,-0.09367070751456015,-0.27819158848507297
12474.082,9.785752077522991,0.0538624333210072,9.645702798488498,-0.04168929099584396,-0.2794083665657247,-0.09465120827473061,-0.09465120827216884,-0.2794058361192468
12474.102,9.789667178050388,0.052736769222436204,9.649768224452728,-0.04206627978650399,-0.2805154645942262,-0.09552166227066494,-0.09552166226816193,-0.2805082963402827
12474.122,9.793587929969492,0.051604856684568504,9.65383103630808,-0.04244875060102374,-0.28159179909697535,-0.09640326552019912,-0.09640326551775388,-0.2815836850127116
12474.142,9.797458303338011,0.050482819937502074,9.657844426441102,-0.042835970747222,-0.2827600987979345,-0.09736813036315137,-0.09736813036077681,-0.2828223939473448
12474.162,9.801318280257204,0.04935886904748753,9.661846635130182,-0.04322775519971506,-0.28390775834850634,-0.09831343245611104,-0.09831343245380884,-0.28389710672843066
12474.182,9.80516864901176,0.04823324909917132,9.665836223189753,-0.04362247537355154,-0.2849030913701497,-0.09911418220402256,-0.09911418220180063,-0.2848781154244134
12474.202,9.808999828233882,0.047109681711908026,9.669821791483532,-0.04402468649308971,-0.28565690759698836,-0.09979494358436584,-0.09979494358222964,-0.28562317825110295
12474.222,9.81285566843256,0.04597579221599603,9.673794990992628,-0.04442512342441558,-0.28637987538498316,-0.10045571547330728,-0.10045571547125894,-0.28634214552169784
12474.242,9.81666822756682,0.04485132325950651,9.677724858762996,-0.04482743577018978,-0.28723534557595815,-0.10117366232066065,-0.10117366231870939,-0.2872064865564468
12474.262,9.820468345503564,0.04372709041482223,9.681654808232283,-0.04523322079101998,-0.2880152350273624,-0.10181859567321531,-0.10181859567136364,-0.28797284279968627
12474.282,9.82426322833905,0.042601720096218126,9.685592356834027,-0.045647108990493054,-0.2885571855830718,-0.10235120338344149,-0.10235120338168939,-0.2885041704856768
12474.302,9.828082819086756,0.04146694108766558,9.689520831649848,-0.046056405855409314,-0.28904340756220653,-0.10282859046504057,-0.10282859046339055,-0.28898762776771136
12474.322,9.831869352313275,0.04033983539459659,9.693428235895144,-0.04646738592552268,-0.2895615148236983,-0.10327409043343082,-0.10327409043189043,-0.2895026251807732
12474.342,9.83564558535879,0.03921371449085497,9.697323893273301,-0.046879561599137254,-0.29006319543863945,-0.10371173742785662,-0.10371173742642957,-0.29000161474489067
12474.362,9.839422418089114,0.038085507389282944,9.701218671056342,-0.047293285697235364,-0.2904715597820672,-0.10406653545451494,-0.10406653545320375,-0.29039721660877604
12474.382,9.843216966563263,0.0369507159667534,9.705114069618903,-0.0477077387228597,-0.2906714448647951,-0.10432025495731188,-0.10432025495611681,-0.2905888273871204
12474.402,9.846997980734804,0.035819158226952454,9.709008086400894,-0.048123758624781944,-0.29089966452234756,-0.10452765756824502,-0.10452765756716684,-0.2908117514153983
12474.422,9.850782091448131,0.03468600669543071,9.712894344201459,-0.048543574852858304,-0.29093322538339333,-0.10467505985768599,-0.10467505985672809,-0.29077796913550663
12474.442,9.854554354921234,0.033556417289107174,9.716776655879267,-0.0489593497132003,-0.290974642753257,-0.10473424047527201,-0.10473424047443394,-0.290823330880408
12474.462,9.858323270823488,0.032427614445192016,9.720654936479662,-0.049374628378267955,-0.2910138587860732,-0.10480072222649184,-0.10480072222577329,-0.2908557677757947
12474.482,9.862095775245638,0.0312976820548538,9.724537300161609,-0.04979022419194267,-0.2910149139629836,-0.10484198201237858,-0.10484198201177801,-0.29085990310039034
12474.502,9.865875971571434,0.03016541979627315,9.728425090223945,-0.05020727367722173,-0.2910218377142193,-0.10489901123110536,-0.1048990112306172,-0.2908637350593807
12474.522,9.869638243536459,0.029038730962535255,9.73229886792766,-0.050628270037336,-0.290764603188564,-0.10490541778318607,-0.10490541778281486,-0.2905945851260042
12474.542,9.873426879539752,0.027905009585377717,9.736200309996423,-0.05104513144821554,-0.2907627169830519,-0.10495294265252388,-0.10495294265225873,-0.29059501760731854
12474.562,9.877201632523809,0.026775423714051737,9.740085204936502,-0.051460975481024684,-0.2907738888280318,-0.1050374908942522,-0.10503749089409774,-0.2906110184081095
12474.582,9.880947228852559,0.02565449618441688,9.743942156648412,-0.051874935484815386,-0.2907866297439772,-0.10512226006656053,-0.10512226006652371,-0.29061885487020295
12474.602,9.884675977497409,0.02453858916793609,9.74779231702738,-0.05228804352370623,-0.2907852360405713,-0.10519493528030488,-0.10519493528038724,-0.2905092069675348
12474.622,9.888478740872232,0.02340116764879777,9.751721877572272,-0.05270820481423957,-0.2905473965979025,-0.10520181997212714,-0.10520181997230123,-0.29037256635229797
12474.642,9.892285064372217,0.02226310041083737,9.75565297498544,-0.05312729028877556,-0.29053272283633036,-0.1052344774296006,-0.10523447742986546,-0.29036523404840753
12474.662,9.896075668009331,0.02112973296340695,9.759567824125984,-0.05354497469631826,-0.2905335718653725,-0.10529681142027146,-0.10529681142063033,-0.2903656024847634
12474.682,9.899861705894889,0.019997730623861946,9.763476689144944,-0.053961993837403154,-0.2905334853835258,-0.10535974452022827,-0.10535974452068046,-0.29036551637155134
12474.702,9.90363069926042,0.018870931581693316,9.767373939399262,-0.054377709030872315,-0.2904689534333146,-0.10535707098990427,-0.1053570709904517,-0.2902973065370632
12474.722,9.907461629533797,0.017726585710498066,9.771314480676663,-0.05479813802134203,-0.2899614014156608,-0.10524293191012664,-0.1052429319107484,-0.2897560065224554
12474.742,9.911335952920826,0.016571527067929546,9.775324982708135,-0.05522087484455866,-0.28951524533212647,-0.10475452359243197,-0.10475452359309842,-0.2893049424325047
12474.762,9.915189106790116,0.015424627534469335,9.779313385669223,-0.05563935724347211,-0.28908161961027024,-0.10427661433905892,-0.10427661433977051,-0.28886998771429223
12474.782,9.919022244914851,0.014285617565765577,9.783281185458666,-0.056053486594243564,-0.28857069579503125,-0.10370531890273373,-0.10370531890349259,-0.2882882783956697
12474.802,9.922842978540869,0.013152649633142706,9.78723676322815,-0.056463408618612515,-0.28795917987351116,-0.10302339688853401,-0.10302339688934088,-0.2877293804103772
12474.822,9.926654025798317,0.012025557683629076,9.79120818488703,-0.05687227717614322,-0.2871259664628456,-0.1021951906930726,-0.10219519069391829,-0.28679621707210723
12474.842,9.930568122671975,0.010872212449210671,9.795247394598386,-0.05728223801684916,-0.2859613821229987,-0.10099333553330814,-0.10099333553416118,-0.2856100870344105
12474.862,9.934522454464483,0.009712337167667348,9.799344506545532,-0.05769150010928535,-0.28464580220996843,-0.09945758922592648,-0.09945758922675722,-0.28420477158992635
12474.882,9.938453960730445,0.008565055773478393,9.803416654333853,-0.058091739851193876,-0.2832090010662537,-0.09776680737146996,-0.09776680737227782,-0.28274149659745995
12474.902,9.942376464878755,0.007426678176117197,9.807478414693207,-0.05848326204389623,-0.28169178105208753,-0.095985509229361,-0.09598550923014529,-0.2813649944534472
12474.922,9.94629346789746,0.006296531574920496,9.811533360799702,-0.058866774646012594,-0.2800767888304501,-0.09409239824428346,-0.09409239824504409,-0.27973904304263825
12474.942,9.950219309439003,0.005171027310349199,9.815584771439033,-0.05924245882270677,-0.27829855106782236,-0.09210373872511644,-0.09210373872585116,-0.27794494857645774
12474.962,9.95419061444219,0.004040521760848864,9.819666059906583,-0.05961147120568014,-0.2762818192866036,-0.0899202831741647,-0.08992028317485896,-0.27589036579222503
12474.982,9.958182753377097,0.002913494419841378,9.823739594916564,-0.05997031741791367,-0.274008346730707,-0.08762121591610729,-0.08762121591675516,-0.27360829877809967
12475.002,9.96215727529845,0.00180128254575795,9.82779269974979,-0.060317720826356294,-0.2716956981852398,-0.08528382493679083,-0.08528382493739338,-0.2712916719628678
12475.022,9.966122203641,0.000701727125600144,9.831832883842258,-0.06065437281257631,-0.26933675357786113,-0.08289831904301048,-0.0828983190435692,-0.2689256767306658
12475.042,9.970076531167203,-0.0003847091435823051,9.835859605118076,-0.060980314296048964,-0.2669143189892537,-0.08045134639502732,-0.08045134639554465,-0.26649811841119014
12475.062,9.974025174223573,-0.0014591983500106965,9.839879060290496,-0.06129626478397043,-0.2644473409479083,-0.07795629225409506,-0.07795629225457261,-0.26387012381080543
12475.082,9.977962108378359,-0.002519677481096251,9.843896782090681,-0.06160798107614452,-0.2618318534671896,-0.0754058254179278,-0.0754058254183664,-0.2614030006602862
12475.102,9.981908918800668,-0.0035719292363872034,9.847906653538507,-0.06190164721432177,-0.25926180500039403,-0.07280859500267332,-0.07280859500307602,-0.2588319171677911
12475.122,9.985851502003813,-0.004612160922626752,9.851909054565464,-0.062185117857170034,-0.25663723036086844,-0.07015880161871173,-0.0701588016190808,-0.2559304141207772
12475.142,9.98978900132234,-0.0056398502656788176,9.855901854671421,-0.06245673980407702,-0.2539725838807241,-0.06747435900582792,-0.06747435900616444,-0.25353490387012373
12475.162,9.993707062266042,-0.006651355925455633,9.859870509385237,-0.06271662168545168,-0.25132455726243474,-0.0648082381431544,-0.06480823814346126,-0.2508887356560601
12475.182,9.997564894457536,-0.007636219756039595,9.863792467584046,-0.06296910671474948,-0.24862412244142662,-0.06218103407953866,-0.062181034079816434,-0.24819088440948806
12475.202,10.001400445926269,-0.008604677867731706,9.867676341328906,-0.06320197986476413,-0.24602909181403101,-0.059565569747017294,-0.05956556974726892,-0.24559846426040513
12475.222,10.005220110700405,-0.009558618243491137,9.871541458296406,-0.06342366679094812,-0.24344590854828257,-0.056954681440252654,-0.05695468144047967,-0.2430152519512179
12475.242,10.00901802691387,-0.01049660852421903,9.875381195039042,-0.06363494422775842,-0.24080093208846487,-0.05429003674939974,-0.054290036749605,-0.24010102497957442
12475.262,10.012792639874073,-0.011418261891843154,9.879191804140433,-0.0638337653288796,-0.23817089477005973,-0.051645685869415356,-0.051645685869600146,-0.2374821805821347
12475.282,10.01650822213936,-0.01231529025375865,9.88294378798479,-0.06401971205450399,-0.2356143273665786,-0.04907183552116418,-0.04907183552132996,-0.23518938717570728
12475.302,10.020186775821537,-0.013193515770890576,9.886658644470044,-0.06419422032548622,-0.23309537405493344,-0.0465325320474972,-0.04653253204764521,-0.23267178867448898
12475.322,10.023846440157799,-0.014057504703639975,9.890353452971333,-0.06435831880930107,-0.23058106893255653,-0.04399892895764232,-0.04399892895777367,-0.2299091772118333
12475.342,10.027489550232128,-0.01490797127227647,9.894031407413546,-0.06451232377486628,-0.22809593181691853,-0.04147833024724433,-0.04147833024736106,-0.22742674911871796
12475.362,10.031113420613568,-0.015744468171111886,9.897684279215875,-0.06465628030579648,-0.2256094036062263,-0.03896244554133201,-0.038962445541435214,-0.22494150541168637
12475.382,10.034681144733964,-0.016558689518095377,9.90127759165353,-0.06478995560976912,-0.22314588905497215,-0.036484726118002735,-0.03648472611809303,-0.22269738104227949
12475.402,10.038195028915567,-0.017351399110601077,9.904831335247332,-0.06491803728297146,-0.22064724544724526,-0.03403399986626073,-0.03403399986633924,-0.22022932115155028
12475.422,10.04168685736356,-0.018130133195169058,9.90835781500725,-0.06503111281468504,-0.21817786836180836,-0.03158214526674954,-0.03158214526681828,-0.21774849248040665
12475.442,10.045154765599591,-0.018894330251388862,9.911879261836233,-0.06513538004516484,-0.21561530177282026,-0.029148006307037944,-0.029148006307097827,-0.2151863483770913
12475.462,10.04860746640653,-0.019645925829454142,9.915381932205353,-0.06523070963142158,-0.2130617920118487,-0.026735139922665654,-0.026735139922717324,-0.21263421408491406
12475.482,10.052022339318192,-0.02038032985078766,9.91882450009656,-0.06531711336813652,-0.21062985591808553,-0.0243170416242544,-0.024317041624298503,-0.2102215827492269
12475.502,10.055399628013065,-0.02109826275847219,9.922217866641956,-0.06539381278184146,-0.20828481318013006,-0.02195299399594995,-0.02195299399598754,-0.20787788425745424
12475.522,10.05875482610702,-0.02180329114932628,9.925586693797948,-0.0654618991854914,-0.20593184080064947,-0.019589934824130035,-0.019589934824161572,-0.2055314991625317
12475.542,10.062078544512765,-0.02249367448851809,9.928937258628688,-0.06552166516490236,-0.20367543386736656,-0.01723971198206297,-0.01723971198208966,-0.2032778165424944
12475.562,10.065384678188273,-0.02317266887853546,9.93226682238636,-0.06557321912906422,-0.20143544781063794,-0.01489888750476352,-0.014898887504785935,-0.20103295770690305
12475.582,10.0686526569617,-0.023836111871610315,9.935545517957346,-0.06561633219855136,-0.19915459360453974,-0.012594904672120048,-0.012594904672138509,-0.19875787482787374
12475.602,10.071884072867292,-0.0244845698877379,9.938790998944242,-0.06565162331673413,-0.19693346168431622,-0.010326837467651806,-0.0103268374676667,-0.19654033040920538
12475.622,10.075097890016432,-0.02512207501694758,9.942015219971536,-0.06567994476374782,-0.19469103261968396,-0.008052904719758882,-0.008052904719770668,-0.1940519495773069
12475.642,10.07827092284205,-0.025744009146638037,9.945225534761013,-0.06570240716508867,-0.19238417218300197,-0.005796606690782329,-0.005796606690791332,-0.19197305134612813
12475.662,10.081405823042974,-0.02635080217592433,9.948414710151143,-0.0657160480893037,-0.1900045431364549,-0.003535696207504421,-0.0035356962075114634,-0.18959465243127513
12475.682,10.084505615851059,-0.026943052350393775,9.951563338071617,-0.06572239153964532,-0.1875534432161684,-0.001290841135238684,-0.0012908411352440916,-0.18713589680018955
12475.702,10.08758351566235,-0.02752331161604312,9.954687819276698,-0.065721690536218,-0.18512340527427157,0.0009273898364647336,0.0009273898364608105,-0.18470873766450274
12475.722,10.090646203511032,-0.028093028395637293,9.957798755234956,-0.06571414752020459,-0.18270841974810248,0.0031251272493891097,0.003125127249386421,-0.18229390040098403
12475.742,10.093703562139796,-0.028654111415543276,9.96089696269775,-0.06570015417621028,-0.1803026610898974,0.005329258675544026,0.005329258675542281,-0.17988670861930073
12475.762,10.096750441867568,-0.029205851652264234,9.963956251931773,-0.06568071129800938,-0.17799498859537097,0.0075629888331298235,0.007562988833128768,-0.17759415608253257
12475.782,10.0997255475227,-0.029737490709039218,9.966964735917806,-0.06566058823946233,-0.1755820113135064,0.009784776232556525,0.009784776232556072,-0.17515574324354205
12475.802,10.102660864470797,-0.030254421200203604,9.969944469296122,-0.0656274813193433,-0.17306462658414903,0.012013433699748501,0.012013433699748425,-0.1726428922624216
12475.822,10.105586406080873,-0.030762110983151823,9.972913134105825,-0.06558794001813635,-0.1705907410452955,0.014204215309135872,0.014204215309136039,-0.17017191784241792
12475.842,10.108506874423659,-0.031261516774054886,9.97587401975055,-0.06554204143449971,-0.16813858618349098,0.016376895852029616,0.016376895852029914,-0.16772109905986685
12475.862,10.111406441285983,-0.03175007350206352,9.978812393272836,-0.06549012101288591,-0.16571408959639436,0.018540172079789644,0.018540172079789998,-0.1653009504536024
12475.882,10.114257378010143,-0.0322233737828703,9.981703564442665,-0.06543286253997926,-0.16331143349263486,0.02070409952314828,0.020704099523148667,-0.16289831323200918
12475.902,10.117100200429018,-0.03268840844088569,9.9845536705708,-0.06537106000698581,-0.1609980458892322,0.02291394811290848,0.022913948112908922,-0.1605977826865719
12475.922,10.11992061529079,-0.03314315317257078,9.987372843684902,-0.06530334126560094,-0.15870960092275868,0.02513509031670276,0.025135090316703183,-0.1583066287049177
12475.942,10.122723588937834,-0.033588472932288276,9.990174324332985,-0.06522980020889654,-0.15640186097752534,0.02736695511069907,0.027366955110699445,-0.15599808743948831
12475.962,10.125501161643482,-0.034023180695308713,9.992951308615472,-0.06515070159409436,-0.15406866356686524,0.029594526356091725,0.02959452635609201,-0.15365831608024508
12475.982,10.128217097230324,-0.034441662272262974,9.995687971387301,-0.0650666785673618,-0.15166967161174288,0.031790075140950856,0.03179007514095108,-0.15125340966229606
12476.002,10.13090223433725,-0.03484872460617235,9.998406661856162,-0.06497724711071745,-0.14923488785443953,0.03397328749609359,0.03397328749609377,-0.14881891623782775
12476.022,10.133580257375092,-0.03524803806009379,10.001117475399333,-0.0648821442453922,-0.1467974290321039,0.036159437526738156,0.0361594375267383,-0.14638099106440608
12476.042,10.136254896285791,-0.03564017787773969,10.003822593521738,-0.06478131438157023,-0.14435520320084158,0.03835013883023409,0.03835013883023418,-0.14393830529037924
12476.062,10.138914735088688,-0.036023517748624063,10.006508946155337,-0.06467530309590792,-0.14191177634726473,0.04053506298198577,0.0405350629819858,-0.14137441809712964
12476.082,10.141532781198906,-0.03639436984963712,10.009148890365283,-0.06456554714436236,-0.13965129881788224,0.042551356845063254,0.04255135684506325,-0.1393408224652948
12476.102,10.144089173350016,-0.036752299127476754,10.011722626996363,-0.06445456801233354,-0.1387045392959588,0.04358962770686418,0.04358962770686418,-0.1384777377938593
12476.122,10.146594300064798,-0.037101484456352016,10.014246861143747,-0.06434393935706542,-0.1383486223413404,0.04397505761324797,0.04397505761324797,-0.13815825787291536
12476.142,10.149073455047771,-0.03744652154024877,10.01674444409788,-0.06423384874439171,-0.1382527714633209,0.044074776759789325,0.044074776759789325,-0.13807848963891167
12476.162,10.15152640369887,-0.037787804555547935,10.019214762048843,-0.06412487175508648,-0.1382361496441533,0.04409347698112668,0.044093476981126666,-0.13806212445679472
12476.182,10.153937423971065,-0.03812321449162185,10.021644270522208,-0.06401765571517588,-0.13822022989356936,0.04411189472549012,0.04411189472549011,-0.13804621959080166
12476.202,10.156325200312335,-0.03845535219803679,10.02405153960076,-0.06391137152449357,-0.1382042918770987,0.04413012076832876,0.04413012076832876,-0.13803007540113493
12476.222,10.158702395909517,-0.03878597701119325,10.026448426801407,-0.06380547310150506,-0.13818640671113594,0.044148141080380884,0.044148141080380884,-0.13801040933936387
12476.242,10.161075232853708,-0.03911595239473165,10.028840009417092,-0.06369976866009203,-0.13816855414639945,0.04416613394752038,0.04416613394752038,-0.13799434420055473
12476.262,10.163434459872555,-0.03944399399521149,10.031216009925634,-0.06359473560460138,-0.1381525497104906,0.04418412273902336,0.044184122739023356,-0.13797703944357537
12476.282,10.165758836083105,-0.03976715297840997,10.033558436032198,-0.0634911490713336,-0.13813717345214638,0.0442018779003914,0.044201877900391394,-0.13796168580386442
12476.302,10.16806358912029,-0.0400875472289151,10.035881874223968,-0.06338834562525114,-0.13812096717313468,0.04421942168204604,0.04421942168204604,-0.13794681225111333
12476.322,10.170358521923717,-0.0404065365762514,10.038195734886402,-0.06328590907861856,-0.13810369661504424,0.044236821576562384,0.04423682157656239,-0.13792954661244894
12476.342,10.172648782116685,-0.04072483616629903,10.040503962558773,-0.06318368435780686,-0.13808646110413347,0.04425419100145687,0.04425419100145687,-0.13791231320260391
12476.362,10.174925009316226,-0.04104114713165168,10.042796266245693,-0.06308214947988598,-0.13807099916855373,0.044271549299109154,0.04427154929910915,-0.13789559249538688
12476.382,10.17716639840275,-0.041352582661429625,10.045055434526983,-0.06298204880967208,-0.13805614638709357,0.044288682762444014,0.04428868276244401,-0.13788054924648496
12476.402,10.179388368457474,-0.04166128449306288,10.047295099458712,-0.06288277380038933,-0.13803949455636624,0.04430566780874728,0.04430566780874727,-0.137865386224522
12476.422,10.181599526245876,-0.0419684462667396,10.04952434985697,-0.06278392255059419,-0.13802271227314797,0.04432257418824662,0.044322574188246616,-0.13784693447298485
12476.442,10.18380511352666,-0.04227479653472356,10.051747076679131,-0.0626853229794887,-0.13800597209542848,0.04433953744009151,0.0443395374400915,-0.13783019967594995
12476.462,10.185995935671606,-0.04257905948808906,10.053953201901304,-0.06258742206248925,-0.13798992631420504,0.04435769198137488,0.04435769198137488,-0.13781574224215537
12476.482,10.188152702970402,-0.04287855476783955,10.056126272624423,-0.062490944720436474,-0.1379705005579618,0.044379108700611604,0.0443791087006116,-0.137795877127549
12476.502,10.190289489134345,-0.04317522836003589,10.05827993318702,-0.06239528065664541,-0.13794704472403965,0.04440307512292311,0.04440307512292311,-0.13777211027450942
12476.522,10.192415541671622,-0.04347035693748425,10.060423112234453,-0.06230002719819957,-0.1379199707771834,0.04443063536214568,0.04443063536214567,-0.13774180693728275
12476.542,10.194535898827928,-0.04376463293713863,10.062559544579482,-0.062205011490673714,-0.13788983054669737,0.04446161480051477,0.04446161480051476,-0.13771120368233938
12476.562,10.196641340111622,-0.044056772839797455,10.064679463806845,-0.06211065984333669,-0.13785709279174435,0.04450023693408538,0.04450023693408537,-0.13767827584502726
12476.582,10.19871426441556,-0.044344310889673486,10.06676714991101,-0.062017643017322134,-0.13780271589087573,0.04455805521416122,0.04455805521416123,-0.13762085026756832
12476.602,10.200767814033366,-0.04462903173324278,10.068835595879797,-0.061925352613432474,-0.1377354563820742,0.04462654085804992,0.04462654085804992,-0.13755596594598632
12476.622,10.202810574564463,-0.04491210893597932,10.070893477055186,-0.06183338560540932,-0.13766132857557833,0.04470168819412033,0.04470168819412033,-0.13748130991654173
12476.642,10.204847504747521,-0.04519421946179459,10.072944515986812,-0.06174156597351901,-0.1375829307087512,0.04478072500751345,0.04478072500751345,-0.1374026577979767
12476.662,10.206868869312734,-0.04547401681306338,10.074979434615901,-0.0616503064818148,-0.1375105576481296,0.044859706448542716,0.044859706448542716,-0.137331123842948
12476.682,10.208859657055365,-0.045749431939428625,10.076983429873685,-0.061560276756133694,-0.1374339368234997,0.044936792338020046,0.04493679233802005,-0.13725466707911366
12476.702,10.210831332951871,-0.046022050514691076,10.078969030060676,-0.06147092124482744,-0.1373587405041196,0.04501247777423355,0.04501247777423355,-0.13717959054267345
12476.722,10.212792490452651,-0.04629306553237318,10.080944580216636,-0.06138186908708604,-0.137284625759088,0.04508710222233435,0.04508710222233435,-0.13710556080611588
12476.742,10.214748082145693,-0.04656316456379562,10.082913593489303,-0.061292965224383,-0.13721137800160346,0.045160813102927036,0.045160813102927036,-0.13703239381319637
12476.762,10.216689350780676,-0.04683114162110377,10.084866791647288,-0.06120463238829879,-0.13713932230844053,0.04523328050727159,0.04523328050727159,-0.1369604998114765
12476.782,10.218599508020944,-0.04709468547345348,10.086790206820938,-0.06111750822003711,-0.1370690563892543,0.04530401597887108,0.04530401597887108,-0.13689034094737682
12476.802,10.22049183849909,-0.047355635512617095,10.08869637244607,-0.06103103129900375,-0.1370000607249217,0.04537350482793705,0.04537350482793705,-0.13682140927379402
12476.822,10.222374486129507,-0.047615118833790576,10.090592945874421,-0.060944858263598564,-0.13693201358358445,0.045442044255222594,0.045442044255222594,-0.13675341504966482
12476.842,10.224251691648533,-0.0478737226925191,10.092483226836034,-0.060858842061873863,-0.13686476142528378,0.04550976664901264,0.04550976664901265,-0.13668619108214006
12476.862,10.226114772932673,-0.04813025411561442,10.094358277223135,-0.06077339280564528,-0.1367985374954724,0.04557636793129752,0.04557636793129752,-0.136620075664257
12476.882,10.227948988939245,-0.04838268872162297,10.096204568292707,-0.06068913208820775,-0.13673390712141095,0.04564139268857756,0.04564139268857756,-0.13655558007062002
12476.902,10.229765506950367,-0.04863256909348451,10.098033950745181,-0.06060552472239892,-0.13667044438372927,0.04570528000609085,0.045705280006090844,-0.13649220422998237
12476.922,10.231572364862378,-0.048881004588654985,10.099854104014568,-0.06052222329583013,-0.13660785690797692,0.045768314230023165,0.04576831423002316,-0.136429670093631
12476.942,10.233374125813933,-0.04912862501941561,10.10166820731453,-0.06043908483561628,-0.1365459602743892,0.04583061702210554,0.04583061702210553,-0.13636782423574595
12476.962,10.235161991118005,-0.04937422115660779,10.103467524429394,-0.06035651284793438,-0.1364800619965981,0.04589190409329878,0.045891904093298776,-0.1363012593783275
12476.982,10.236922099705259,-0.049615887766357024,10.10523944153405,-0.060275090342518024,-0.13641907887591925,0.04595176640597239,0.04595176640597239,-0.1362412126134405
12477.002,10.238665410317177,-0.049855142996241955,10.10699521887976,-0.06019430478898425,-0.13636063740222096,0.04601063523409688,0.046010635234096875,-0.136182829094673
12477.022,10.240399636414883,-0.05009304867373556,10.108742113522132,-0.06011382529339079,-0.1363027046038829,0.0460689775393003,0.0460689775393003,-0.13612493347766771
12477.042,10.242128932181927,-0.05033017634919751,10.110483104077844,-0.060033516503101556,-0.13624529219107534,0.04612675810965971,0.04612675810965971,-0.1360675757148494
12477.062,10.24384455669358,-0.050565326483102385,10.112209798166951,-0.05995376841802309,-0.13618334061820067,0.0461836496816,0.04618364968159999,-0.13600499730959983
12477.082,10.245532857527502,-0.050796622850147966,10.113910409723154,-0.0598751288427928,-0.13612069858040166,0.04623927845448253,0.04623927845448253,-0.1359429756654315
12477.102,10.247205999805525,-0.051025742920622695,10.11559569087921,-0.05979710455330143,-0.13606635084345065,0.0462940102295592,0.0462940102295592,-0.13588867356640505
12477.122,10.248870692106463,-0.051253614236396176,10.117272340134992,-0.05971938831628191,-0.13601265435611395,0.04634807424817494,0.046348074248174935,-0.13582970323368904
12477.142,10.250530374017291,-0.05148070937499017,10.118943187716903,-0.059641851003611024,-0.13595949897403095,0.04640157089028876,0.04640157089028876,-0.1357819298740159
12477.162,10.25217673222204,-0.05170588957170949,10.120600155663146,-0.059564870256424436,-0.13590176957534436,0.046454260747475266,0.046454260747475266,-0.13572361585527287
12477.182,10.253796888595502,-0.05192738923737768,10.122232093335198,-0.059488966984138976,-0.13584358247264267,0.046505799194603265,0.04650579919460326,-0.135665542799833
12477.202,10.255402027243282,-0.05214674140739648,10.123849548848973,-0.059413654088726876,-0.13578636404979805,0.04655652767388368,0.04655652767388367,-0.13560840398642215
12477.222,10.25699905269527,-0.05236489251414614,10.125458995996773,-0.059338632562895295,-0.13573077073839238,0.04660666036460514,0.04660666036460513,-0.13555353705643233
12477.242,10.258592230573818,-0.052582433500257326,10.12706283707113,-0.059263792188364924,-0.13568144183230005,0.046656282261612586,0.046656282261612586,-0.13550425326593918
12477.262,10.260172394979444,-0.052798115328825036,10.128653187074447,-0.05918950335607895,-0.1356275195677247,0.04670516948134234,0.04670516948134234,-0.1354497861041162
12477.282,10.2617275624939,-0.05301029888048718,10.130219577244072,-0.059116257757838624,-0.13557348733365596,0.04675300714496314,0.04675300714496314,-0.1353905176358832
12477.302,10.263268167201511,-0.05322041142406066,10.131771930317633,-0.05904359440143159,-0.1355203428349776,0.04680010380217481,0.04680010380217481,-0.13534278647490727
12477.322,10.264800794816852,-0.05342935356080721,10.13331658625472,-0.058971218671249694,-0.13546783541027008,0.04684666163014578,0.04684666163014578,-0.13529033382465466
12477.342,10.266329036456098,-0.05363761641403469,10.13485607616299,-0.05889901349018998,-0.13541582245297124,0.04689277103188558,0.04689277103188558,-0.13523836382741763
12477.362,10.26784565465059,-0.05384421542890019,10.136382579143094,-0.05882734775149172,-0.1353644453812474,0.04693823748653275,0.04693823748653275,-0.13518709273529714
12477.382,10.269338121586857,-0.05404744718463382,10.137885747993428,-0.05875670970111639,-0.13531414873727415,0.04698276399647589,0.046982763996475885,-0.13513688498681725
12477.402,10.270816601554573,-0.054248699139090216,10.139375436581284,-0.058686638967174444,-0.13526460987699576,0.04702664784239773,0.047026647842397726,-0.1350874086615598
12477.422,10.272287396961524,-0.05444883126226611,10.14085771365766,-0.05861685183849231,-0.13521561457447345,0.047070073717946775,0.047070073717946775,-0.13503358837774965
12477.442,10.273753987021523,-0.05464831828683181,10.142335030641393,-0.058547234185396,-0.13516703537391547,0.04711311902894189,0.04711311902894189,-0.13498991734902824
12477.462,10.27520935737585,-0.0548462076386459,10.143799825004365,-0.05847814409462611,-0.13511905252076925,0.04715557930122048,0.04715557930122048,-0.13493730699035678
12477.482,10.276641566145429,-0.055040878399954044,10.145242243852351,-0.05841004858609239,-0.13507207013518965,0.04719717593625492,0.04719717593625492,-0.13489513386369484
12477.502,10.278060377656084,-0.05523366076355577,10.146671750191457,-0.058342503426399905,-0.13502577094981658,0.04723818545683241,0.04723818545683241,-0.13484888988529278
12477.522,10.279471622089648,-0.05542534875422537,10.148094129163821,-0.058275236829953087,-0.1349799656673758,0.047278778890912955,0.047278778890912955,-0.13479855802841206
12477.542,10.280878994780949,-0.055616445454211995,10.149511775199496,-0.05820813661564937,-0.1349345208796774,0.047319029156104336,0.04731902915610433,-0.13475317360090136
12477.562,10.28227531393902,-0.055805977068148264,10.150917416611,-0.05814154830616023,-0.13488965390076393,0.04735874401157976,0.04735874401157975,-0.13471291149290632
12477.582,10.283649793327797,-0.05599248205605666,10.152301636584584,-0.05807592015093673,-0.1348456991513818,0.047397663874670884,0.047397663874670884,-0.13466903167393346
12477.602,10.285011327402913,-0.05617716996631056,10.153673442888566,-0.05801082734935886,-0.13480237601514983,0.04743604483533506,0.04743604483533506,-0.1346257547044149
12477.622,10.28636547505729,-0.056360796503311356,10.155038367093946,-0.05794600882250179,-0.13475951068549064,0.047474045967595975,0.047474045967595975,-0.13458290424370845
12477.642,10.287716021804028,-0.05654387601146761,10.156398791392183,-0.057881352389673034,-0.13471696511493922,0.047511737670523614,0.04751173767052361,-0.13454037613079822
12477.662,10.28905585700088,-0.05672544578106577,10.15774763271321,-0.05781719585182682,-0.13467494912137354,0.047548937060884124,0.04754893706088412,-0.1344942863345615
12477.682,10.290374896199939,-0.05690414147026266,10.159075969129335,-0.05775396549865111,-0.13463376920699704,0.0475854036096617,0.0475854036096617,-0.13445731858926904
12477.702,10.29168150201473,-0.05708109835046943,10.160392404855264,-0.05769125379106796,-0.13459316993226406,0.04762137556077868,0.04762137556077868,-0.13441676120804438
12477.722,10.292981444871497,-0.057257099366309454,10.161702342015946,-0.057628804623180103,-0.13455296380169865,0.04765700410992401,0.04765700410992402,-0.13437658863347354
12477.742,10.294277647213733,-0.0574325410778897,10.163007853369301,-0.05756652001782147,-0.13451305944535627,0.04769234925960692,0.04769234925960692,-0.13433671095050778
12477.762,10.295563698492757,-0.057606556898286754,10.16430208630393,-0.05750472795732128,-0.13447363886078606,0.04772723817187161,0.047727238171871605,-0.13429737306385106
12477.782,10.296829305964044,-0.05777775616952437,10.165576578277788,-0.05744383421006489,-0.13443501220198228,0.04776144747007598,0.04776144747007598,-0.13425880976692026
12477.802,10.298083145781609,-0.057947314644745875,10.166839736086141,-0.057383438925671715,-0.13439691324993797,0.04779520410411246,0.04779520410411246,-0.13422075294565744
12477.822,10.299330477781474,-0.058115944901279165,10.168096675734503,-0.057323298590404,-0.1343591801132367,0.047828647776305064,0.04782864777630506,-0.13418304681811358
12477.842,10.3005743272713,-0.05828405672523943,10.169349416996662,-0.05726331730586455,-0.13432171554327788,0.04786183539285209,0.04786183539285209,-0.13414560622667204
12477.862,10.301808212524778,-0.05845077505380214,10.170591364243766,-0.057203811803511084,-0.13428470342676224,0.04789460418810107,0.04789460418810107,-0.13410501128754707
12477.882,10.303022717741019,-0.058614829495893514,10.171814499679968,-0.057145167782681104,-0.13424842009446059,0.04792674664896653,0.04792674664896653,-0.13407243112848183
12477.902,10.304225856044932,-0.058777304355865354,10.173026794635314,-0.057087004671563905,-0.13421262838408493,0.04795847296131458,0.04795847296131458,-0.13403666598166838
12477.922,10.305423030671701,-0.058938930430519676,10.174233091330832,-0.05702909113110599,-0.13417715702622762,0.04798991232444134,0.04798991232444134,-0.1340012224597663
12477.942,10.30661674867844,-0.05910004687661319,10.175435286186294,-0.056971336779376935,-0.1341419341989572,0.0480211169649493,0.0480211169649493,-0.13396602140301572
12477.962,10.307800954597537,-0.059259837254623506,10.176626949789572,-0.056914051333693386,-0.13410712472712336,0.04805193136968629,0.04805193136968629,-0.13393128360378767
12477.982,10.308966354764223,-0.059417049183955954,10.177800460546672,-0.056857602571943486,-0.13407299797287547,0.04808216191769188,0.048082161917691886,-0.13389721087079032
12478.002,10.310120972279467,-0.0595727666817463,10.178963586033014,-0.056801618310721405,-0.134039318741055,0.048112008949540035,0.04811200894954003,-0.1338635670793369
12478.022,10.311269664122461,-0.05972764580065879,10.180121002540732,-0.0567458743406223,-0.13400594280400555,0.04814159444901768,0.04814159444901767,-0.13383021633536402
12478.042,10.312415112548507,-0.05988204881214866,10.181274546181852,-0.056690282816871114,-0.13397279057881847,0.048170967780574045,0.048170967780574045,-0.13379708364358298
12478.062,10.31355139338112,-0.060035177928277145,10.182417952243673,-0.056635146400438666,-0.13394002041297218,0.04819998016142483,0.04819998016142482,-0.13376438030494803
12478.082,10.314669663765383,-0.06018584294281828,10.183543976238798,-0.056580815679914936,-0.13390788411856608,0.04822845072053963,0.04822845072053962,-0.13373229394422867
12478.102,10.315777629125739,-0.060335083538160215,10.184660075644235,-0.05652693213626498,-0.13387616042128145,0.048256567872361794,0.048256567872361794,-0.13370060279247825
12478.122,10.316879931285857,-0.06048352586485423,10.185770719457615,-0.05647328079187944,-0.13384471435085005,0.04828444577003061,0.048284445770030604,-0.13366917967822453
12478.142,10.317979133663565,-0.06063151567854284,10.186877657030735,-0.056419777663694076,-0.13381347143848407,0.048312130432220324,0.04831213043222032,-0.13363795442677948
12478.162,10.31906928024271,-0.06077825180155032,10.18797485825718,-0.05636671488640615,-0.13378258968885637,0.04833948111737868,0.04833948111737868,-0.13360407993095932
12478.182,10.320142323013524,-0.06092265229527219,10.18905544341538,-0.05631442629883247,-0.13375229322632007,0.0483663289203928,0.0483663289203928,-0.13357687204894814
12478.202,10.321205624348485,-0.06106570928026507,10.19012651905717,-0.056262569191381194,-0.13372237366966622,0.04839284995034493,0.04839284995034493,-0.13354698259323644
12478.222,10.322263466317956,-0.06120799967493609,10.191192335952689,-0.056210938457516194,-0.13369270993262905,0.04841915067491777,0.04841915067491777,-0.1335173398964287
12478.242,10.323318319796025,-0.06134985633014769,10.192254574887219,-0.05615945314431597,-0.13366323165133545,0.048445274389391654,0.04844527438939165,-0.1334878776526569
12478.262,10.324364623103895,-0.06149053193520173,10.193307383644244,-0.0561083975088415,-0.13363408278509242,0.04847108657228124,0.04847108657228124,-0.13345878719521495
12478.282,10.325394360819685,-0.061628950023625395,10.194344208817489,-0.05605809037114563,-0.13360548397219096,0.04849642899880587,0.04849642899880587,-0.13343023137698917
12478.302,10.326414645152092,-0.0617660678589694,10.195371929030882,-0.05600819903273806,-0.133577238545217,0.04852146901105753,0.04852146901105753,-0.1334020135967002
12478.322,10.327429550993386,-0.06190243381137989,10.196394632651634,-0.05595852564638444,-0.13354923603312266,0.04854630710560108,0.04854630710560108,-0.13337402205841664
12478.342,10.328441777522595,-0.06203841098936022,10.197413943765326,-0.055908991745780685,-0.13352139479778286,0.04857098426516082,0.048570984265160815,-0.1333461936893398
12478.362,10.32944579715403,-0.062173257395352614,10.198424181940709,-0.05585987391927208,-0.13349385811377723,0.048595371687470544,0.048595371687470544,-0.13331871170090775
12478.382,10.330433933053737,-0.06230594306891293,10.199419097190061,-0.05581147695635891,-0.13346683484265937,0.04861932085807113,0.04861932085807113,-0.13329172841863957
12478.402,10.331412956162765,-0.06243737831949077,10.200405304587177,-0.05576348002105711,-0.13344014174636254,0.04864298996721754,0.04864298996721754,-0.1332650580946666
12478.422,10.332387081150644,-0.06256812962472458,10.201386726311005,-0.05571569278825093,-0.13341366137670896,0.04866647374903826,0.04866647374903826,-0.13323859533461774
12478.442,10.333358471626147,-0.06269848778187795,10.202364865480813,-0.05566804244125877,-0.1333873350949355,0.048689809475525585,0.048689809475525585,-0.13321097001274582
12478.462,10.334321945801072,-0.0628277579111785,10.20333428920898,-0.055620794136416185,-0.1333612936381601,0.04871287555262498,0.048712875552624976,-0.1331862918742526
12478.482,10.335270227669257,-0.06295496476737754,10.20428905164869,-0.055574238490546476,-0.1333357310873412,0.04873553283978138,0.04873553283978138,-0.13316076668261437
12478.502,10.336209800586817,-0.06308097906128991,10.205235428560002,-0.05552807034494815,-0.1333104739738193,0.04875792905764219,0.04875792905764219,-0.13313553326434335
12478.522,10.337144587202097,-0.06320632748282777,10.206177196130414,-0.055482105987651936,-0.1332854162223817,0.04878015391862226,0.04878015391862226,-0.1331079956789973
12478.542,10.33807675377057,-0.06333130086312783,10.20711581097338,-0.055436274661995105,-0.13326049931744274,0.04880224287676368,0.04880224287676368,-0.13308558676663026
12478.562,10.339001257206286,-0.06345522354235601,10.208045999364511,-0.055390834321735166,-0.13323584921128284,0.04882407918798043,0.04882407918798042,-0.13305855208965045
12478.582,10.3399111514916,-0.06357716535123696,10.208962095931875,-0.05534606247219693,-0.13321164848953806,0.048845532200038184,0.048845532200038184,-0.1330368189191734
12478.602,10.34081273209347,-0.06369797089989249,10.209870187943991,-0.05530166238800483,-0.13318773115483828,0.048866743105664814,0.048866743105664814,-0.1330129234857523
12478.622,10.341709743735631,-0.06381814248423968,10.210773880218115,-0.05525745826981922,-0.13316399749856903,0.04888779623234066,0.04888779623234066,-0.1329892046466641
12478.642,10.342604254374699,-0.06393795745979418,10.211674555968912,-0.05521338275814175,-0.13314039251861154,0.04890872467806016,0.04890872467806016,-0.13296561057488432
12478.662,10.343491377644625,-0.06405676173398038,10.212567116671387,-0.05516968575623044,-0.13311703717963128,0.04892941666982289,0.04892941666982289,-0.13293999532629064
12478.682,10.344364494623413,-0.06417366970320212,10.213446168357228,-0.055126632013414535,-0.1330941030387546,0.04894974955590578,0.048949749555905774,-0.13291939893886848
12478.702,10.345229649064345,-0.06428949142939906,10.214317553925312,-0.05508393605893688,-0.13307143285774364,0.04896985704455737,0.04896985704455738,-0.13289674907723342
12478.722,10.346090427531287,-0.06440470753696559,10.215184725864903,-0.05504142913747584,-0.13304893251567407,0.04898981873723882,0.04898981873723882,-0.1328742623673285
12478.742,10.346948810632576,-0.06451958341393833,10.216049003666182,-0.054999046840533715,-0.13302655009304945,0.04900966569227998,0.04900966569227998,-0.13285188988718558
12478.762,10.347800066120783,-0.06463348612330938,10.216905460494377,-0.05495703113283272,-0.1330044018716233,0.04902929080775947,0.04902929080775947,-0.13282978447839164
12478.782,10.348637890867584,-0.06474557300454978,10.217748966438817,-0.054915634289770254,-0.1329826490278382,0.04904857901471261,0.0490485790147126,-0.132808061971757
12478.802,10.349468040133521,-0.06485661475896089,10.218585147230288,-0.054874580849472006,-0.13296114415747803,0.04906765746503187,0.04906765746503187,-0.13278657373077873
12478.822,10.350293989014917,-0.06496707665191613,10.21941730999133,-0.05483370881220246,-0.1329397977918428,0.049086601378523095,0.04908660137852309,-0.13276417221412784
12478.842,10.351117741106805,-0.06507722689253509,10.22024669730329,-0.05479295739066166,-0.13291855565943367,0.04910543956133672,0.04910543956133673,-0.13274400296504893
12478.862,10.351934596467611,-0.06518643734872367,10.22106852813299,-0.05475256182772049,-0.13289753418069622,0.04912406880571722,0.04912406880571722,-0.1327230219585304
12478.882,10.352738563439432,-0.0652939076254677,10.221877930596268,-0.05471276215058258,-0.13287688457746707,0.0491423812688977,0.049142381268897695,-0.13270240077511433
12478.902,10.353535219503417,-0.06540038396538862,10.222680294901975,-0.054673293887852074,-0.1328564650912888,0.04916049742331141,0.049160497423311404,-0.13268199886638216
12478.922,10.35432785773211,-0.06550630688970023,10.223478790888436,-0.054634001448732705,-0.13283619154874818,0.04917848845703912,0.04917848845703912,-0.13266173692059174
12478.942,10.35511829664739,-0.06561191964122569,10.224274620299832,-0.054594825917003174,-0.13281601751702643,0.04919638179643641,0.04919638179643641,-0.13264157118609454
12478.962,10.355902094894006,-0.06571662910333295,10.22506318016057,-0.05455599417798756,-0.132796050967985,0.04921407867551756,0.04921407867551757,-0.13262164289973832
12478.982,10.356673543632377,-0.06581967322442023,10.225839832463624,-0.05451773513258781,-0.13277643417949667,0.04923147773896174,0.04923147773896174,-0.1326020527344106
12479.002,10.357437995158604,-0.06592176753236577,10.226609749934493,-0.054479794485031506,-0.13275703247485618,0.04924869342544626,0.04924869342544626,-0.1325826673985704
12479.022,10.358198576773422,-0.06602333003768493,10.22737597487404,-0.05444202261519331,-0.13273776725272515,0.04926579324753492,0.04926579324753492,-0.1325634115864548
12479.042,10.35895708759416,-0.06612460118562447,10.228139640953357,-0.05440436383511295,-0.13271859234342456,0.049282802713648426,0.049282802713648426,-0.13254424428259326
12479.062,10.359709183747261,-0.06622500128846126,10.228896293887567,-0.05436703807138098,-0.1326996134153169,0.049299626693337505,0.049299626693337505,-0.132525301618051
12479.082,10.36044943731165,-0.0663238063046586,10.22964152987626,-0.05433026302602465,-0.1326809640935603,0.04931617015460185,0.04931617015460185,-0.13250667728170526
12479.102,10.361182947587961,-0.06642169741597787,10.230380321731671,-0.05429379377871995,-0.1326625175612275,0.049332542106442674,0.049332542106442674,-0.13248824442402232
12479.122,10.361912832998515,-0.06651909111085509,10.231115576196094,-0.054257487115150875,-0.13264419524191973,0.04934880634677731,0.04934880634677731,-0.13246993204292215
12479.142,10.362640695000664,-0.06661620126602802,10.23184836912947,-0.05422129008825465,-0.13262595751045408,0.04936498674483203,0.04936498674483203,-0.13244988175839856
12479.162,10.3633620076715,-0.06671242430280674,10.232574411336678,-0.05418541481389531,-0.1326079148940704,0.049380992025867106,0.0493809920258671,-0.13243279173655859
12479.182,10.36407245258854,-0.0668071846438189,10.233289622591077,-0.0541500633233337,-0.13259017032829742,0.04939673522880646,0.04939673522880646,-0.13241596203586656
12479.202,10.364776433437383,-0.06690107015045171,10.233998610352552,-0.054115008306291366,-0.13257261570356996,0.04941231659088194,0.04941231659088193,-0.13239842179952893
12479.222,10.365476849287237,-0.06699446774347866,10.234704166785558,-0.05408011195638648,-0.13255517936365935,0.0494277967531663,0.049427796753166296,-0.13237925660718614
12479.242,10.366175277771628,-0.06708758796337796,10.2354073577726,-0.05404532171842466,-0.1325378232559603,0.04944319902507932,0.049443199025079314,-0.13236364308274498
12479.262,10.366867666242284,-0.06717989071089599,10.23610406879204,-0.05401084138203965,-0.13252064363840035,0.049458436050189306,0.0494584360501893,-0.13234649227211073
12479.282,10.367549307113046,-0.06727074887116777,10.236790275169815,-0.05397687051258463,-0.13250375411031612,0.04947342312146363,0.04947342312146363,-0.13232962490469902
12479.302,10.36822477542697,-0.0673607727210426,10.23747054011525,-0.05394318359802149,-0.13248704245922696,0.0494882587191654,0.0494882587191654,-0.13231292664677957
12479.322,10.368896851583393,-0.06745033308359696,10.238147539789708,-0.053909648338779495,-0.132470440612778,0.049503000413851035,0.049503000413851035,-0.13229550581332228
12479.342,10.369567070976396,-0.06753963471543324,10.238822276106365,-0.053876215251610356,-0.13245391101621656,0.04951766982539773,0.04951766982539773,-0.13227980964729522
12479.362,10.37023155812044,-0.067628161446487,10.239490759462795,-0.05384308222515829,-0.13243754742367503,0.0495321822969244,0.0495321822969244,-0.13226347708265004
12479.382,10.370885596183543,-0.06771528529207127,10.240149170839448,-0.05381043889761423,-0.13242146165902047,0.04954645858173984,0.04954645858173984,-0.13224741214860541
12479.402,10.371533734727306,-0.0678016127119684,10.240801903773871,-0.0537780677978625,-0.13240554278072086,0.0495605928073459,0.0495605928073459,-0.1322315057964992
12479.422,10.372178631245982,-0.06788749790274372,10.241451516089999,-0.0537458422788055,-0.13238972631031726,0.04957463950480926,0.04957463950480926,-0.1322156972703136
12479.442,10.37282175325332,-0.06797313643949893,10.242098963521368,-0.05371371506164134,-0.13237397667452977,0.04958861902386582,0.04958861902386582,-0.1321999530511734
12479.462,10.373459378047722,-0.06805803279467368,10.24274041397906,-0.053681876485456664,-0.13235838416773063,0.04960245000759857,0.04960245000759856,-0.1321843900252648
12479.482,10.374086976519534,-0.06814158432301258,10.243372200173704,-0.05365050889715914,-0.13234305472517313,0.04961605742657291,0.04961605742657291,-0.13216908025236562
12479.502,10.374708914100571,-0.06822437256968093,10.243998537772748,-0.053619403317197604,-0.13232788256934597,0.04962953101032639,0.04962953101032639,-0.1321539198646856
12479.522,10.375327740801076,-0.06830673719125274,10.24462188111123,-0.053588438041983225,-0.13231280634846931,0.049642922645587714,0.04964292264558772,-0.13213885105202133
12479.542,10.375944864778916,-0.06838886573455266,10.245243151327246,-0.0535575674331499,-0.13229779221294977,0.04965625168870305,0.04965625168870306,-0.13212384191959933
12479.562,10.376556754344586,-0.0684702883645723,10.245858712566267,-0.053526972322396914,-0.13228292619307733,0.04966944079949886,0.049669440799498865,-0.1321090035676036
12479.582,10.377158997796032,-0.06855041837532067,10.246465077749173,-0.05349682631766448,-0.13226831050430726,0.04968241968219902,0.049682419682199025,-0.13209440356191815
12479.602,10.377755834991572,-0.06862982023740913,10.247066208965967,-0.05346693273439768,-0.13225384263182363,0.049695272191894284,0.049695272191894284,-0.1320799444174474
12479.622,10.378349733279492,-0.06870882239609304,10.247664430500292,-0.05343717615806154,-0.13223946327318856,0.04970804710233698,0.049708047102336984,-0.13206557210631625
12479.642,10.378941961289964,-0.06878759372050404,10.248260625143592,-0.05340751278768347,-0.13222514255371617,0.0497207627273245,0.04972076272732451,-0.13204982856963463
12479.662,10.379528996550093,-0.06886566585318883,10.248851294701325,-0.05337811682867087,-0.13221096675141267,0.04973334447675575,0.04973334447675576,-0.13203570305837278
12479.682,10.380106813981548,-0.0689425038042932,10.249433097032341,-0.053349154877119664,-0.1321970273697956,0.049745725932842766,0.04974572593284277,-0.13202179413630521
12479.702,10.380679366733466,-0.06901863357933066,10.250009894402357,-0.053320434940040774,-0.13218323009407715,0.04975798841878069,0.049757988418780694,-0.13200869836717324
12479.722,10.38124922881449,-0.06909439760957282,10.250583944647651,-0.05329184474846304,-0.13216951259617468,0.04977017894919736,0.049770178949197365,-0.13199567308506926
12479.742,10.381817517197495,-0.0691699444964706,10.25115603920162,-0.05326334498551685,-0.13215584891836668,0.0497823137399651,0.049782313739965105,-0.13198201341741228
12479.762,10.382380927695984,-0.06924483513367596,10.251722807965894,-0.05323510367908042,-0.13214232035988252,0.04979432069111538,0.04979432069111539,-0.13196851038979968
12479.782,10.382935396977695,-0.06931852970128129,10.25228103497162,-0.05320728132199949,-0.132129018561035,0.04980613681005228,0.04980613681005229,-0.131955223233244
12479.802,10.383484869221395,-0.06939155271100901,10.252834450463029,-0.053179692243751235,-0.13211584938051738,0.04981784028281904,0.04981784028281904,-0.13194206179975795
12479.822,10.38403159148295,-0.06946420295256155,10.253385228929913,-0.053152228180859844,-0.132102760079748,0.04982947607998223,0.04982947607998223,-0.1319276703070823
12479.842,10.384576874672105,-0.06953665471543989,10.253934164084379,-0.053124849646079816,-0.1320897190796587,0.04984106026555265,0.04984106026555265,-0.13191528762455917
12479.862,10.385117210091614,-0.06960844193454081,10.254478010544346,-0.053097718632778304,-0.13207681353532968,0.049852523115549746,0.049852523115549746,-0.13190305009088746
12479.882,10.385649196284268,-0.06967911297272748,10.25501377351537,-0.05307098476609619,-0.13206411816321023,0.04986380692363469,0.04986380692363469,-0.13189036387191114
12479.902,10.386176623814176,-0.06974917163898868,10.255544898959307,-0.05304447632140505,-0.13205154211156797,0.049874983719130926,0.049874983719130926,-0.13187779732385205
12479.922,10.386701340070793,-0.06981886346956767,10.256073415134514,-0.05301809219763444,-0.1320390427134509,0.04988609518285004,0.04988609518285004,-0.1318653037404363
12479.942,10.387224564035282,-0.06988835045416611,10.256600138344348,-0.052991791728074,-0.13202659161492672,0.04989715765648943,0.04989715765648943,-0.13185161322173058
12479.962,10.387742943265378,-0.06995718749854322,10.257122036420888,-0.05296572643160402,-0.1320142729364982,0.04990810556084767,0.04990810556084766,-0.13183933069281364
12479.982,10.388253351748258,-0.07002495973799323,10.257636159213352,-0.05294004385228163,-0.13200215257724593,0.04991888282822579,0.04991888282822579,-0.13182723089592002
12480.002,10.388759401777625,-0.0700921470476535,10.258145854422898,-0.05291457696361838,-0.13199014503624,0.04992955916558553,0.04992955916558552,-0.13181643376515895
12480.022,10.389262955188249,-0.07015899675071324,10.258653045892913,-0.052889229758653004,-0.13197820702167762,0.04994017389083129,0.04994017389083129,-0.1318039060417124
12480.042,10.389765053121089,-0.07022564714243194,10.259158480724505,-0.05286396497772078,-0.13196631469899714,0.04995074176790957,0.04995074176790957,-0.13179261255098626
12480.062,10.390262825602882,-0.07029171736311741,10.259659200557353,-0.05283893060570575,-0.13195454038690704,0.04996119851982763,0.049961198519827624,-0.13178086053705407
12480.082,10.39075273865081,-0.0703567385659124,10.260152345576255,-0.05281426981409385,-0.13194296020759785,0.049971490576380416,0.049971490576380416,-0.13176929464766013
12480.102,10.3912382135267,-0.07042116504203391,10.260641219501625,-0.052789817583007076,-0.13193149324337114,0.049981686484840866,0.04998168648484086,-0.1317578360213701
12480.122,10.39172124950309,-0.0704852622362342,10.261127746450514,-0.05276547778016539,-0.1319200932731591,0.049991825335523925,0.04999182533552392,-0.13174644110383663
12480.142,10.39220295060717,-0.07054917671960766,10.26161264692227,-0.05274121442938724,-0.13190873478854434,0.05000192120375754,0.05000192120375754,-0.1317339519435998
12480.162,10.392680456724896,-0.07061252909978939,10.262093055144284,-0.05271717102427917,-0.13189749035882659,0.05001191146739059,0.0500119114673906,-0.1317233053172659
12480.182,10.393150539349005,-0.07067489124453807,10.262566234632096,-0.05269348469348098,-0.13188642807920328,0.05002174565884447,0.050021745658844464,-0.13171281211646166
12480.202,10.393616340884272,-0.07073668023313169,10.263035322234222,-0.05266999858638269,-0.1318754738809453,0.05003148873110315,0.05003148873110315,-0.13170186507605872
12480.222,10.394079828966523,-0.07079815718843574,10.263502174907313,-0.052646619827220104,-0.1318645824214115,0.05004117820949934,0.05004117820949933,-0.13169097780464936
12480.242,10.3945420474443,-0.0708594606299498,10.263967457927814,-0.05262331516325208,-0.13185372960550507,0.050050826925159636,0.050050826925159636,-0.13168012804712745
12480.262,10.395000303837556,-0.07092023354939299,10.264428419596229,-0.05260022250745403,-0.1318429845268815,0.05006037433888149,0.05006037433888149,-0.1316694033781685
12480.282,10.395451335131376,-0.0709800434017106,10.26488241799597,-0.05257747437101536,-0.13183241551192118,0.05006977246208015,0.05006977246208015,-0.13165884726141974
12480.302,10.395898286097614,-0.07103930739076655,10.265332489835165,-0.05255491875509845,-0.13182194846328507,0.05007908403051117,0.05007908403051118,-0.13164838769394901
12480.322,10.396342994846451,-0.07109826934727306,10.265780404090192,-0.052532467095892446,-0.13181154131205894,0.05008834462292517,0.05008834462292517,-0.13163798503355761
12480.342,10.396786476405927,-0.07115706390795083,10.266226823940531,-0.052510086208727616,-0.13180117083915618,0.050097566898983585,0.050097566898983585,-0.13162761740151888
12480.362,10.39722617781823,-0.07121535269843285,10.266669119200992,-0.05248790803586918,-0.13179090322040213,0.05010669254438648,0.05010669254438648,-0.13161736924510709
12480.382,10.397658968597518,-0.07127272089979587,10.267104751979318,-0.05246605998234311,-0.13178080304881856,0.05011567619128498,0.05011567619128497,-0.13160728138456476
12480.402,10.398087807920414,-0.07132956093317833,10.267536608861116,-0.05244439742438889,-0.13177080073004455,0.050124577391845775,0.05012457739184577,-0.13159728551126232
12480.422,10.39851452403076,-0.07138611521674022,10.267966410928633,-0.05242283411191695,-0.13176085454293876,0.05013343059860446,0.05013343059860446,-0.13158684704759746
12480.442,10.398940068847832,-0.07144250996495882,10.268394768865544,-0.05240133945885221,-0.13175094271970092,0.05014224731874278,0.050142247318742776,-0.1315774340108737
12480.462,10.39936196155139,-0.07149841648773146,10.268819144022045,-0.05238004092603612,-0.13174113020999947,0.05015097086852838,0.05015097086852838,-0.13156715551885917
12480.482,10.399777197878503,-0.07155343683823222,10.269237105082185,-0.05235906067170925,-0.13173147810389765,0.050159558488373064,0.050159558488373064,-0.13155799987162853
12480.502,10.400188662354036,-0.07160795338255865,10.269651458295831,-0.05233825796514629,-0.13172191866108063,0.05016806797486965,0.05016806797486965,-0.13154844659708473
12480.522,10.40059806580302,-0.07166219288223159,10.270063838134622,-0.05231755082203643,-0.13171241307261936,0.05017653191220021,0.05017653191220021,-0.13153894410843212
12480.542,10.401006367168991,-0.07171628243062551,10.270474835128372,-0.05229690963727723,-0.13170293937691557,0.050184961299642526,0.050184961299642526,-0.1315294729521088
12480.562,10.401411164483335,-0.07176990389847132,10.270882010826357,-0.052276456942176176,-0.13169356111396785,0.0501933012629046,0.0501933012629046,-0.13152011271655956
12480.582,10.401809574815521,-0.07182267554428955,10.271283031288213,-0.05225631009671635,-0.1316843360348842,0.05020151142767715,0.05020151142767715,-0.13151089878240585
12480.602,10.402204378414925,-0.07187496577008176,10.271680581126764,-0.052236334351538315,-0.1316751988343841,0.05020964703776322,0.05020964703776322,-0.13150176800049504
12480.622,10.402597200084717,-0.07192698985483659,10.272076224177495,-0.05221645119706516,-0.13166611280527768,0.05021773914100678,0.05021773914100677,-0.13149268578053003
12480.642,10.4029889237627,-0.07197886490955682,10.272470547072096,-0.052196631195566584,-0.13165705811407857,0.050225798564342054,0.05022579856434205,-0.13148363297370122
12480.662,10.40337731067114,-0.07203029452300123,10.272861212910865,-0.05217699186825546,-0.13164809450450018,0.05023377227714938,0.050233772277149376,-0.1314746866746053
12480.682,10.403759570775817,-0.07208090937654736,10.273245974351516,-0.05215764630691383,-0.1316392772173159,0.050241622032423196,0.0502416220324232,-0.13146588000977474
12480.702,10.404138371312253,-0.07213106276808247,10.27362740683428,-0.05213846513267085,-0.13163054363188592,0.050249400786954695,0.05024940078695469,-0.13145715253068058
12480.722,10.40451527079357,-0.07218096111883464,10.274007010200735,-0.052119372985602826,-0.13162185867450668,0.05025713820349398,0.05025713820349398,-0.13144847118631497
12480.742,10.404891129847725,-0.07223071840975388,10.274385345038704,-0.052100341710850415,-0.1316132029835388,0.050264844511075074,0.050264844511075074,-0.1314398177323607
12480.762,10.405263704961392,-0.0722800376986067,10.274760168345903,-0.05208148419284627,-0.13160463698008742,0.05027246837898005,0.05027246837898004,-0.13143126691406445
12480.782,10.405630488376746,-0.07232858714586293,10.27512934833243,-0.05206290778835525,-0.1315962088409273,0.05027997421318126,0.05027997421318126,-0.1314228488602536
12480.802,10.405993945710943,-0.07237669323274404,10.275495327968958,-0.05204448967515999,-0.13158786064207742,0.050287412248027914,0.050287412248027914,-0.13141450649376793
12480.822,10.406355576426744,-0.07242455449072746,10.275859550075683,-0.05202615730034574,-0.13157955876806424,0.050294810910432176,0.050294810910432176,-0.13140537986335038
12480.842,10.406716206737315,-0.07247228030539297,10.276222552757456,-0.052007883616061366,-0.13157128469434973,0.0503021799142433,0.050302179914243295,-0.13139793610132675
12480.862,10.4070736747266,-0.07251958462442229,10.276582182484233,-0.05198977708212499,-0.13156309724089474,0.050309469552314814,0.05030946955231481,-0.13138976302826277
12480.882,10.407425591113865,-0.07256615138312351,10.276936395117236,-0.05197194071363701,-0.13155504149036437,0.05031664630182785,0.05031664630182784,-0.13138171697468884
12480.902,10.407774268280779,-0.07261228667297012,10.277287532047728,-0.05195425670472857,-0.1315470631592785,0.05032375828925298,0.05032375828925298,-0.13137374316621117
12480.922,10.408121236804252,-0.07265819307420421,10.27763698422073,-0.05193665505742615,-0.13153912785939306,0.05033083282190431,0.05033083282190431,-0.13136581112451173
12480.942,10.40846724389629,-0.07270396948214072,10.27798526570941,-0.0519191099117204,-0.13153121899132328,0.05033787907592912,0.05033787907592912,-0.13135790427193667
12480.962,10.408810288297035,-0.07274935118227212,10.278330316238122,-0.05190172510251884,-0.1315233919912145,0.05034484905671084,0.05034484905671084,-0.1313500925947043
12480.982,10.409147930188052,-0.07279401551209563,10.278670158925095,-0.051884600315233544,-0.13151569300626798,0.05035171084921857,0.05035171084921857,-0.13134240310106143
12481.002,10.409482506600359,-0.07283827172277518,10.279007051333267,-0.051867621851700796,-0.1315080708622315,0.05035851072458493,0.05035851072458493,-0.1313347866665351
12481.022,10.40981539841336,-0.07288230252846882,10.279342322457918,-0.05185072278973473,-0.13150049405360306,0.05036527471905979,0.05036527471905979,-0.13132721320910973
12481.042,10.410147368107578,-0.07292620881302116,10.279676468837494,-0.051833878162142806,-0.13149294425921004,0.050372011721594105,0.050372011721594105,-0.1313196654629095
12481.062,10.410476476127728,-0.0729697340989365,10.280007500186588,-0.05181718847063417,-0.13148548275238808,0.05037867554508275,0.05037867554508275,-0.13131221982025326
12481.082,10.410800396881305,-0.07301257091927665,10.280333527140824,-0.051800748646407324,-0.13147814924760634,0.05038523460695439,0.050385234606954384,-0.13130489581534818
12481.102,10.411121387017374,-0.0730550177979396,10.280656733840415,-0.05178444887020452,-0.13147089047033214,0.050391734712455505,0.050391734712455505,-0.13129764247147013
12481.122,10.411440756238001,-0.07309724797940857,10.280978394458277,-0.051768224947258114,-0.13146367513329002,0.0503982007902071,0.0503982007902071,-0.1312897101873164
12481.142,10.411759258121998,-0.07313936113880459,10.281298977969158,-0.05175205330266873,-0.1314564850417152,0.05040464122565942,0.05040464122565942,-0.13128324176590467
12481.162,10.41207500593017,-0.07318110785008793,10.281616569166856,-0.051736030861308575,-0.1314493791077455,0.05041101183368462,0.05041101183368462,-0.1312761512411414
12481.182,10.412385781997711,-0.07322219499407945,10.281929359509649,-0.05172024816148614,-0.13144239814396722,0.050417281337731774,0.050417281337731774,-0.13126917935499358
12481.202,10.412693746679972,-0.07326290827366622,10.2822394442318,-0.05170459999400448,-0.13143548857655218,0.05042349453794784,0.05042349453794784,-0.13126227497664023
12481.222,10.413000169109713,-0.07330341551792062,10.282548044660475,-0.05168902478561304,-0.13142862013430678,0.05042967525376243,0.05042967525376242,-0.13125472447933534
12481.242,10.41330574679154,-0.07334380895976121,10.28285568266798,-0.05167349623376849,-0.13142177610265846,0.050435833293193094,0.05043583329319309,-0.13124856738502705
12481.262,10.413609380178409,-0.0733839432842439,10.283161223012698,-0.05165807167718761,-0.13141498359403309,0.05044194346023137,0.05044194346023137,-0.13124178433223
12481.282,10.413909694315176,-0.07342363680676589,10.283463564564952,-0.05164280671658226,-0.13140827401038585,0.050447987240511645,0.050447987240511645,-0.13123441345959458
12481.302,10.414208140645938,-0.0734630814250919,10.283764108464426,-0.05162763067026571,-0.13140161285781293,0.050453992758601,0.050453992758601,-0.13122842327521336
12481.322,10.414505562189573,-0.0735023885893885,10.284063666185265,-0.05161250260234012,-0.13139498006120995,0.050459975796743266,0.050459975796743266,-0.13122179259831276
12481.342,10.414802424372493,-0.07354161982790262,10.284362686554418,-0.05159739988250135,-0.1313883645272313,0.05046594599195011,0.05046594599195011,-0.13121517839505636
12481.362,10.415098988182248,-0.07358080963784915,10.284661425206217,-0.05158230972531511,-0.13138173407528347,0.05047191582628855,0.05047191582628855,-0.13120788225369467
12481.382,10.415395407409688,-0.073619978341384,10.284960026338837,-0.05156722475588104,-0.13137510416552073,0.050477881958202256,0.050477881958202256,-0.13120191601336922
12481.402,10.415691754932027,-0.07365913557154642,10.285258556318706,-0.05155214159431308,-0.13136847939485077,0.050483843658667225,0.05048384365866722,-0.13119529171221822
12481.422,10.415988065443047,-0.07369828591471857,10.285557051307576,-0.05153705841599033,-0.13136185907591494,0.050489801633355244,0.050489801633355244,-0.13118867171396228
12481.442,10.416284360535485,-0.0737374322254589,10.285855531914367,-0.05152197419501585,-0.1313552426149273,0.0504957571941569,0.0504957571941569,-0.13118205554876453
12481.462,10.416580656564566,-0.0737765766626851,10.28615401710406,-0.05150688808750312,-0.13134860357172928,0.05050171822267276,0.050501718222672756,-0.13117474917608066
12481.482,10.416876969991398,-0.07381572139545256,10.286452519685822,-0.05149179934878447,-0.13134196074421345,0.050507678819971945,0.050507678819971945,-0.13116810690841388
12481.502,10.417173296821828,-0.07385486589653166,10.286751035114326,-0.051476708177931985,-0.13133532068853337,0.050513636875109444,0.05051363687510944,-0.1311621312251625
12481.522,10.417469633961725,-0.07389400975788289,10.287049560300908,-0.05146161473161711,-0.13132868351618018,0.05051959232785819,0.05051959232785819,-0.131155494312491
12481.542,10.417765979180457,-0.07393315268561221,10.28734809408422,-0.05144651908309333,-0.13132204922412663,0.05052554607628902,0.05052554607628902,-0.13114886031265022
12481.562,10.418062336970452,-0.07397229527065285,10.287646643730342,-0.051431420980400384,-0.1313153914126256,0.05053150587875955,0.05053150587875955,-0.1311421994509474
12481.582,10.418358717446738,-0.07401143884295802,10.287945215750296,-0.0514163199952237,-0.13130872923932965,0.05053746562066434,0.05053746562066435,-0.13113520447477586
12481.602,10.418655112951136,-0.07405058239133419,10.288243802074758,-0.05140121650431779,-0.1313020694476616,0.05054342309041744,0.05054342309041744,-0.13112887796263648
12481.622,10.41895151840764,-0.07408972524599268,10.288542397798356,-0.051386110756162603,-0.1312954121769823,0.050549378189178255,0.050549378189178255,-0.13112222094945755
12481.642,10.419247930844632,-0.07412886701516666,10.288841000881733,-0.05137100286238015,-0.1312887575147857,0.05055533178316213,0.05055533178316212,-0.13111556655163376
12481.662,10.419544355281136,-0.0741680083599491,10.289139618024526,-0.05135589255006883,-0.13128208606240088,0.05056129152059996,0.05056129152059995,-0.13110822541938047
12481.682,10.419840800810551,-0.0742071504767643,10.289438255439414,-0.051340779445734105,-0.13127541198169576,0.05056725135597475,0.05056725135597474,-0.13110188540260978
12481.702,10.420137259262413,-0.07424629228710233,10.289736905209239,-0.05132566393204608,-0.13126874021999244,0.050573209104492124,0.050573209104492124,-0.13109554751232594
12481.722,10.420433725945545,-0.07428543317216295,10.290035562633737,-0.05131054624740798,-0.1312620709130772,0.050579164669990774,0.050579164669990774,-0.13108887845517064
12481.742,10.42073019807612,-0.07432457276507688,10.290334225802374,-0.05129542648955324,-0.13125540415432504,0.050585118901463756,0.050585118901463756,-0.1310822119258216
12481.762,10.421026682655885,-0.07436371198957946,10.290632901318483,-0.05128030432819867,-0.13124872944913402,0.05059107929308594,0.05059107929308594,-0.1310755360722756
12481.782,10.421323185966475,-0.07440285167279037,10.290931595226397,-0.051265179451813886,-0.13124205406320785,0.05059703992927107,0.050597039929271066,-0.1310681934990415
12481.802,10.421619701058471,-0.07444199089767403,10.291230300175773,-0.05125005223162577,-0.13123538079465552,0.050602998676541895,0.050602998676541895,-0.13106218784164017
12481.822,10.421916223228923,-0.07448112904398445,10.29152901163447,-0.0512349228976183,-0.13122870975494627,0.05060895544060905,0.05060895544060905,-0.13105551702900806
12481.842,10.422212749815044,-0.074520265760867,10.291827727856923,-0.051219791539184246,-0.13122204100999008,0.05061491108437005,0.05061491108437006,-0.1310488485160118
12481.862,10.422509287712328,-0.0745594019577231,10.292126455658842,-0.051204657815081614,-0.1312153639316298,0.050620873204643924,0.050620873204643924,-0.13104217028948206
12481.882,10.422805844331355,-0.07459853861034618,10.292425201440878,-0.05118952139541129,-0.13120868593770613,0.05062683580935313,0.05062683580935313,-0.1310354924768142
12481.902,10.423102412092097,-0.07463767471865992,10.29272395762426,-0.05117438266311844,-0.13120200982623678,0.050632796732851475,0.050632796732851475,-0.13102881656072143
12481.922,10.423398986337356,-0.07467680966855311,10.293022719724242,-0.05115924184586479,-0.1311953357088213,0.05063875588079607,0.05063875588079606,-0.1310221426469134
12481.942,10.423695564462056,-0.0747159431168131,10.293321486066999,-0.05114409902940979,-0.13118866365120735,0.05064471412816503,0.05064471412816503,-0.13101513726295358
12481.962,10.42399215329375,-0.07475507596355854,10.293620263657168,-0.051128953862719234,-0.13118198287126986,0.05065067917080725,0.05065067917080725,-0.13100878884368541
12481.982,10.424288760901506,-0.07479420927111523,10.293919059007441,-0.05111380600988557,-0.13117530091424912,0.05065664493875214,0.05065664493875214,-0.13100210704386248
12482.002,10.424585379332145,-0.07483334199035935,10.294217864438496,-0.05109865585909853,-0.13116862059964185,0.05066260923779539,0.05066260923779539,-0.13099542690066887
12482.022,10.424882003937588,-0.0748724735084735,10.294516675475757,-0.051083503637578284,-0.13116194203964615,0.0506685719731022,0.05066857197310219,-0.1309887485203325
12482.042,10.425178632131654,-0.07491160348475837,10.29481549047603,-0.05106834942952631,-0.13115526530041782,0.050674534030529524,0.050674534030529524,-0.13098207196569037
12482.062,10.425475271325912,-0.07495073289605508,10.295114316572874,-0.051053192877142564,-0.1311485794941632,0.05068050319889403,0.05068050319889402,-0.13097538492018906
12482.082,10.425771928763453,-0.07498986269536015,10.295413160342596,-0.05103803364096227,-0.1311418922071044,0.05068647333577848,0.05068647333577848,-0.1309686977659306
12482.102,10.426068596907111,-0.07502899188861825,10.29571201407105,-0.05102287211108945,-0.13113520631871498,0.05069244221947525,0.05069244221947524,-0.13096201202456179
12482.122,10.426365271068654,-0.07506811985780126,10.296010873248978,-0.05100770851657472,-0.1311285219410796,0.05069840975492122,0.050698409754921216,-0.1309553278023728
12482.142,10.426661948679179,-0.07510724626450549,10.296309736255859,-0.050992542940459955,-0.13112183914378556,0.050704376836354155,0.050704376836354155,-0.13094864516551763
12482.162,10.426958636768866,-0.07514637203493638,10.29660861029551,-0.050977375021146513,-0.13111514688635045,0.05071035134383779,0.05071035134383779,-0.1309419516530276
12482.182,10.427255343862349,-0.07518549829074145,10.296907502010164,-0.05096220441548858,-0.1311084529177908,0.05071632706041294,0.05071632706041294,-0.13093525777193243
12482.202,10.42755206138254,-0.0752246239009168,10.297206403620333,-0.0509470315170579,-0.13110176009410202,0.05072230174039909,0.05072230174039908,-0.13092856505895073
12482.222,10.42784878483801,-0.07526374827346795,10.2975053106834,-0.050931856551591874,-0.1310950685250099,0.0507282752885776,0.050728275288577596,-0.1309218736207665
12482.242,10.428145511727443,-0.07530287107891846,10.297804221546311,-0.05091667960377401,-0.13108837830394654,0.0507342486104498,0.05073424861044979,-0.13091518352206188
12482.262,10.428442249096468,-0.07534199324518522,10.2981031434766,-0.05090150030852768,-0.13108167824707187,0.05074022966872314,0.05074022966872314,-0.13090848217067955
12482.282,10.428739005345896,-0.07538111587718895,10.298402083251133,-0.05088631831553738,-0.13107497617846692,0.05074621218025548,0.05074621218025548,-0.13090178018535023
12482.302,10.4290357723289,-0.07542023790086187,10.29870103300539,-0.05087113402284305,-0.13106827501514495,0.05075219387501354,0.05075219387501354,-0.13089507911995824
12482.322,10.429332545300442,-0.07545935869085876,10.29899998817302,-0.05085594766253397,-0.13106157487300138,0.050758174655027945,0.05075817465502794,-0.13088837908423506
12482.342,10.429629321636282,-0.07549847790151012,10.29929894709785,-0.0508407593194418,-0.13105487582070555,0.05076415543469542,0.05076415543469542,-0.13088168014356774
12482.362,10.429926108511095,-0.07553759647741284,10.299597917138467,-0.0508255686236176,-0.13104816659110818,0.05077014425568132,0.050770144255681326,-0.13087429840927042
12482.382,10.43022291438599,-0.07557671553104732,10.299896905137201,-0.050810375221086314,-0.13104145507282966,0.05077613477192896,0.05077613477192896,-0.13086825812104197
12482.402,10.430519731053398,-0.07561583398054181,10.300195903170954,-0.05079517951301933,-0.13103474421164638,0.050782124691025936,0.050782124691025936,-0.1308615473329946
12482.422,10.43081655373447,-0.07565495119618063,10.300494906641104,-0.0507799817332164,-0.13102803412461023,0.05078811391401775,0.05078811391401775,-0.13085483732778744
12482.442,10.431113379787895,-0.07569406683005821,10.30079391388233,-0.05076478196696221,-0.13102132488121326,0.05079410336338809,0.050794103363388084,-0.13084812817145017
12482.462,10.431410216451786,-0.07573318183479993,10.301092932318321,-0.05074957984074564,-0.13101460511265972,0.05080010115325873,0.05080010115325874,-0.13084140703225283
12482.482,10.43170707226186,-0.07577229733232699,10.301391968850462,-0.05073437499725823,-0.1310078827796662,0.05080610087954539,0.05080610087954538,-0.1308343486281529
12482.502,10.432003939013462,-0.07581141224135352,10.301691015478065,-0.05071916784177311,-0.13100116085968003,0.05081210022874632,0.05081210022874631,-0.13082796285649528
12482.522,10.432300811732244,-0.07585052590649236,10.301990067581187,-0.05070395860924621,-0.13099443946156097,0.05081809910113486,0.05081809910113486,-0.1308212415154151
12482.542,10.432597687862524,-0.07588963799113496,10.302289123491981,-0.05068874738507828,-0.13098771865980202,0.05082409842660339,0.05082409842660338,-0.1308145207759823
12482.562,10.432894574892172,-0.07592874948011613,10.302588190622144,-0.05067353379610932,-0.1309809855960117,0.05083010638351458,0.05083010638351458,-0.130807787704634
12482.582,10.433191481181948,-0.07596786147221082,10.302887275940037,-0.050658317481296795,-0.1309742510956164,0.05083611651573493,0.05083611651573493,-0.13080037976943476
12482.602,10.433488398211736,-0.07600697284484537,10.303186371435997,-0.05064309884653175,-0.13096751675495427,0.05084212649157871,0.05084212649157871,-0.13079431889241105
12482.622,10.433785321325084,-0.07604608298460128,10.303485472531257,-0.05062787812474616,-0.1309607826890241,0.05084813621175073,0.05084813621175072,-0.13078758485862604
12482.642,10.434082247923012,-0.07608519154917999,10.303784577706983,-0.050612655393787814,-0.13095404897116814,0.05085414673938972,0.05085414673938972,-0.13078085117835367
12482.662,10.434379187205625,-0.0761242997485671,10.3040836959158,-0.05059743020208317,-0.13094730257844653,0.05086016720813651,0.050860167208136506,-0.13077410333781794
12482.682,10.434676145229753,-0.07616340837770405,10.304382831819995,-0.05058220230454267,-0.13094055450864767,0.05086618898185395,0.05086618898185395,-0.13076735525287916
12482.702,10.434973113791497,-0.07620251635588655,10.304681977513534,-0.0505669721027043,-0.13093380635900637,0.05087221081105819,0.05087221081105818,-0.13076060710253268
12482.722,10.4352700882445,-0.07624162307111662,10.30498112852556,-0.05055173982408397,-0.13092705824493997,0.05087823259814348,0.050878232598143475,-0.13075385899636494
12482.742,10.435567066022426,-0.07628072818541108,10.305280283280892,-0.050536505549341734,-0.13092031023560352,0.05088425528702036,0.05088425528702036,-0.13074711100019823
12482.762,10.435864054583979,-0.07631983267944327,10.305579449425082,-0.050521268892880486,-0.1309135507162548,0.05089028716731252,0.05089028716731252,-0.13074035000491585
12482.782,10.436161062683897,-0.07635893770280305,10.30587863404569,-0.05050602948694296,-0.13090678782019663,0.05089632169615359,0.05089632169615359,-0.13073358706728339
12482.802,10.436458081910125,-0.07639804214750666,10.306177829022618,-0.05049078774337285,-0.13090002458412892,0.05090235651033878,0.050902356510338774,-0.13072682380493422
12482.822,10.436755107365965,-0.07643714536867277,10.306477029643997,-0.050475543902024904,-0.13089326112926256,0.05090839150734767,0.05090839150734767,-0.13071938397688948
