sim_time_s,collision,other,points,wrench_points,max_depth_m,force_x_n,force_y_n,force_z_n
1126.01,combined_rough_section::nino::base_footprint::base_footprint_fixed_joint_lump__base_link_collision,rough_approach_ground::ground::rough_collision,1,1,2.16803518471e-08,-3.03260563156,3.71242604342,9.23159207298
1126.01,combined_rough_section::nino::base_footprint::base_footprint_fixed_joint_lump__laser_collision_1,none,0,0,0,0,0,0
1126.01,combined_rough_section::nino::caster_bracket_left_link::caster_bracket_left_link_collision,none,0,0,0,0,0,0
1126.01,combined_rough_section::nino::caster_left_wheel_link::caster_left_wheel_link_collision,rough_approach_ground::ground::rough_collision,1,1,1.10040231094e-09,-0.11051575116,0.0699383466907,0.390712179195
1126.01,combined_rough_section::nino::caster_bracket_right_link::caster_bracket_right_link_collision,none,0,0,0,0,0,0
1126.01,combined_rough_section::nino::caster_right_wheel_link::caster_right_wheel_link_collision,rough_approach_ground::ground::rough_collision,1,1,7.76125993994e-08,1.42077477417,1.74886243107,24.8995920119
1126.01,combined_rough_section::nino::left_wheel_link::left_wheel_link_collision,rough_approach_ground::ground::rough_collision,1,1,4.5552878053e-08,1.72234660849,-5.53122682117,20.3029774748
1126.01,combined_rough_section::nino::right_wheel_link::right_wheel_link_collision,none,0,0,0,0,0,0
1126.032,combined_rough_section::nino::base_footprint::base_footprint_fixed_joint_lump__base_link_collision,rough_approach_ground::ground::rough_collision,1,1,2.16803441866e-08,-3.03261109717,3.71242332376,9.23159026044
1126.032,combined_rough_section::nino::base_footprint::base_footprint_fixed_joint_lump__laser_collision_1,none,0,0,0,0,0,0
1126.032,combined_rough_section::nino::caster_bracket_left_link::caster_bracket_left_link_collision,none,0,0,0,0,0,0
1126.032,combined_rough_section::nino::caster_left_wheel_link::caster_left_wheel_link_collision,rough_approach_ground::ground::rough_collision,1,1,1.10038493248e-09,-0.110516759556,0.0699366518642,0.390707024635
1126.032,combined_rough_section::nino::caster_bracket_right_link::caster_bracket_right_link_collision,none,0,0,0,0,0,0
1126.032,combined_rough_section::nino::caster_right_wheel_link::caster_right_wheel_link_collision,rough_approach_ground::ground::rough_collision,1,1,7.7612582472e-08,1.4207747679,1.74886594613,24.8995958538
1126.032,combined_rough_section::nino::left_wheel_link::left_wheel_link_collision,rough_approach_ground::ground::rough_collision,1,1,4.55528867682e-08,1.72235260609,-5.53122656659,20.3029800148
1126.032,combined_rough_section::nino::right_wheel_link::right_wheel_link_collision,none,0,0,0,0,0,0
1126.054,combined_rough_section::nino::base_footprint::base_footprint_fixed_joint_lump__base_link_collision,rough_approach_ground::ground::rough_collision,1,1,2.16803380804e-08,-3.03261562221,3.71242112656,9.23158875684
1126.054,combined_rough_section::nino::base_footprint::base_footprint_fixed_joint_lump__laser_collision_1,none,0,0,0,0,0,0
1126.054,combined_rough_section::nino::caster_bracket_left_link::caster_bracket_left_link_collision,none,0,0,0,0,0,0
1126.054,combined_rough_section::nino::caster_left_wheel_link::caster_left_wheel_link_collision,rough_approach_ground::ground::rough_collision,1,1,1.10036601011e-09,-0.110517877588,0.069934775209,0.3907013187
1126.054,combined_rough_section::nino::caster_bracket_right_link::caster_bracket_right_link_collision,none,0,0,0,0,0,0
1126.054,combined_rough_section::nino::caster_right_wheel_link::caster_right_wheel_link_collision,rough_approach_ground::ground::rough_collision,1,1,7.76125599448e-08,1.42077476044,1.74887063385,24.8996009975
1126.054,combined_rough_section::nino::left_wheel_link::left_wheel_link_collision,rough_approach_ground::ground::rough_collision,1,1,4.55528972737e-08,1.72235983397,-5.53122626156,20.3029830829
1126.054,combined_rough_section::nino::right_wheel_link::right_wheel_link_collision,none,0,0,0,0,0,0
1126.076,combined_rough_section::nino::base_footprint::base_footprint_fixed_joint_lump__base_link_collision,rough_approach_ground::ground::rough_collision,1,1,2.16803297537e-08,-3.032621631,3.71241818434,9.23158676127
1126.076,combined_rough_section::nino::base_footprint::base_footprint_fixed_joint_lump__laser_collision_1,none,0,0,0,0,0,0
1126.076,combined_rough_section::nino::caster_bracket_left_link::caster_bracket_left_link_collision,none,0,0,0,0,0,0
1126.076,combined_rough_section::nino::caster_left_wheel_link::caster_left_wheel_link_collision,rough_approach_ground::ground::rough_collision,1,1,1.1003452767e-09,-0.110519108411,0.0699327114121,0.390695045194
1126.076,combined_rough_section::nino::caster_bracket_right_link::caster_bracket_right_link_collision,none,0,0,0,0,0,0
1126.076,combined_rough_section::nino::caster_right_wheel_link::caster_right_wheel_link_collision,rough_approach_ground::ground::rough_collision,1,1,7.76125373206e-08,1.42077475446,1.74887532317,24.8996061763
1126.076,combined_rough_section::nino::left_wheel_link::left_wheel_link_collision,rough_approach_ground::ground::rough_collision,1,1,4.55529061277e-08,1.72236587593,-5.5312260087,20.3029856555
1126.076,combined_rough_section::nino::right_wheel_link::right_wheel_link_collision,none,0,0,0,0,0,0
1126.098,combined_rough_section::nino::base_footprint::base_footprint_fixed_joint_lump__base_link_collision,rough_approach_ground::ground::rough_collision,1,1,2.1680321427e-08,-3.03262764224,3.71241524323,9.23158476495
1126.098,combined_rough_section::nino::base_footprint::base_footprint_fixed_joint_lump__laser_collision_1,none,0,0,0,0,0,0
1126.098,combined_rough_section::nino::caster_bracket_left_link::caster_bracket_left_link_collision,none,0,0,0,0,0,0
1126.098,combined_rough_section::nino::caster_left_wheel_link::caster_left_wheel_link_collision,rough_approach_ground::ground::rough_collision,1,1,1.10032638209e-09,-0.110520221542,0.0699308414479,0.390689358569
1126.098,combined_rough_section::nino::caster_bracket_right_link::caster_bracket_right_link_collision,none,0,0,0,0,0,0
1126.098,combined_rough_section::nino::caster_right_wheel_link::caster_right_wheel_link_collision,rough_approach_ground::ground::rough_collision,1,1,7.76125204487e-08,1.42077474776,1.74887883771,24.8996100073
1126.098,combined_rough_section::nino::left_wheel_link::left_wheel_link_collision,rough_approach_ground::ground::rough_collision,1,1,4.55529166332e-08,1.72237311649,-5.53122570443,20.3029887339
1126.098,combined_rough_section::nino::right_wheel_link::right_wheel_link_collision,none,0,0,0,0,0,0
1126.12,combined_rough_section::nino::base_footprint::base_footprint_fixed_joint_lump__base_link_collision,rough_approach_ground::ground::rough_collision,1,1,2.16803150987e-08,-3.03263213929,3.71241303144,9.2315832721
1126.12,combined_rough_section::nino::base_footprint::base_footprint_fixed_joint_lump__laser_collision_1,none,0,0,0,0,0,0
1126.12,combined_rough_section::nino::caster_bracket_left_link::caster_bracket_left_link_collision,none,0,0,0,0,0,0
1126.12,combined_rough_section::nino::caster_left_wheel_link::caster_left_wheel_link_collision,rough_approach_ground::ground::rough_collision,1,1,1.1003090522e-09,-0.110521231913,0.0699291439715,0.390684196402
1126.12,combined_rough_section::nino::caster_bracket_right_link::caster_bracket_right_link_collision,none,0,0,0,0,0,0
1126.12,combined_rough_section::nino::caster_right_wheel_link::caster_right_wheel_link_collision,rough_approach_ground::ground::rough_collision,1,1,7.76124978695e-08,1.42077474045,1.74888352554,24.8996151541
1126.12,combined_rough_section::nino::left_wheel_link::left_wheel_link_collision,rough_approach_ground::ground::rough_collision,1,1,4.55529253207e-08,1.72237912085,-5.53122544995,20.3029912783
1126.12,combined_rough_section::nino::right_wheel_link::right_wheel_link_collision,none,0,0,0,0,0,0
1126.14,combined_rough_section::nino::base_footprint::base_footprint_fixed_joint_lump__base_link_collision,rough_approach_ground::ground::rough_collision,1,1,2.16803075492e-08,-3.03263764728,3.71241033411,9.23158144314
1126.14,combined_rough_section::nino::base_footprint::base_footprint_fixed_joint_lump__laser_collision_1,none,0,0,0,0,0,0
1126.14,combined_rough_section::nino::caster_bracket_left_link::caster_bracket_left_link_collision,none,0,0,0,0,0,0
1126.14,combined_rough_section::nino::caster_left_wheel_link::caster_left_wheel_link_collision,rough_approach_ground::ground::rough_collision,1,1,1.10029005004e-09,-0.110522357435,0.0699272558267,0.390678456224
1126.14,combined_rough_section::nino::caster_bracket_right_link::caster_bracket_right_link_collision,none,0,0,0,0,0,0
1126.14,combined_rough_section::nino::caster_right_wheel_link::caster_right_wheel_link_collision,rough_approach_ground::ground::rough_collision,1,1,7.76124809108e-08,1.42077473428,1.74888704066,24.8996189977
1126.14,combined_rough_section::nino::left_wheel_link::left_wheel_link_collision,rough_approach_ground::ground::rough_collision,1,1,4.55529341054e-08,1.72238516588,-5.53122519677,20.3029938517
1126.14,combined_rough_section::nino::right_wheel_link::right_wheel_link_collision,none,0,0,0,0,0,0
1126.162,combined_rough_section::nino::base_footprint::base_footprint_fixed_joint_lump__base_link_collision,rough_approach_ground::ground::rough_collision,1,1,2.16803001107e-08,-3.03264316835,3.71240764418,9.23157960862
1126.162,combined_rough_section::nino::base_footprint::base_footprint_fixed_joint_lump__laser_collision_1,none,0,0,0,0,0,0
1126.162,combined_rough_section::nino::caster_bracket_left_link::caster_bracket_left_link_collision,none,0,0,0,0,0,0
1126.162,combined_rough_section::nino::caster_left_wheel_link::caster_left_wheel_link_collision,rough_approach_ground::ground::rough_collision,1,1,1.10027107217e-09,-0.110523474228,0.0699253807832,0.390672754871
1126.162,combined_rough_section::nino::caster_bracket_right_link::caster_bracket_right_link_collision,none,0,0,0,0,0,0
1126.162,combined_rough_section::nino::caster_right_wheel_link::caster_right_wheel_link_collision,rough_approach_ground::ground::rough_collision,1,1,7.76124583039e-08,1.42077472912,1.74889173082,24.8996241954
1126.162,combined_rough_section::nino::left_wheel_link::left_wheel_link_collision,rough_approach_ground::ground::rough_collision,1,1,4.55529448468e-08,1.72239240032,-5.53122489258,20.3029969267
1126.162,combined_rough_section::nino::right_wheel_link::right_wheel_link_collision,none,0,0,0,0,0,0
1126.184,combined_rough_section::nino::base_footprint::base_footprint_fixed_joint_lump__base_link_collision,rough_approach_ground::ground::rough_collision,1,1,2.16802924502e-08,-3.0326486271,3.71240492075,9.23157779897
1126.184,combined_rough_section::nino::base_footprint::base_footprint_fixed_joint_lump__laser_collision_1,none,0,0,0,0,0,0
1126.184,combined_rough_section::nino::caster_bracket_left_link::caster_bracket_left_link_collision,none,0,0,0,0,0,0
1126.184,combined_rough_section::nino::caster_left_wheel_link::caster_left_wheel_link_collision,rough_approach_ground::ground::rough_collision,1,1,1.10025207348e-09,-0.110524584783,0.06992351459,0.390667079347
1126.184,combined_rough_section::nino::caster_bracket_right_link::caster_bracket_right_link_collision,none,0,0,0,0,0,0
1126.184,combined_rough_section::nino::caster_right_wheel_link::caster_right_wheel_link_collision,rough_approach_ground::ground::rough_collision,1,1,7.76124355513e-08,1.42077472036,1.74889641701,24.8996293071
1126.184,combined_rough_section::nino::left_wheel_link::left_wheel_link_collision,rough_approach_ground::ground::rough_collision,1,1,4.5552953562e-08,1.72239838585,-5.53122463752,20.3029994578
1126.184,combined_rough_section::nino::right_wheel_link::right_wheel_link_collision,none,0,0,0,0,0,0
1126.206,combined_rough_section::nino::base_footprint::base_footprint_fixed_joint_lump__base_link_collision,rough_approach_ground::ground::rough_collision,1,1,2.16802856778e-08,-3.03265365644,3.71240248057,9.23157612743
1126.206,combined_rough_section::nino::base_footprint::base_footprint_fixed_joint_lump__laser_collision_1,none,0,0,0,0,0,0
1126.206,combined_rough_section::nino::caster_bracket_left_link::caster_bracket_left_link_collision,none,0,0,0,0,0,0
1126.206,combined_rough_section::nino::caster_left_wheel_link::caster_left_wheel_link_collision,rough_approach_ground::ground::rough_collision,1,1,1.10023496216e-09,-0.110525607015,0.0699217995143,0.390661865183
1126.206,combined_rough_section::nino::caster_bracket_right_link::caster_bracket_right_link_collision,none,0,0,0,0,0,0
1126.206,combined_rough_section::nino::caster_right_wheel_link::caster_right_wheel_link_collision,rough_approach_ground::ground::rough_collision,1,1,7.76124187557e-08,1.42077471559,1.74889993362,24.8996331836
1126.206,combined_rough_section::nino::left_wheel_link::left_wheel_link_collision,rough_approach_ground::ground::rough_collision,1,1,4.55529639842e-08,1.7224056073,-5.5312243324,20.3030025217
1126.206,combined_rough_section::nino::right_wheel_link::right_wheel_link_collision,none,0,0,0,0,0,0
1126.226,combined_rough_section::nino::base_footprint::base_footprint_fixed_joint_lump__base_link_collision,rough_approach_ground::ground::rough_collision,1,1,2.16802779063e-08,-3.03265917629,3.71239979019,9.23157429323
1126.226,combined_rough_section::nino::base_footprint::base_footprint_fixed_joint_lump__laser_collision_1,none,0,0,0,0,0,0
1126.226,combined_rough_section::nino::caster_bracket_left_link::caster_bracket_left_link_collision,none,0,0,0,0,0,0
1126.226,combined_rough_section::nino::caster_left_wheel_link::caster_left_wheel_link_collision,rough_approach_ground::ground::rough_collision,1,1,1.1002176982e-09,-0.110526629335,0.0699200848448,0.390656652641
1126.226,combined_rough_section::nino::caster_bracket_right_link::caster_bracket_right_link_collision,none,0,0,0,0,0,0
1126.226,combined_rough_section::nino::caster_right_wheel_link::caster_right_wheel_link_collision,rough_approach_ground::ground::rough_collision,1,1,7.761239601e-08,1.42077470792,1.74890462098,24.8996383211
1126.226,combined_rough_section::nino::left_wheel_link::left_wheel_link_collision,rough_approach_ground::ground::rough_collision,1,1,4.55529728799e-08,1.72241166404,-5.53122408008,20.3030051051
1126.226,combined_rough_section::nino::right_wheel_link::right_wheel_link_collision,none,0,0,0,0,0,0
1126.248,combined_rough_section::nino::base_footprint::base_footprint_fixed_joint_lump__base_link_collision,rough_approach_ground::ground::rough_collision,1,1,2.16802705788e-08,-3.0326646876,3.71239709461,9.23157246304
1126.248,combined_rough_section::nino::base_footprint::base_footprint_fixed_joint_lump__laser_collision_1,none,0,0,0,0,0,0
1126.248,combined_rough_section::nino::caster_bracket_left_link::caster_bracket_left_link_collision,none,0,0,0,0,0,0
1126.248,combined_rough_section::nino::caster_left_wheel_link::caster_left_wheel_link_collision,rough_approach_ground::ground::rough_collision,1,1,1.10019697519e-09,-0.110527844232,0.069918044667,0.390650448907
1126.248,combined_rough_section::nino::caster_bracket_right_link::caster_bracket_right_link_collision,none,0,0,0,0,0,0
1126.248,combined_rough_section::nino::caster_right_wheel_link::caster_right_wheel_link_collision,rough_approach_ground::ground::rough_collision,1,1,7.76123791901e-08,1.42077470253,1.74890813689,24.8996421826
1126.248,combined_rough_section::nino::left_wheel_link::left_wheel_link_collision,rough_approach_ground::ground::rough_collision,1,1,4.55529817339e-08,1.7224177345,-5.53122382762,20.3030076963
1126.248,combined_rough_section::nino::right_wheel_link::right_wheel_link_collision,none,0,0,0,0,0,0
1126.27,combined_rough_section::nino::base_footprint::base_footprint_fixed_joint_lump__base_link_collision,rough_approach_ground::ground::rough_collision,1,1,2.16802635844e-08,-3.03266967583,3.71239463293,9.23157080735
1126.27,combined_rough_section::nino::base_footprint::base_footprint_fixed_joint_lump__laser_collision_1,none,0,0,0,0,0,0
1126.27,combined_rough_section::nino::caster_bracket_left_link::caster_bracket_left_link_collision,none,0,0,0,0,0,0
1126.27,combined_rough_section::nino::caster_left_wheel_link::caster_left_wheel_link_collision,rough_approach_ground::ground::rough_collision,1,1,1.10017958285e-09,-0.110528872004,0.0699163212945,0.39064521017
1126.27,combined_rough_section::nino::caster_bracket_right_link::caster_bracket_right_link_collision,none,0,0,0,0,0,0
1126.27,combined_rough_section::nino::caster_right_wheel_link::caster_right_wheel_link_collision,rough_approach_ground::ground::rough_collision,1,1,7.76123564444e-08,1.42077469718,1.74891282676,24.899647375
1126.27,combined_rough_section::nino::left_wheel_link::left_wheel_link_collision,rough_approach_ground::ground::rough_collision,1,1,4.55529920729e-08,1.72242494081,-5.53122352213,20.3030107498
1126.27,combined_rough_section::nino::right_wheel_link::right_wheel_link_collision,none,0,0,0,0,0,0
1126.292,combined_rough_section::nino::base_footprint::base_footprint_fixed_joint_lump__base_link_collision,rough_approach_ground::ground::rough_collision,1,1,2.16802562569e-08,-3.03267516577,3.7123919256,9.23156898597
1126.292,combined_rough_section::nino::base_footprint::base_footprint_fixed_joint_lump__laser_collision_1,none,0,0,0,0,0,0
1126.292,combined_rough_section::nino::caster_bracket_left_link::caster_bracket_left_link_collision,none,0,0,0,0,0,0
1126.292,combined_rough_section::nino::caster_left_wheel_link::caster_left_wheel_link_collision,rough_approach_ground::ground::rough_collision,1,1,1.10016233276e-09,-0.110529874108,0.0699146364545,0.390640085625
1126.292,combined_rough_section::nino::caster_bracket_right_link::caster_bracket_right_link_collision,none,0,0,0,0,0,0
1126.292,combined_rough_section::nino::caster_right_wheel_link::caster_right_wheel_link_collision,rough_approach_ground::ground::rough_collision,1,1,7.76123338965e-08,1.42077468667,1.74891751095,24.899652444
1126.292,combined_rough_section::nino::left_wheel_link::left_wheel_link_collision,rough_approach_ground::ground::rough_collision,1,1,4.55530010934e-08,1.72243097344,-5.53122326896,20.3030133158
1126.292,combined_rough_section::nino::right_wheel_link::right_wheel_link_collision,none,0,0,0,0,0,0
1126.314,combined_rough_section::nino::base_footprint::base_footprint_fixed_joint_lump__base_link_collision,rough_approach_ground::ground::rough_collision,1,1,2.168024682e-08,-3.03268168004,3.71238874131,9.2315668218
1126.314,combined_rough_section::nino::base_footprint::base_footprint_fixed_joint_lump__laser_collision_1,none,0,0,0,0,0,0
1126.314,combined_rough_section::nino::caster_bracket_left_link::caster_bracket_left_link_collision,none,0,0,0,0,0,0
1126.314,combined_rough_section::nino::caster_left_wheel_link::caster_left_wheel_link_collision,rough_approach_ground::ground::rough_collision,1,1,1.1001399132e-09,-0.110531198924,0.0699124127053,0.390633324325
1126.314,combined_rough_section::nino::caster_bracket_right_link::caster_bracket_right_link_collision,none,0,0,0,0,0,0
1126.314,combined_rough_section::nino::caster_right_wheel_link::caster_right_wheel_link_collision,rough_approach_ground::ground::rough_collision,1,1,7.76123168685e-08,1.42077468242,1.74892102807,24.8996563323
1126.314,combined_rough_section::nino::left_wheel_link::left_wheel_link_collision,rough_approach_ground::ground::rough_collision,1,1,4.55530114324e-08,1.72243819684,-5.53122296429,20.3030163825
1126.314,combined_rough_section::nino::right_wheel_link::right_wheel_link_collision,none,0,0,0,0,0,0
1126.336,combined_rough_section::nino::base_footprint::base_footprint_fixed_joint_lump__base_link_collision,rough_approach_ground::ground::rough_collision,1,1,2.16802402697e-08,-3.03268666358,3.712386276,9.2315651691
1126.336,combined_rough_section::nino::base_footprint::base_footprint_fixed_joint_lump__laser_collision_1,none,0,0,0,0,0,0
1126.336,combined_rough_section::nino::caster_bracket_left_link::caster_bracket_left_link_collision,none,0,0,0,0,0,0
1126.336,combined_rough_section::nino::caster_left_wheel_link::caster_left_wheel_link_collision,rough_approach_ground::ground::rough_collision,1,1,1.10012464416e-09,-0.110532116292,0.0699108738446,0.390628646106
1126.336,combined_rough_section::nino::caster_bracket_right_link::caster_bracket_right_link_collision,none,0,0,0,0,0,0
1126.336,combined_rough_section::nino::caster_right_wheel_link::caster_right_wheel_link_collision,rough_approach_ground::ground::rough_collision,1,1,7.76122942685e-08,1.42077467515,1.74892571579,24.8996614784
1126.336,combined_rough_section::nino::left_wheel_link::left_wheel_link_collision,rough_approach_ground::ground::rough_collision,1,1,4.55530201754e-08,1.72244419664,-5.53122270922,20.3030189221
1126.336,combined_rough_section::nino::right_wheel_link::right_wheel_link_collision,none,0,0,0,0,0,0
1126.358,combined_rough_section::nino::base_footprint::base_footprint_fixed_joint_lump__base_link_collision,rough_approach_ground::ground::rough_collision,1,1,2.16802324982e-08,-3.03269218323,3.71238358542,9.23156333515
1126.358,combined_rough_section::nino::base_footprint::base_footprint_fixed_joint_lump__laser_collision_1,none,0,0,0,0,0,0
1126.358,combined_rough_section::nino::caster_bracket_left_link::caster_bracket_left_link_collision,none,0,0,0,0,0,0
1126.358,combined_rough_section::nino::caster_left_wheel_link::caster_left_wheel_link_collision,rough_approach_ground::ground::rough_collision,1,1,1.10010366094e-09,-0.110533332227,0.0699088318032,0.39062243661
1126.358,combined_rough_section::nino::caster_bracket_right_link::caster_bracket_right_link_collision,none,0,0,0,0,0,0
1126.358,combined_rough_section::nino::caster_right_wheel_link::caster_right_wheel_link_collision,rough_approach_ground::ground::rough_collision,1,1,7.76122716234e-08,1.42077466672,1.74893040222,24.8996665967
1126.358,combined_rough_section::nino::left_wheel_link::left_wheel_link_collision,rough_approach_ground::ground::rough_collision,1,1,4.55530306254e-08,1.72245139048,-5.53122240352,20.3030219674
1126.358,combined_rough_section::nino::right_wheel_link::right_wheel_link_collision,none,0,0,0,0,0,0
1126.38,combined_rough_section::nino::base_footprint::base_footprint_fixed_joint_lump__base_link_collision,rough_approach_ground::ground::rough_collision,1,1,2.16802248376e-08,-3.03269767091,3.7123808779,9.2315615137
1126.38,combined_rough_section::nino::base_footprint::base_footprint_fixed_joint_lump__laser_collision_1,none,0,0,0,0,0,0
1126.38,combined_rough_section::nino::caster_bracket_left_link::caster_bracket_left_link_collision,none,0,0,0,0,0,0
1126.38,combined_rough_section::nino::caster_left_wheel_link::caster_left_wheel_link_collision,rough_approach_ground::ground::rough_collision,1,1,1.10008457205e-09,-0.1105344442,0.0699069633998,0.390616754472
1126.38,combined_rough_section::nino::caster_bracket_right_link::caster_bracket_right_link_collision,none,0,0,0,0,0,0
1126.38,combined_rough_section::nino::caster_right_wheel_link::caster_right_wheel_link_collision,rough_approach_ground::ground::rough_collision,1,1,7.76122547237e-08,1.42077466188,1.74893391867,24.8996704707
1126.38,combined_rough_section::nino::left_wheel_link::left_wheel_link_collision,rough_approach_ground::ground::rough_collision,1,1,4.55530393961e-08,1.72245745307,-5.53122215134,20.3030245549
1126.38,combined_rough_section::nino::right_wheel_link::right_wheel_link_collision,none,0,0,0,0,0,0
1126.402,combined_rough_section::nino::base_footprint::base_footprint_fixed_joint_lump__base_link_collision,rough_approach_ground::ground::rough_collision,1,1,2.1680216622e-08,-3.03270370391,3.71237794876,9.2315595086
1126.402,combined_rough_section::nino::base_footprint::base_footprint_fixed_joint_lump__laser_collision_1,none,0,0,0,0,0,0
1126.402,combined_rough_section::nino::caster_bracket_left_link::caster_bracket_left_link_collision,none,0,0,0,0,0,0
1126.402,combined_rough_section::nino::caster_left_wheel_link::caster_left_wheel_link_collision,rough_approach_ground::ground::rough_collision,1,1,1.10006579193e-09,-0.110535559603,0.0699050903553,0.390611058975
1126.402,combined_rough_section::nino::caster_bracket_right_link::caster_bracket_right_link_collision,none,0,0,0,0,0,0
1126.402,combined_rough_section::nino::caster_right_wheel_link::caster_right_wheel_link_collision,rough_approach_ground::ground::rough_collision,1,1,7.7612232148e-08,1.42077465506,1.74893860683,24.8996756269
1126.402,combined_rough_section::nino::left_wheel_link::left_wheel_link_collision,rough_approach_ground::ground::rough_collision,1,1,4.55530500265e-08,1.72246472254,-5.53122184809,20.3030276542
1126.402,combined_rough_section::nino::right_wheel_link::right_wheel_link_collision,none,0,0,0,0,0,0
1126.424,combined_rough_section::nino::base_footprint::base_footprint_fixed_joint_lump__base_link_collision,rough_approach_ground::ground::rough_collision,1,1,2.16802090724e-08,-3.03270919406,3.71237524202,9.23155768673
1126.424,combined_rough_section::nino::base_footprint::base_footprint_fixed_joint_lump__laser_collision_1,none,0,0,0,0,0,0
1126.424,combined_rough_section::nino::caster_bracket_left_link::caster_bracket_left_link_collision,none,0,0,0,0,0,0
1126.424,combined_rough_section::nino::caster_left_wheel_link::caster_left_wheel_link_collision,rough_approach_ground::ground::rough_collision,1,1,1.10004531179e-09,-0.110536787867,0.0699030306136,0.390604797652
1126.424,combined_rough_section::nino::caster_bracket_right_link::caster_bracket_right_link_collision,none,0,0,0,0,0,0
1126.424,combined_rough_section::nino::caster_right_wheel_link::caster_right_wheel_link_collision,rough_approach_ground::ground::rough_collision,1,1,7.76122095654e-08,1.42077464885,1.74894329566,24.8996807977
1126.424,combined_rough_section::nino::left_wheel_link::left_wheel_link_collision,rough_approach_ground::ground::rough_collision,1,1,4.55530587695e-08,1.72247070816,-5.53122159295,20.3030301851
1126.424,combined_rough_section::nino::right_wheel_link::right_wheel_link_collision,none,0,0,0,0,0,0
1126.446,combined_rough_section::nino::base_footprint::base_footprint_fixed_joint_lump__base_link_collision,rough_approach_ground::ground::rough_collision,1,1,2.16802015229e-08,-3.03271467563,3.71237253084,9.23155586813
1126.446,combined_rough_section::nino::base_footprint::base_footprint_fixed_joint_lump__laser_collision_1,none,0,0,0,0,0,0
1126.446,combined_rough_section::nino::caster_bracket_left_link::caster_bracket_left_link_collision,none,0,0,0,0,0,0
1126.446,combined_rough_section::nino::caster_left_wheel_link::caster_left_wheel_link_collision,rough_approach_ground::ground::rough_collision,1,1,1.10002798884e-09,-0.110537788585,0.0699013472348,0.390599676955
1126.446,combined_rough_section::nino::caster_bracket_right_link::caster_bracket_right_link_collision,none,0,0,0,0,0,0
1126.446,combined_rough_section::nino::caster_right_wheel_link::caster_right_wheel_link_collision,rough_approach_ground::ground::rough_collision,1,1,7.76121925408e-08,1.42077464194,1.74894680978,24.8996846219
1126.446,combined_rough_section::nino::left_wheel_link::left_wheel_link_collision,rough_approach_ground::ground::rough_collision,1,1,4.55530693305e-08,1.72247793202,-5.53122128819,20.3030332517
1126.446,combined_rough_section::nino::right_wheel_link::right_wheel_link_collision,none,0,0,0,0,0,0
1126.468,combined_rough_section::nino::base_footprint::base_footprint_fixed_joint_lump__base_link_collision,rough_approach_ground::ground::rough_collision,1,1,2.16801939734e-08,-3.0327201825,3.71236983334,9.23155403937
1126.468,combined_rough_section::nino::base_footprint::base_footprint_fixed_joint_lump__laser_collision_1,none,0,0,0,0,0,0
1126.468,combined_rough_section::nino::caster_bracket_left_link::caster_bracket_left_link_collision,none,0,0,0,0,0,0
1126.468,combined_rough_section::nino::caster_left_wheel_link::caster_left_wheel_link_collision,rough_approach_ground::ground::rough_collision,1,1,1.1000074393e-09,-0.110539017044,0.069899286987,0.390593413966
1126.468,combined_rough_section::nino::caster_bracket_right_link::caster_bracket_right_link_collision,none,0,0,0,0,0,0
1126.468,combined_rough_section::nino::caster_right_wheel_link::caster_right_wheel_link_collision,rough_approach_ground::ground::rough_collision,1,1,7.76121700484e-08,1.42077463496,1.74895149773,24.8996897738
1126.468,combined_rough_section::nino::left_wheel_link::left_wheel_link_collision,rough_approach_ground::ground::rough_collision,1,1,4.55530781707e-08,1.72248394661,-5.53122103411,20.3030358036
1126.468,combined_rough_section::nino::right_wheel_link::right_wheel_link_collision,none,0,0,0,0,0,0
1126.49,combined_rough_section::nino::base_footprint::base_footprint_fixed_joint_lump__base_link_collision,rough_approach_ground::ground::rough_collision,1,1,2.16801864239e-08,-3.03272566915,3.71236712475,9.2315522189
1126.49,combined_rough_section::nino::base_footprint::base_footprint_fixed_joint_lump__laser_collision_1,none,0,0,0,0,0,0
1126.49,combined_rough_section::nino::caster_bracket_left_link::caster_bracket_left_link_collision,none,0,0,0,0,0,0
1126.49,combined_rough_section::nino::caster_left_wheel_link::caster_left_wheel_link_collision,rough_approach_ground::ground::rough_collision,1,1,1.09998839204e-09,-0.110540128915,0.0698974193508,0.390587734579
1126.49,combined_rough_section::nino::caster_bracket_right_link::caster_bracket_right_link_collision,none,0,0,0,0,0,0
1126.49,combined_rough_section::nino::caster_right_wheel_link::caster_right_wheel_link_collision,rough_approach_ground::ground::rough_collision,1,1,7.7612147497e-08,1.42077462755,1.74895618518,24.8996949154
1126.49,combined_rough_section::nino::left_wheel_link::left_wheel_link_collision,rough_approach_ground::ground::rough_collision,1,1,4.5553088579e-08,1.72249117045,-5.53122072927,20.30303887
1126.49,combined_rough_section::nino::right_wheel_link::right_wheel_link_collision,none,0,0,0,0,0,0
1126.512,combined_rough_section::nino::base_footprint::base_footprint_fixed_joint_lump__base_link_collision,rough_approach_ground::ground::rough_collision,1,1,2.16801794295e-08,-3.03273068542,3.71236467821,9.23155055208
1126.512,combined_rough_section::nino::base_footprint::base_footprint_fixed_joint_lump__laser_collision_1,none,0,0,0,0,0,0
1126.512,combined_rough_section::nino::caster_bracket_left_link::caster_bracket_left_link_collision,none,0,0,0,0,0,0
1126.512,combined_rough_section::nino::caster_left_wheel_link::caster_left_wheel_link_collision,rough_approach_ground::ground::rough_collision,1,1,1.09997110032e-09,-0.110541150059,0.0698957058849,0.390582525166
1126.512,combined_rough_section::nino::caster_bracket_right_link::caster_bracket_right_link_collision,none,0,0,0,0,0,0
1126.512,combined_rough_section::nino::caster_right_wheel_link::caster_right_wheel_link_collision,rough_approach_ground::ground::rough_collision,1,1,7.76121305557e-08,1.42077462117,1.74895969985,24.8996987517
1126.512,combined_rough_section::nino::left_wheel_link::left_wheel_link_collision,rough_approach_ground::ground::rough_collision,1,1,4.55530973636e-08,1.72249721324,-5.53122047633,20.3030414429
1126.512,combined_rough_section::nino::right_wheel_link::right_wheel_link_collision,none,0,0,0,0,0,0
1126.534,combined_rough_section::nino::base_footprint::base_footprint_fixed_joint_lump__base_link_collision,rough_approach_ground::ground::rough_collision,1,1,2.16801713249e-08,-3.03273667658,3.71236172634,9.23154856398
1126.534,combined_rough_section::nino::base_footprint::base_footprint_fixed_joint_lump__laser_collision_1,none,0,0,0,0,0,0
1126.534,combined_rough_section::nino::caster_bracket_left_link::caster_bracket_left_link_collision,none,0,0,0,0,0,0
1126.534,combined_rough_section::nino::caster_left_wheel_link::caster_left_wheel_link_collision,rough_approach_ground::ground::rough_collision,1,1,1.09995212591e-09,-0.110542260408,0.0698938403323,0.390576851798
1126.534,combined_rough_section::nino::caster_bracket_right_link::caster_bracket_right_link_collision,none,0,0,0,0,0,0
1126.534,combined_rough_section::nino::caster_right_wheel_link::caster_right_wheel_link_collision,rough_approach_ground::ground::rough_collision,1,1,7.76121079002e-08,1.42077461469,1.74896438831,24.8997039153
1126.534,combined_rough_section::nino::left_wheel_link::left_wheel_link_collision,rough_approach_ground::ground::rough_collision,1,1,4.55531079108e-08,1.72250442729,-5.53122017106,20.3030445019
1126.534,combined_rough_section::nino::right_wheel_link::right_wheel_link_collision,none,0,0,0,0,0,0
1126.556,combined_rough_section::nino::base_footprint::base_footprint_fixed_joint_lump__base_link_collision,rough_approach_ground::ground::rough_collision,1,1,2.16801636643e-08,-3.0327421415,3.71235900678,9.23154675151
1126.556,combined_rough_section::nino::base_footprint::base_footprint_fixed_joint_lump__laser_collision_1,none,0,0,0,0,0,0
1126.556,combined_rough_section::nino::caster_bracket_left_link::caster_bracket_left_link_collision,none,0,0,0,0,0,0
1126.556,combined_rough_section::nino::caster_left_wheel_link::caster_left_wheel_link_collision,rough_approach_ground::ground::rough_collision,1,1,1.09993162842e-09,-0.110543468749,0.0698918092791,0.390570674545
1126.556,combined_rough_section::nino::caster_bracket_right_link::caster_bracket_right_link_collision,none,0,0,0,0,0,0
1126.556,combined_rough_section::nino::caster_right_wheel_link::caster_right_wheel_link_collision,rough_approach_ground::ground::rough_collision,1,1,7.76120853661e-08,1.42077460622,1.74896907454,24.8997090309
1126.556,combined_rough_section::nino::left_wheel_link::left_wheel_link_collision,rough_approach_ground::ground::rough_collision,1,1,4.55531166399e-08,1.72251040822,-5.531219916,20.3030470302
1126.556,combined_rough_section::nino::right_wheel_link::right_wheel_link_collision,none,0,0,0,0,0,0
1126.578,combined_rough_section::nino::base_footprint::base_footprint_fixed_joint_lump__base_link_collision,rough_approach_ground::ground::rough_collision,1,1,2.16801567809e-08,-3.03274716293,3.71235656232,9.23154508334
1126.578,combined_rough_section::nino::base_footprint::base_footprint_fixed_joint_lump__laser_collision_1,none,0,0,0,0,0,0
1126.578,combined_rough_section::nino::caster_bracket_left_link::caster_bracket_left_link_collision,none,0,0,0,0,0,0
1126.578,combined_rough_section::nino::caster_left_wheel_link::caster_left_wheel_link_collision,rough_approach_ground::ground::rough_collision,1,1,1.09991438527e-09,-0.110544492123,0.0698900932887,0.390565458291
1126.578,combined_rough_section::nino::caster_bracket_right_link::caster_bracket_right_link_collision,none,0,0,0,0,0,0
1126.578,combined_rough_section::nino::caster_right_wheel_link::caster_right_wheel_link_collision,rough_approach_ground::ground::rough_collision,1,1,7.76120683173e-08,1.42077460144,1.74897259094,24.8997129052
1126.578,combined_rough_section::nino::left_wheel_link::left_wheel_link_collision,rough_approach_ground::ground::rough_collision,1,1,4.55531270899e-08,1.72251765737,-5.53121961201,20.3030501147
1126.578,combined_rough_section::nino::right_wheel_link::right_wheel_link_collision,none,0,0,0,0,0,0
1126.6,combined_rough_section::nino::base_footprint::base_footprint_fixed_joint_lump__base_link_collision,rough_approach_ground::ground::rough_collision,1,1,2.16801491204e-08,-3.03275268277,3.71235387242,9.23154324886
1126.6,combined_rough_section::nino::base_footprint::base_footprint_fixed_joint_lump__laser_collision_1,none,0,0,0,0,0,0
1126.6,combined_rough_section::nino::caster_bracket_left_link::caster_bracket_left_link_collision,none,0,0,0,0,0,0
1126.6,combined_rough_section::nino::caster_left_wheel_link::caster_left_wheel_link_collision,rough_approach_ground::ground::rough_collision,1,1,1.0998935894e-09,-0.110545714617,0.0698880416121,0.390559220406
1126.6,combined_rough_section::nino::caster_bracket_right_link::caster_bracket_right_link_collision,none,0,0,0,0,0,0
1126.6,combined_rough_section::nino::caster_right_wheel_link::caster_right_wheel_link_collision,rough_approach_ground::ground::rough_collision,1,1,7.76120457797e-08,1.42077459524,1.74897727966,24.8997180749
1126.6,combined_rough_section::nino::left_wheel_link::left_wheel_link_collision,rough_approach_ground::ground::rough_collision,1,1,4.55531360549e-08,1.72252370351,-5.53121935938,20.3030526907
1126.6,combined_rough_section::nino::right_wheel_link::right_wheel_link_collision,none,0,0,0,0,0,0
1126.622,combined_rough_section::nino::base_footprint::base_footprint_fixed_joint_lump__base_link_collision,rough_approach_ground::ground::rough_collision,1,1,2.1680142348e-08,-3.03275769827,3.71235142481,9.23154158302
1126.622,combined_rough_section::nino::base_footprint::base_footprint_fixed_joint_lump__laser_collision_1,none,0,0,0,0,0,0
1126.622,combined_rough_section::nino::caster_bracket_left_link::caster_bracket_left_link_collision,none,0,0,0,0,0,0
1126.622,combined_rough_section::nino::caster_left_wheel_link::caster_left_wheel_link_collision,rough_approach_ground::ground::rough_collision,1,1,1.09987799771e-09,-0.110546637227,0.0698864945356,0.390554517568
1126.622,combined_rough_section::nino::caster_bracket_right_link::caster_bracket_right_link_collision,none,0,0,0,0,0,0
1126.622,combined_rough_section::nino::caster_right_wheel_link::caster_right_wheel_link_collision,rough_approach_ground::ground::rough_collision,1,1,7.76120230896e-08,1.42077458751,1.74898196667,24.8997232079
1126.622,combined_rough_section::nino::left_wheel_link::left_wheel_link_collision,rough_approach_ground::ground::rough_collision,1,1,4.55531464078e-08,1.72253091719,-5.53121905391,20.3030557488
1126.622,combined_rough_section::nino::right_wheel_link::right_wheel_link_collision,none,0,0,0,0,0,0
1126.644,combined_rough_section::nino::base_footprint::base_footprint_fixed_joint_lump__base_link_collision,rough_approach_ground::ground::rough_collision,1,1,2.16801340214e-08,-3.03276366914,3.7123484628,9.23153960232
1126.644,combined_rough_section::nino::base_footprint::base_footprint_fixed_joint_lump__laser_collision_1,none,0,0,0,0,0,0
1126.644,combined_rough_section::nino::caster_bracket_left_link::caster_bracket_left_link_collision,none,0,0,0,0,0,0
1126.644,combined_rough_section::nino::caster_left_wheel_link::caster_left_wheel_link_collision,rough_approach_ground::ground::rough_collision,1,1,1.09985745164e-09,-0.110547844598,0.0698844647662,0.390548343985
1126.644,combined_rough_section::nino::caster_bracket_right_link::caster_bracket_right_link_collision,none,0,0,0,0,0,0
1126.644,combined_rough_section::nino::caster_right_wheel_link::caster_right_wheel_link_collision,rough_approach_ground::ground::rough_collision,1,1,7.76120061344e-08,1.42077458151,1.74898548168,24.8997270524
1126.644,combined_rough_section::nino::left_wheel_link::left_wheel_link_collision,rough_approach_ground::ground::rough_collision,1,1,4.55531552895e-08,1.72253693239,-5.53121880026,20.3030583026
1126.644,combined_rough_section::nino::right_wheel_link::right_wheel_link_collision,none,0,0,0,0,0,0
1126.666,combined_rough_section::nino::base_footprint::base_footprint_fixed_joint_lump__base_link_collision,rough_approach_ground::ground::rough_collision,1,1,2.1680127138e-08,-3.0327686862,3.71234601621,9.23153793572
1126.666,combined_rough_section::nino::base_footprint::base_footprint_fixed_joint_lump__laser_collision_1,none,0,0,0,0,0,0
1126.666,combined_rough_section::nino::caster_bracket_left_link::caster_bracket_left_link_collision,none,0,0,0,0,0,0
1126.666,combined_rough_section::nino::caster_left_wheel_link::caster_left_wheel_link_collision,rough_approach_ground::ground::rough_collision,1,1,1.09983683272e-09,-0.110549062549,0.0698824202378,0.390542127538
1126.666,combined_rough_section::nino::caster_bracket_right_link::caster_bracket_right_link_collision,none,0,0,0,0,0,0
1126.666,combined_rough_section::nino::caster_right_wheel_link::caster_right_wheel_link_collision,rough_approach_ground::ground::rough_collision,1,1,7.76119835171e-08,1.42077457362,1.74899016848,24.8997321813
1126.666,combined_rough_section::nino::left_wheel_link::left_wheel_link_collision,rough_approach_ground::ground::rough_collision,1,1,4.55531656007e-08,1.72254415628,-5.53121849534,20.3030613687
1126.666,combined_rough_section::nino::right_wheel_link::right_wheel_link_collision,none,0,0,0,0,0,0
1126.688,combined_rough_section::nino::base_footprint::base_footprint_fixed_joint_lump__base_link_collision,rough_approach_ground::ground::rough_collision,1,1,2.16801193664e-08,-3.03277421496,3.71234333126,9.23153609757
1126.688,combined_rough_section::nino::base_footprint::base_footprint_fixed_joint_lump__laser_collision_1,none,0,0,0,0,0,0
1126.688,combined_rough_section::nino::caster_bracket_left_link::caster_bracket_left_link_collision,none,0,0,0,0,0,0
1126.688,combined_rough_section::nino::caster_left_wheel_link::caster_left_wheel_link_collision,rough_approach_ground::ground::rough_collision,1,1,1.09981941263e-09,-0.110550081829,0.0698807092619,0.390536925265
1126.688,combined_rough_section::nino::caster_bracket_right_link::caster_bracket_right_link_collision,none,0,0,0,0,0,0
1126.688,combined_rough_section::nino::caster_right_wheel_link::caster_right_wheel_link_collision,rough_approach_ground::ground::rough_collision,1,1,7.76119609656e-08,1.42077456829,1.74899485808,24.899737371
1126.688,combined_rough_section::nino::left_wheel_link::left_wheel_link_collision,rough_approach_ground::ground::rough_collision,1,1,4.55531745797e-08,1.72255019252,-5.53121824237,20.3030639376
1126.688,combined_rough_section::nino::right_wheel_link::right_wheel_link_collision,none,0,0,0,0,0,0
1126.71,combined_rough_section::nino::base_footprint::base_footprint_fixed_joint_lump__base_link_collision,rough_approach_ground::ground::rough_collision,1,1,2.16801105957e-08,-3.03278068009,3.71234012012,9.23153395368
1126.71,combined_rough_section::nino::base_footprint::base_footprint_fixed_joint_lump__laser_collision_1,none,0,0,0,0,0,0
1126.71,combined_rough_section::nino::caster_bracket_left_link::caster_bracket_left_link_collision,none,0,0,0,0,0,0
1126.71,combined_rough_section::nino::caster_left_wheel_link::caster_left_wheel_link_collision,rough_approach_ground::ground::rough_collision,1,1,1.09980051108e-09,-0.110551195095,0.069878839775,0.390531240582
1126.71,combined_rough_section::nino::caster_bracket_right_link::caster_bracket_right_link_collision,none,0,0,0,0,0,0
1126.71,combined_rough_section::nino::caster_right_wheel_link::caster_right_wheel_link_collision,rough_approach_ground::ground::rough_collision,1,1,7.76119439688e-08,1.42077456163,1.74899837235,24.8997411996
1126.71,combined_rough_section::nino::left_wheel_link::left_wheel_link_collision,rough_approach_ground::ground::rough_collision,1,1,4.55531850713e-08,1.72255741942,-5.53121793778,20.3030670067
1126.71,combined_rough_section::nino::right_wheel_link::right_wheel_link_collision,none,0,0,0,0,0,0
1126.732,combined_rough_section::nino::base_footprint::base_footprint_fixed_joint_lump__base_link_collision,rough_approach_ground::ground::rough_collision,1,1,2.16801043784e-08,-3.03278520087,3.71233792133,9.23153245138
1126.732,combined_rough_section::nino::base_footprint::base_footprint_fixed_joint_lump__laser_collision_1,none,0,0,0,0,0,0
1126.732,combined_rough_section::nino::caster_bracket_left_link::caster_bracket_left_link_collision,none,0,0,0,0,0,0
1126.732,combined_rough_section::nino::caster_left_wheel_link::caster_left_wheel_link_collision,rough_approach_ground::ground::rough_collision,1,1,1.09978316037e-09,-0.110552222048,0.0698771179242,0.39052600658
1126.732,combined_rough_section::nino::caster_bracket_right_link::caster_bracket_right_link_collision,none,0,0,0,0,0,0
1126.732,combined_rough_section::nino::caster_right_wheel_link::caster_right_wheel_link_collision,rough_approach_ground::ground::rough_collision,1,1,7.76119214174e-08,1.42077455496,1.74900306044,24.899746357
1126.732,combined_rough_section::nino::left_wheel_link::left_wheel_link_collision,rough_approach_ground::ground::rough_collision,1,1,4.55531937865e-08,1.72256343664,-5.53121768376,20.3030695604
1126.732,combined_rough_section::nino::right_wheel_link::right_wheel_link_collision,none,0,0,0,0,0,0
1126.754,combined_rough_section::nino::base_footprint::base_footprint_fixed_joint_lump__base_link_collision,rough_approach_ground::ground::rough_collision,1,1,2.16800960517e-08,-3.03279118021,3.71233496372,9.23153046751
1126.754,combined_rough_section::nino::base_footprint::base_footprint_fixed_joint_lump__laser_collision_1,none,0,0,0,0,0,0
1126.754,combined_rough_section::nino::caster_bracket_left_link::caster_bracket_left_link_collision,none,0,0,0,0,0,0
1126.754,combined_rough_section::nino::caster_left_wheel_link::caster_left_wheel_link_collision,rough_approach_ground::ground::rough_collision,1,1,1.09976261084e-09,-0.110553432698,0.0698750836255,0.390519819881
1126.754,combined_rough_section::nino::caster_bracket_right_link::caster_bracket_right_link_collision,none,0,0,0,0,0,0
1126.754,combined_rough_section::nino::caster_right_wheel_link::caster_right_wheel_link_collision,rough_approach_ground::ground::rough_collision,1,1,7.76118988521e-08,1.42077454813,1.74900774834,24.8997515104
1126.754,combined_rough_section::nino::left_wheel_link::left_wheel_link_collision,rough_approach_ground::ground::rough_collision,1,1,4.55532042781e-08,1.72257067508,-5.53121737958,20.3030726379
1126.754,combined_rough_section::nino::right_wheel_link::right_wheel_link_collision,none,0,0,0,0,0,0
1126.776,combined_rough_section::nino::base_footprint::base_footprint_fixed_joint_lump__base_link_collision,rough_approach_ground::ground::rough_collision,1,1,2.16800890573e-08,-3.03279619763,3.71233251785,9.23152880029
1126.776,combined_rough_section::nino::base_footprint::base_footprint_fixed_joint_lump__laser_collision_1,none,0,0,0,0,0,0
1126.776,combined_rough_section::nino::caster_bracket_left_link::caster_bracket_left_link_collision,none,0,0,0,0,0,0
1126.776,combined_rough_section::nino::caster_left_wheel_link::caster_left_wheel_link_collision,rough_approach_ground::ground::rough_collision,1,1,1.09974535034e-09,-0.110554454387,0.0698733695214,0.390514608717
1126.776,combined_rough_section::nino::caster_bracket_right_link::caster_bracket_right_link_collision,none,0,0,0,0,0,0
1126.776,combined_rough_section::nino::caster_right_wheel_link::caster_right_wheel_link_collision,rough_approach_ground::ground::rough_collision,1,1,7.76118819351e-08,1.42077454319,1.74901126446,24.8997553797
1126.776,combined_rough_section::nino::left_wheel_link::left_wheel_link_collision,rough_approach_ground::ground::rough_collision,1,1,4.55532132154e-08,1.72257671082,-5.53121712642,20.3030752058
1126.776,combined_rough_section::nino::right_wheel_link::right_wheel_link_collision,none,0,0,0,0,0,0
1126.798,combined_rough_section::nino::base_footprint::base_footprint_fixed_joint_lump__base_link_collision,rough_approach_ground::ground::rough_collision,1,1,2.16800803976e-08,-3.03280272312,3.71232933912,9.23152663241
1126.798,combined_rough_section::nino::base_footprint::base_footprint_fixed_joint_lump__laser_collision_1,none,0,0,0,0,0,0
1126.798,combined_rough_section::nino::caster_bracket_left_link::caster_bracket_left_link_collision,none,0,0,0,0,0,0
1126.798,combined_rough_section::nino::caster_left_wheel_link::caster_left_wheel_link_collision,rough_approach_ground::ground::rough_collision,1,1,1.09972285792e-09,-0.110555783917,0.0698711398946,0.39050783093
1126.798,combined_rough_section::nino::caster_bracket_right_link::caster_bracket_right_link_collision,none,0,0,0,0,0,0
1126.798,combined_rough_section::nino::caster_right_wheel_link::caster_right_wheel_link_collision,rough_approach_ground::ground::rough_collision,1,1,7.76118591547e-08,1.42077453523,1.74901595109,24.8997605058
1126.798,combined_rough_section::nino::left_wheel_link::left_wheel_link_collision,rough_approach_ground::ground::rough_collision,1,1,4.55532236932e-08,1.72258397053,-5.53121682271,20.3030782977
1126.798,combined_rough_section::nino::right_wheel_link::right_wheel_link_collision,none,0,0,0,0,0,0
1126.82,combined_rough_section::nino::base_footprint::base_footprint_fixed_joint_lump__base_link_collision,rough_approach_ground::ground::rough_collision,1,1,2.16800729591e-08,-3.03280818845,3.71232661976,9.23152481995
1126.82,combined_rough_section::nino::base_footprint::base_footprint_fixed_joint_lump__laser_collision_1,none,0,0,0,0,0,0
1126.82,combined_rough_section::nino::caster_bracket_left_link::caster_bracket_left_link_collision,none,0,0,0,0,0,0
1126.82,combined_rough_section::nino::caster_left_wheel_link::caster_left_wheel_link_collision,rough_approach_ground::ground::rough_collision,1,1,1.09970396331e-09,-0.110556887783,0.0698692835586,0.390502184472
1126.82,combined_rough_section::nino::caster_bracket_right_link::caster_bracket_right_link_collision,none,0,0,0,0,0,0
1126.82,combined_rough_section::nino::caster_right_wheel_link::caster_right_wheel_link_collision,rough_approach_ground::ground::rough_collision,1,1,7.76118365894e-08,1.42077452831,1.74902063885,24.8997656567
1126.82,combined_rough_section::nino::left_wheel_link::left_wheel_link_collision,rough_approach_ground::ground::rough_collision,1,1,4.555323245e-08,1.72258996336,-5.53121656781,20.3030808337
1126.82,combined_rough_section::nino::right_wheel_link::right_wheel_link_collision,none,0,0,0,0,0,0
1126.842,combined_rough_section::nino::base_footprint::base_footprint_fixed_joint_lump__base_link_collision,rough_approach_ground::ground::rough_collision,1,1,2.16800652986e-08,-3.03281369039,3.71232391995,9.23152299301
1126.842,combined_rough_section::nino::base_footprint::base_footprint_fixed_joint_lump__laser_collision_1,none,0,0,0,0,0,0
1126.842,combined_rough_section::nino::caster_bracket_left_link::caster_bracket_left_link_collision,none,0,0,0,0,0,0
1126.842,combined_rough_section::nino::caster_left_wheel_link::caster_left_wheel_link_collision,rough_approach_ground::ground::rough_collision,1,1,1.09968497849e-09,-0.110558005319,0.0698674074235,0.3904964799
1126.842,combined_rough_section::nino::caster_bracket_right_link::caster_bracket_right_link_collision,none,0,0,0,0,0,0
1126.842,combined_rough_section::nino::caster_right_wheel_link::caster_right_wheel_link_collision,rough_approach_ground::ground::rough_collision,1,1,7.76118195128e-08,1.42077452324,1.74902415479,24.8997695225
1126.842,combined_rough_section::nino::left_wheel_link::left_wheel_link_collision,rough_approach_ground::ground::rough_collision,1,1,4.55532430527e-08,1.72259717387,-5.53121626309,20.3030838925
1126.842,combined_rough_section::nino::right_wheel_link::right_wheel_link_collision,none,0,0,0,0,0,0
1126.864,combined_rough_section::nino::base_footprint::base_footprint_fixed_joint_lump__base_link_collision,rough_approach_ground::ground::rough_collision,1,1,2.16800584152e-08,-3.03281868877,3.7123214636,9.23152133368
1126.864,combined_rough_section::nino::base_footprint::base_footprint_fixed_joint_lump__laser_collision_1,none,0,0,0,0,0,0
1126.864,combined_rough_section::nino::caster_bracket_left_link::caster_bracket_left_link_collision,none,0,0,0,0,0,0
1126.864,combined_rough_section::nino::caster_left_wheel_link::caster_left_wheel_link_collision,rough_approach_ground::ground::rough_collision,1,1,1.09966604225e-09,-0.110559116204,0.0698655406098,0.390490802438
1126.864,combined_rough_section::nino::caster_bracket_right_link::caster_bracket_right_link_collision,none,0,0,0,0,0,0
1126.864,combined_rough_section::nino::caster_right_wheel_link::caster_right_wheel_link_collision,rough_approach_ground::ground::rough_collision,1,1,7.76117970377e-08,1.42077451569,1.74902884182,24.8997746579
1126.864,combined_rough_section::nino::left_wheel_link::left_wheel_link_collision,rough_approach_ground::ground::rough_collision,1,1,4.55532517818e-08,1.72260319309,-5.53121600915,20.3030864477
1126.864,combined_rough_section::nino::right_wheel_link::right_wheel_link_collision,none,0,0,0,0,0,0
1126.886,combined_rough_section::nino::base_footprint::base_footprint_fixed_joint_lump__base_link_collision,rough_approach_ground::ground::rough_collision,1,1,2.16800508657e-08,-3.03282421099,3.71231877463,9.23151949874
1126.886,combined_rough_section::nino::base_footprint::base_footprint_fixed_joint_lump__laser_collision_1,none,0,0,0,0,0,0
1126.886,combined_rough_section::nino::caster_bracket_left_link::caster_bracket_left_link_collision,none,0,0,0,0,0,0
1126.886,combined_rough_section::nino::caster_left_wheel_link::caster_left_wheel_link_collision,rough_approach_ground::ground::rough_collision,1,1,1.09964877135e-09,-0.110560145204,0.0698638166376,0.39048556289
1126.886,combined_rough_section::nino::caster_bracket_right_link::caster_bracket_right_link_collision,none,0,0,0,0,0,0
1126.886,combined_rough_section::nino::caster_right_wheel_link::caster_right_wheel_link_collision,rough_approach_ground::ground::rough_collision,1,1,7.76117744447e-08,1.42077450848,1.74903352922,24.8997798012
1126.886,combined_rough_section::nino::left_wheel_link::left_wheel_link_collision,rough_approach_ground::ground::rough_collision,1,1,4.55532623012e-08,1.72261041867,-5.5312157046,20.3030895162
1126.886,combined_rough_section::nino::right_wheel_link::right_wheel_link_collision,none,0,0,0,0,0,0
1126.908,combined_rough_section::nino::base_footprint::base_footprint_fixed_joint_lump__base_link_collision,rough_approach_ground::ground::rough_collision,1,1,2.1680042539e-08,-3.03283020053,3.71231582296,9.23151751043
1126.908,combined_rough_section::nino::base_footprint::base_footprint_fixed_joint_lump__laser_collision_1,none,0,0,0,0,0,0
1126.908,combined_rough_section::nino::caster_bracket_left_link::caster_bracket_left_link_collision,none,0,0,0,0,0,0
1126.908,combined_rough_section::nino::caster_left_wheel_link::caster_left_wheel_link_collision,rough_approach_ground::ground::rough_collision,1,1,1.09962995654e-09,-0.110561247182,0.0698619633199,0.39047992552
1126.908,combined_rough_section::nino::caster_bracket_right_link::caster_bracket_right_link_collision,none,0,0,0,0,0,0
1126.908,combined_rough_section::nino::caster_right_wheel_link::caster_right_wheel_link_collision,rough_approach_ground::ground::rough_collision,1,1,7.76117574861e-08,1.42077450278,1.74903704442,24.8997836516
1126.908,combined_rough_section::nino::left_wheel_link::left_wheel_link_collision,rough_approach_ground::ground::rough_collision,1,1,4.55532711136e-08,1.72261641633,-5.53121544997,20.3030920561
1126.908,combined_rough_section::nino::right_wheel_link::right_wheel_link_collision,none,0,0,0,0,0,0
1126.928,combined_rough_section::nino::base_footprint::base_footprint_fixed_joint_lump__base_link_collision,rough_approach_ground::ground::rough_collision,1,1,2.16800368769e-08,-3.0328342118,3.71231386515,9.23151617747
1126.928,combined_rough_section::nino::base_footprint::base_footprint_fixed_joint_lump__laser_collision_1,none,0,0,0,0,0,0
1126.928,combined_rough_section::nino::caster_bracket_left_link::caster_bracket_left_link_collision,none,0,0,0,0,0,0
1126.928,combined_rough_section::nino::caster_left_wheel_link::caster_left_wheel_link_collision,rough_approach_ground::ground::rough_collision,1,1,1.09961068029e-09,-0.110562378857,0.0698600659787,0.390474158119
1126.928,combined_rough_section::nino::caster_bracket_right_link::caster_bracket_right_link_collision,none,0,0,0,0,0,0
1126.928,combined_rough_section::nino::caster_right_wheel_link::caster_right_wheel_link_collision,rough_approach_ground::ground::rough_collision,1,1,7.76117347993e-08,1.4207744969,1.74904173325,24.8997888264
1126.928,combined_rough_section::nino::left_wheel_link::left_wheel_link_collision,rough_approach_ground::ground::rough_collision,1,1,4.55532799259e-08,1.72262246724,-5.53121519752,20.3030946356
1126.928,combined_rough_section::nino::right_wheel_link::right_wheel_link_collision,none,0,0,0,0,0,0
1126.95,combined_rough_section::nino::base_footprint::base_footprint_fixed_joint_lump__base_link_collision,rough_approach_ground::ground::rough_collision,1,1,2.16800281061e-08,-3.03284069998,3.71231066651,9.23151402442
1126.95,combined_rough_section::nino::base_footprint::base_footprint_fixed_joint_lump__laser_collision_1,none,0,0,0,0,0,0
1126.95,combined_rough_section::nino::caster_bracket_left_link::caster_bracket_left_link_collision,none,0,0,0,0,0,0
1126.95,combined_rough_section::nino::caster_left_wheel_link::caster_left_wheel_link_collision,rough_approach_ground::ground::rough_collision,1,1,1.09959192793e-09,-0.110563491566,0.0698581972221,0.390468475517
1126.95,combined_rough_section::nino::caster_bracket_right_link::caster_bracket_right_link_collision,none,0,0,0,0,0,0
1126.95,combined_rough_section::nino::caster_right_wheel_link::caster_right_wheel_link_collision,rough_approach_ground::ground::rough_collision,1,1,7.76117178962e-08,1.42077449092,1.74904524813,24.89979267
1126.95,combined_rough_section::nino::left_wheel_link::left_wheel_link_collision,rough_approach_ground::ground::rough_collision,1,1,4.55532904731e-08,1.72262970169,-5.53121489316,20.30309771
1126.95,combined_rough_section::nino::right_wheel_link::right_wheel_link_collision,none,0,0,0,0,0,0
1126.972,combined_rough_section::nino::base_footprint::base_footprint_fixed_joint_lump__base_link_collision,rough_approach_ground::ground::rough_collision,1,1,2.16800203345e-08,-3.03284621382,3.71230797343,9.23151219248
1126.972,combined_rough_section::nino::base_footprint::base_footprint_fixed_joint_lump__laser_collision_1,none,0,0,0,0,0,0
1126.972,combined_rough_section::nino::caster_bracket_left_link::caster_bracket_left_link_collision,none,0,0,0,0,0,0
1126.972,combined_rough_section::nino::caster_left_wheel_link::caster_left_wheel_link_collision,rough_approach_ground::ground::rough_collision,1,1,1.09957282168e-09,-0.11056461347,0.06985631451,0.390462751439
1126.972,combined_rough_section::nino::caster_bracket_right_link::caster_bracket_right_link_collision,none,0,0,0,0,0,0
1126.972,combined_rough_section::nino::caster_right_wheel_link::caster_right_wheel_link_collision,rough_approach_ground::ground::rough_collision,1,1,7.76116953205e-08,1.42077448355,1.74904993529,24.899797809
1126.972,combined_rough_section::nino::left_wheel_link::left_wheel_link_collision,rough_approach_ground::ground::rough_collision,1,1,4.55532991606e-08,1.72263571444,-5.53121463937,20.3031002619
1126.972,combined_rough_section::nino::right_wheel_link::right_wheel_link_collision,none,0,0,0,0,0,0
1126.994,combined_rough_section::nino::base_footprint::base_footprint_fixed_joint_lump__base_link_collision,rough_approach_ground::ground::rough_collision,1,1,2.16800135622e-08,-3.03285121898,3.71230552087,9.23151053036
1126.994,combined_rough_section::nino::base_footprint::base_footprint_fixed_joint_lump__laser_collision_1,none,0,0,0,0,0,0
1126.994,combined_rough_section::nino::caster_bracket_left_link::caster_bracket_left_link_collision,none,0,0,0,0,0,0
1126.994,combined_rough_section::nino::caster_left_wheel_link::caster_left_wheel_link_collision,rough_approach_ground::ground::rough_collision,1,1,1.09955382646e-09,-0.1105657345,0.0698544337856,0.390457033777
1126.994,combined_rough_section::nino::caster_bracket_right_link::caster_bracket_right_link_collision,none,0,0,0,0,0,0
1126.994,combined_rough_section::nino::caster_right_wheel_link::caster_right_wheel_link_collision,rough_approach_ground::ground::rough_collision,1,1,7.76116727726e-08,1.4207744777,1.7490546241,24.8998029841
1126.994,combined_rough_section::nino::left_wheel_link::left_wheel_link_collision,rough_approach_ground::ground::rough_collision,1,1,4.55533095967e-08,1.72264298124,-5.53121433582,20.3031033586
1126.994,combined_rough_section::nino::right_wheel_link::right_wheel_link_collision,none,0,0,0,0,0,0
1127.016,combined_rough_section::nino::base_footprint::base_footprint_fixed_joint_lump__base_link_collision,rough_approach_ground::ground::rough_collision,1,1,2.16800067898e-08,-3.03285619902,3.71230305485,9.23150887823
1127.016,combined_rough_section::nino::base_footprint::base_footprint_fixed_joint_lump__laser_collision_1,none,0,0,0,0,0,0
1127.016,combined_rough_section::nino::caster_bracket_left_link::caster_bracket_left_link_collision,none,0,0,0,0,0,0
1127.016,combined_rough_section::nino::caster_left_wheel_link::caster_left_wheel_link_collision,rough_approach_ground::ground::rough_collision,1,1,1.09953492144e-09,-0.110566834614,0.0698525826958,0.390451402564
1127.016,combined_rough_section::nino::caster_bracket_right_link::caster_bracket_right_link_collision,none,0,0,0,0,0,0
1127.016,combined_rough_section::nino::caster_right_wheel_link::caster_right_wheel_link_collision,rough_approach_ground::ground::rough_collision,1,1,7.76116557792e-08,1.42077447123,1.7490581384,24.8998068153
1127.016,combined_rough_section::nino::left_wheel_link::left_wheel_link_collision,rough_approach_ground::ground::rough_collision,1,1,4.55533186172e-08,1.72264898786,-5.53121408188,20.3031059063
1127.016,combined_rough_section::nino::right_wheel_link::right_wheel_link_collision,none,0,0,0,0,0,0
1127.038,combined_rough_section::nino::base_footprint::base_footprint_fixed_joint_lump__base_link_collision,rough_approach_ground::ground::rough_collision,1,1,2.16799991293e-08,-3.03286171691,3.71230036401,9.23150704463
1127.038,combined_rough_section::nino::base_footprint::base_footprint_fixed_joint_lump__laser_collision_1,none,0,0,0,0,0,0
1127.038,combined_rough_section::nino::caster_bracket_left_link::caster_bracket_left_link_collision,none,0,0,0,0,0,0
1127.038,combined_rough_section::nino::caster_left_wheel_link::caster_left_wheel_link_collision,rough_approach_ground::ground::rough_collision,1,1,1.09951759156e-09,-0.110567860573,0.0698508626066,0.390446173994
1127.038,combined_rough_section::nino::caster_bracket_right_link::caster_bracket_right_link_collision,none,0,0,0,0,0,0
1127.038,combined_rough_section::nino::caster_right_wheel_link::caster_right_wheel_link_collision,rough_approach_ground::ground::rough_collision,1,1,7.76116331029e-08,1.42077446448,1.7490628262,24.8998119686
1127.038,combined_rough_section::nino::left_wheel_link::left_wheel_link_collision,rough_approach_ground::ground::rough_collision,1,1,4.55533290256e-08,1.72265621321,-5.53121377745,20.303108975
1127.038,combined_rough_section::nino::right_wheel_link::right_wheel_link_collision,none,0,0,0,0,0,0
1127.06,combined_rough_section::nino::base_footprint::base_footprint_fixed_joint_lump__base_link_collision,rough_approach_ground::ground::rough_collision,1,1,2.16799916908e-08,-3.03286722101,3.7122976652,9.23150521711
1127.06,combined_rough_section::nino::base_footprint::base_footprint_fixed_joint_lump__laser_collision_1,none,0,0,0,0,0,0
1127.06,combined_rough_section::nino::caster_bracket_left_link::caster_bracket_left_link_collision,none,0,0,0,0,0,0
1127.06,combined_rough_section::nino::caster_left_wheel_link::caster_left_wheel_link_collision,rough_approach_ground::ground::rough_collision,1,1,1.09949688937e-09,-0.110569077155,0.0698488192542,0.390439960347
1127.06,combined_rough_section::nino::caster_bracket_right_link::caster_bracket_right_link_collision,none,0,0,0,0,0,0
1127.06,combined_rough_section::nino::caster_right_wheel_link::caster_right_wheel_link_collision,rough_approach_ground::ground::rough_collision,1,1,7.76116106348e-08,1.42077445715,1.74906751333,24.8998171078
1127.06,combined_rough_section::nino::left_wheel_link::left_wheel_link_collision,rough_approach_ground::ground::rough_collision,1,1,4.55533378935e-08,1.7226622479,-5.53121352399,20.3031115412
1127.06,combined_rough_section::nino::right_wheel_link::right_wheel_link_collision,none,0,0,0,0,0,0
1127.082,combined_rough_section::nino::base_footprint::base_footprint_fixed_joint_lump__base_link_collision,rough_approach_ground::ground::rough_collision,1,1,2.16799840302e-08,-3.0328727259,3.71229496752,9.23150338858
1127.082,combined_rough_section::nino::base_footprint::base_footprint_fixed_joint_lump__laser_collision_1,none,0,0,0,0,0,0
1127.082,combined_rough_section::nino::caster_bracket_left_link::caster_bracket_left_link_collision,none,0,0,0,0,0,0
1127.082,combined_rough_section::nino::caster_left_wheel_link::caster_left_wheel_link_collision,rough_approach_ground::ground::rough_collision,1,1,1.09948143298e-09,-0.110569999221,0.0698472731853,0.390435260643
1127.082,combined_rough_section::nino::caster_bracket_right_link::caster_bracket_right_link_collision,none,0,0,0,0,0,0
1127.082,combined_rough_section::nino::caster_right_wheel_link::caster_right_wheel_link_collision,rough_approach_ground::ground::rough_collision,1,1,7.76115936935e-08,1.42077445275,1.74907102988,24.8998209883
1127.082,combined_rough_section::nino::left_wheel_link::left_wheel_link_collision,rough_approach_ground::ground::rough_collision,1,1,4.55533483296e-08,1.72266942356,-5.53121321784,20.3031145741
1127.082,combined_rough_section::nino::right_wheel_link::right_wheel_link_collision,none,0,0,0,0,0,0
1127.104,combined_rough_section::nino::base_footprint::base_footprint_fixed_joint_lump__base_link_collision,rough_approach_ground::ground::rough_collision,1,1,2.16799765917e-08,-3.03287821435,3.71229226043,9.23150156719
1127.104,combined_rough_section::nino::base_footprint::base_footprint_fixed_joint_lump__laser_collision_1,none,0,0,0,0,0,0
1127.104,combined_rough_section::nino::caster_bracket_left_link::caster_bracket_left_link_collision,none,0,0,0,0,0,0
1127.104,combined_rough_section::nino::caster_left_wheel_link::caster_left_wheel_link_collision,rough_approach_ground::ground::rough_collision,1,1,1.09946261817e-09,-0.110571111907,0.0698454043897,0.390429577868
1127.104,combined_rough_section::nino::caster_bracket_right_link::caster_bracket_right_link_collision,none,0,0,0,0,0,0
1127.104,combined_rough_section::nino::caster_right_wheel_link::caster_right_wheel_link_collision,rough_approach_ground::ground::rough_collision,1,1,7.76115711559e-08,1.420774445,1.74907571652,24.8998261172
1127.104,combined_rough_section::nino::left_wheel_link::left_wheel_link_collision,rough_approach_ground::ground::rough_collision,1,1,4.55533570726e-08,1.72267548055,-5.53121296503,20.303117156
1127.104,combined_rough_section::nino::right_wheel_link::right_wheel_link_collision,none,0,0,0,0,0,0
1127.126,combined_rough_section::nino::base_footprint::base_footprint_fixed_joint_lump__base_link_collision,rough_approach_ground::ground::rough_collision,1,1,2.16799674879e-08,-3.03288473109,3.7122890782,9.23149940182
1127.126,combined_rough_section::nino::base_footprint::base_footprint_fixed_joint_lump__laser_collision_1,none,0,0,0,0,0,0
1127.126,combined_rough_section::nino::caster_bracket_left_link::caster_bracket_left_link_collision,none,0,0,0,0,0,0
1127.126,combined_rough_section::nino::caster_left_wheel_link::caster_left_wheel_link_collision,rough_approach_ground::ground::rough_collision,1,1,1.09944167659e-09,-0.110572327804,0.0698433621648,0.39042336764
1127.126,combined_rough_section::nino::caster_bracket_right_link::caster_bracket_right_link_collision,none,0,0,0,0,0,0
1127.126,combined_rough_section::nino::caster_right_wheel_link::caster_right_wheel_link_collision,rough_approach_ground::ground::rough_collision,1,1,7.76115484588e-08,1.42077443872,1.74908040477,24.8998312809
1127.126,combined_rough_section::nino::left_wheel_link::left_wheel_link_collision,rough_approach_ground::ground::rough_collision,1,1,4.55533678001e-08,1.72268273023,-5.53121266199,20.3031202442
1127.126,combined_rough_section::nino::right_wheel_link::right_wheel_link_collision,none,0,0,0,0,0,0
1127.148,combined_rough_section::nino::base_footprint::base_footprint_fixed_joint_lump__base_link_collision,rough_approach_ground::ground::rough_collision,1,1,2.16799599384e-08,-3.03289025344,3.71228638947,9.23149756678
1127.148,combined_rough_section::nino::base_footprint::base_footprint_fixed_joint_lump__laser_collision_1,none,0,0,0,0,0,0
1127.148,combined_rough_section::nino::caster_bracket_left_link::caster_bracket_left_link_collision,none,0,0,0,0,0,0
1127.148,combined_rough_section::nino::caster_left_wheel_link::caster_left_wheel_link_collision,rough_approach_ground::ground::rough_collision,1,1,1.09942100562e-09,-0.110573563189,0.0698412918066,0.39041707491
1127.148,combined_rough_section::nino::caster_bracket_right_link::caster_bracket_right_link_collision,none,0,0,0,0,0,0
1127.148,combined_rough_section::nino::caster_right_wheel_link::caster_right_wheel_link_collision,rough_approach_ground::ground::rough_collision,1,1,7.76115315522e-08,1.42077443288,1.74908391969,24.8998351266
1127.148,combined_rough_section::nino::left_wheel_link::left_wheel_link_collision,rough_approach_ground::ground::rough_collision,1,1,4.55533765154e-08,1.72268871207,-5.5312124068,20.3031227726
1127.148,combined_rough_section::nino::right_wheel_link::right_wheel_link_collision,none,0,0,0,0,0,0
1127.17,combined_rough_section::nino::base_footprint::base_footprint_fixed_joint_lump__base_link_collision,rough_approach_ground::ground::rough_collision,1,1,2.16799523889e-08,-3.03289571078,3.71228366553,9.23149575797
1127.17,combined_rough_section::nino::base_footprint::base_footprint_fixed_joint_lump__laser_collision_1,none,0,0,0,0,0,0
1127.17,combined_rough_section::nino::caster_bracket_left_link::caster_bracket_left_link_collision,none,0,0,0,0,0,0
1127.17,combined_rough_section::nino::caster_left_wheel_link::caster_left_wheel_link_collision,rough_approach_ground::ground::rough_collision,1,1,1.09940212836e-09,-0.11057466441,0.0698394399316,0.390411442053
1127.17,combined_rough_section::nino::caster_bracket_right_link::caster_bracket_right_link_collision,none,0,0,0,0,0,0
1127.17,combined_rough_section::nino::caster_right_wheel_link::caster_right_wheel_link_collision,rough_approach_ground::ground::rough_collision,1,1,7.76115088828e-08,1.42077442432,1.7490886054,24.8998402356
1127.17,combined_rough_section::nino::left_wheel_link::left_wheel_link_collision,rough_approach_ground::ground::rough_collision,1,1,4.55533869514e-08,1.72269595036,-5.53121210259,20.3031258499
1127.17,combined_rough_section::nino::right_wheel_link::right_wheel_link_collision,none,0,0,0,0,0,0
1127.192,combined_rough_section::nino::base_footprint::base_footprint_fixed_joint_lump__base_link_collision,rough_approach_ground::ground::rough_collision,1,1,2.16799452835e-08,-3.03290073459,3.71228122355,9.23149408795
1127.192,combined_rough_section::nino::base_footprint::base_footprint_fixed_joint_lump__laser_collision_1,none,0,0,0,0,0,0
1127.192,combined_rough_section::nino::caster_bracket_left_link::caster_bracket_left_link_collision,none,0,0,0,0,0,0
1127.192,combined_rough_section::nino::caster_left_wheel_link::caster_left_wheel_link_collision,rough_approach_ground::ground::rough_collision,1,1,1.09938501705e-09,-0.110575688513,0.0698377221968,0.390406220123
1127.192,combined_rough_section::nino::caster_bracket_right_link::caster_bracket_right_link_collision,none,0,0,0,0,0,0
1127.192,combined_rough_section::nino::caster_right_wheel_link::caster_right_wheel_link_collision,rough_approach_ground::ground::rough_collision,1,1,7.76114862343e-08,1.42077441867,1.74909329429,24.899845414
1127.192,combined_rough_section::nino::left_wheel_link::left_wheel_link_collision,rough_approach_ground::ground::rough_collision,1,1,4.555339575e-08,1.72270200314,-5.53121185011,20.3031284304
1127.192,combined_rough_section::nino::right_wheel_link::right_wheel_link_collision,none,0,0,0,0,0,0
1127.214,combined_rough_section::nino::base_footprint::base_footprint_fixed_joint_lump__base_link_collision,rough_approach_ground::ground::rough_collision,1,1,2.1679937845e-08,-3.03290618402,3.71227849537,9.23149228229
1127.214,combined_rough_section::nino::base_footprint::base_footprint_fixed_joint_lump__laser_collision_1,none,0,0,0,0,0,0
1127.214,combined_rough_section::nino::caster_bracket_left_link::caster_bracket_left_link_collision,none,0,0,0,0,0,0
1127.214,combined_rough_section::nino::caster_left_wheel_link::caster_left_wheel_link_collision,rough_approach_ground::ground::rough_collision,1,1,1.09936421425e-09,-0.110576889137,0.0698357024245,0.390400076063
1127.214,combined_rough_section::nino::caster_bracket_right_link::caster_bracket_right_link_collision,none,0,0,0,0,0,0
1127.214,combined_rough_section::nino::caster_right_wheel_link::caster_right_wheel_link_collision,rough_approach_ground::ground::rough_collision,1,1,7.76114693207e-08,1.42077441208,1.74909680835,24.8998492414
1127.214,combined_rough_section::nino::left_wheel_link::left_wheel_link_collision,rough_approach_ground::ground::rough_collision,1,1,4.55534062138e-08,1.72270916511,-5.53121154368,20.3031314541
1127.214,combined_rough_section::nino::right_wheel_link::right_wheel_link_collision,none,0,0,0,0,0,0
1127.236,combined_rough_section::nino::base_footprint::base_footprint_fixed_joint_lump__base_link_collision,rough_approach_ground::ground::rough_collision,1,1,2.16799301844e-08,-3.03291173967,3.71227582516,9.23149043342
1127.236,combined_rough_section::nino::base_footprint::base_footprint_fixed_joint_lump__laser_collision_1,none,0,0,0,0,0,0
1127.236,combined_rough_section::nino::caster_bracket_left_link::caster_bracket_left_link_collision,none,0,0,0,0,0,0
1127.236,combined_rough_section::nino::caster_left_wheel_link::caster_left_wheel_link_collision,rough_approach_ground::ground::rough_collision,1,1,1.0993469815e-09,-0.110577924259,0.0698339690741,0.390394808576
1127.236,combined_rough_section::nino::caster_bracket_right_link::caster_bracket_right_link_collision,none,0,0,0,0,0,0
1127.236,combined_rough_section::nino::caster_right_wheel_link::caster_right_wheel_link_collision,rough_approach_ground::ground::rough_collision,1,1,7.76114468075e-08,1.42077440711,1.74910149796,24.8998544355
1127.236,combined_rough_section::nino::left_wheel_link::left_wheel_link_collision,rough_approach_ground::ground::rough_collision,1,1,4.55534150262e-08,1.72271525675,-5.53121129217,20.3031340614
1127.236,combined_rough_section::nino::right_wheel_link::right_wheel_link_collision,none,0,0,0,0,0,0
1127.258,combined_rough_section::nino::base_footprint::base_footprint_fixed_joint_lump__base_link_collision,rough_approach_ground::ground::rough_collision,1,1,2.16799220798e-08,-3.03291772499,3.7122728708,9.23148844742
1127.258,combined_rough_section::nino::base_footprint::base_footprint_fixed_joint_lump__laser_collision_1,none,0,0,0,0,0,0
1127.258,combined_rough_section::nino::caster_bracket_left_link::caster_bracket_left_link_collision,none,0,0,0,0,0,0
1127.258,combined_rough_section::nino::caster_left_wheel_link::caster_left_wheel_link_collision,rough_approach_ground::ground::rough_collision,1,1,1.09932622727e-09,-0.110579137456,0.0698319315377,0.390388612735
1127.258,combined_rough_section::nino::caster_bracket_right_link::caster_bracket_right_link_collision,none,0,0,0,0,0,0
1127.258,combined_rough_section::nino::caster_right_wheel_link::caster_right_wheel_link_collision,rough_approach_ground::ground::rough_collision,1,1,7.76114240722e-08,1.42077439937,1.7491061845,24.8998595634
1127.258,combined_rough_section::nino::left_wheel_link::left_wheel_link_collision,rough_approach_ground::ground::rough_collision,1,1,4.55534255039e-08,1.72272246301,-5.53121098681,20.3031371154
1127.258,combined_rough_section::nino::right_wheel_link::right_wheel_link_collision,none,0,0,0,0,0,0
1127.28,combined_rough_section::nino::base_footprint::base_footprint_fixed_joint_lump__base_link_collision,rough_approach_ground::ground::rough_collision,1,1,2.16799144193e-08,-3.03292322641,3.7122701717,9.23148661994
1127.28,combined_rough_section::nino::base_footprint::base_footprint_fixed_joint_lump__laser_collision_1,none,0,0,0,0,0,0
1127.28,combined_rough_section::nino::caster_bracket_left_link::caster_bracket_left_link_collision,none,0,0,0,0,0,0
1127.28,combined_rough_section::nino::caster_left_wheel_link::caster_left_wheel_link_collision,rough_approach_ground::ground::rough_collision,1,1,1.09930897371e-09,-0.110580152797,0.0698302263188,0.390383427399
1127.28,combined_rough_section::nino::caster_bracket_right_link::caster_bracket_right_link_collision,none,0,0,0,0,0,0
1127.28,combined_rough_section::nino::caster_right_wheel_link::caster_right_wheel_link_collision,rough_approach_ground::ground::rough_collision,1,1,7.7611407117e-08,1.42077439322,1.74910969901,24.899863401
1127.28,combined_rough_section::nino::left_wheel_link::left_wheel_link_collision,rough_approach_ground::ground::rough_collision,1,1,4.55534343996e-08,1.72272848469,-5.53121073352,20.3031396744
1127.28,combined_rough_section::nino::right_wheel_link::right_wheel_link_collision,none,0,0,0,0,0,0
1127.302,combined_rough_section::nino::base_footprint::base_footprint_fixed_joint_lump__base_link_collision,rough_approach_ground::ground::rough_collision,1,1,2.16799077579e-08,-3.03292822463,3.71226771564,9.23148496051
1127.302,combined_rough_section::nino::base_footprint::base_footprint_fixed_joint_lump__laser_collision_1,none,0,0,0,0,0,0
1127.302,combined_rough_section::nino::caster_bracket_left_link::caster_bracket_left_link_collision,none,0,0,0,0,0,0
1127.302,combined_rough_section::nino::caster_left_wheel_link::caster_left_wheel_link_collision,rough_approach_ground::ground::rough_collision,1,1,1.09928989175e-09,-0.110581269451,0.0698283515811,0.390377727026
1127.302,combined_rough_section::nino::caster_bracket_right_link::caster_bracket_right_link_collision,none,0,0,0,0,0,0
1127.302,combined_rough_section::nino::caster_right_wheel_link::caster_right_wheel_link_collision,rough_approach_ground::ground::rough_collision,1,1,7.76113843887e-08,1.42077438699,1.74911438719,24.8998685647
1127.302,combined_rough_section::nino::left_wheel_link::left_wheel_link_collision,rough_approach_ground::ground::rough_collision,1,1,4.55534450161e-08,1.72273569303,-5.53121042852,20.3031427309
1127.302,combined_rough_section::nino::right_wheel_link::right_wheel_link_collision,none,0,0,0,0,0,0
1127.324,combined_rough_section::nino::base_footprint::base_footprint_fixed_joint_lump__base_link_collision,rough_approach_ground::ground::rough_collision,1,1,2.16798995423e-08,-3.03293420923,3.71226476146,9.23148297427
1127.324,combined_rough_section::nino::base_footprint::base_footprint_fixed_joint_lump__laser_collision_1,none,0,0,0,0,0,0
1127.324,combined_rough_section::nino::caster_bracket_left_link::caster_bracket_left_link_collision,none,0,0,0,0,0,0
1127.324,combined_rough_section::nino::caster_left_wheel_link::caster_left_wheel_link_collision,rough_approach_ground::ground::rough_collision,1,1,1.09927110123e-09,-0.110582382367,0.0698264824171,0.39037204314
1127.324,combined_rough_section::nino::caster_bracket_right_link::caster_bracket_right_link_collision,none,0,0,0,0,0,0
1127.324,combined_rough_section::nino::caster_right_wheel_link::caster_right_wheel_link_collision,rough_approach_ground::ground::rough_collision,1,1,7.76113619413e-08,1.42077437926,1.74911907369,24.8998736923
1127.324,combined_rough_section::nino::left_wheel_link::left_wheel_link_collision,rough_approach_ground::ground::rough_collision,1,1,4.55534538563e-08,1.72274171587,-5.53121017475,20.303145289
1127.324,combined_rough_section::nino::right_wheel_link::right_wheel_link_collision,none,0,0,0,0,0,0
1127.346,combined_rough_section::nino::base_footprint::base_footprint_fixed_joint_lump__base_link_collision,rough_approach_ground::ground::rough_collision,1,1,2.16798919928e-08,-3.03293971482,3.71226206402,9.23148114574
1127.346,combined_rough_section::nino::base_footprint::base_footprint_fixed_joint_lump__laser_collision_1,none,0,0,0,0,0,0
1127.346,combined_rough_section::nino::caster_bracket_left_link::caster_bracket_left_link_collision,none,0,0,0,0,0,0
1127.346,combined_rough_section::nino::caster_left_wheel_link::caster_left_wheel_link_collision,rough_approach_ground::ground::rough_collision,1,1,1.09925041986e-09,-0.110583601217,0.0698244359588,0.39036582052
1127.346,combined_rough_section::nino::caster_bracket_right_link::caster_bracket_right_link_collision,none,0,0,0,0,0,0
1127.346,combined_rough_section::nino::caster_right_wheel_link::caster_right_wheel_link_collision,rough_approach_ground::ground::rough_collision,1,1,7.76113449688e-08,1.42077437506,1.74912259032,24.899877576
1127.346,combined_rough_section::nino::left_wheel_link::left_wheel_link_collision,rough_approach_ground::ground::rough_collision,1,1,4.55534644311e-08,1.72274894293,-5.53120987055,20.3031483595
1127.346,combined_rough_section::nino::right_wheel_link::right_wheel_link_collision,none,0,0,0,0,0,0
1127.368,combined_rough_section::nino::base_footprint::base_footprint_fixed_joint_lump__base_link_collision,rough_approach_ground::ground::rough_collision,1,1,2.16798843322e-08,-3.0329452445,3.71225937996,9.23147930718
1127.368,combined_rough_section::nino::base_footprint::base_footprint_fixed_joint_lump__laser_collision_1,none,0,0,0,0,0,0
1127.368,combined_rough_section::nino::caster_bracket_left_link::caster_bracket_left_link_collision,none,0,0,0,0,0,0
1127.368,combined_rough_section::nino::caster_left_wheel_link::caster_left_wheel_link_collision,rough_approach_ground::ground::rough_collision,1,1,1.09923143504e-09,-0.110584729042,0.0698225444693,0.390360070516
1127.368,combined_rough_section::nino::caster_bracket_right_link::caster_bracket_right_link_collision,none,0,0,0,0,0,0
1127.368,combined_rough_section::nino::caster_right_wheel_link::caster_right_wheel_link_collision,rough_approach_ground::ground::rough_collision,1,1,7.76113224209e-08,1.42077436727,1.74912727673,24.899882702
1127.368,combined_rough_section::nino::left_wheel_link::left_wheel_link_collision,rough_approach_ground::ground::rough_collision,1,1,4.55534731325e-08,1.72275496758,-5.53120961696,20.3031509193
1127.368,combined_rough_section::nino::right_wheel_link::right_wheel_link_collision,none,0,0,0,0,0,0
1127.39,combined_rough_section::nino::base_footprint::base_footprint_fixed_joint_lump__base_link_collision,rough_approach_ground::ground::rough_collision,1,1,2.16798768937e-08,-3.03295070228,3.7122566563,9.23147749826
1127.39,combined_rough_section::nino::base_footprint::base_footprint_fixed_joint_lump__laser_collision_1,none,0,0,0,0,0,0
1127.39,combined_rough_section::nino::caster_bracket_left_link::caster_bracket_left_link_collision,none,0,0,0,0,0,0
1127.39,combined_rough_section::nino::caster_left_wheel_link::caster_left_wheel_link_collision,rough_approach_ground::ground::rough_collision,1,1,1.09921592661e-09,-0.110585637997,0.0698210180502,0.39035542902
1127.39,combined_rough_section::nino::caster_bracket_right_link::caster_bracket_right_link_collision,none,0,0,0,0,0,0
1127.39,combined_rough_section::nino::caster_right_wheel_link::caster_right_wheel_link_collision,rough_approach_ground::ground::rough_collision,1,1,7.7611299866e-08,1.42077435957,1.74913196322,24.8998878298
1127.39,combined_rough_section::nino::left_wheel_link::left_wheel_link_collision,rough_approach_ground::ground::rough_collision,1,1,4.5553483749e-08,1.72276217318,-5.53120931185,20.3031539738
1127.39,combined_rough_section::nino::right_wheel_link::right_wheel_link_collision,none,0,0,0,0,0,0
1127.412,combined_rough_section::nino::base_footprint::base_footprint_fixed_joint_lump__base_link_collision,rough_approach_ground::ground::rough_collision,1,1,2.16798698993e-08,-3.03295569341,3.71225419684,9.2314758413
1127.412,combined_rough_section::nino::base_footprint::base_footprint_fixed_joint_lump__laser_collision_1,none,0,0,0,0,0,0
1127.412,combined_rough_section::nino::caster_bracket_left_link::caster_bracket_left_link_collision,none,0,0,0,0,0,0
1127.412,combined_rough_section::nino::caster_left_wheel_link::caster_left_wheel_link_collision,rough_approach_ground::ground::rough_collision,1,1,1.09919369093e-09,-0.110586953956,0.06981880727,0.390348705895
1127.412,combined_rough_section::nino::caster_bracket_right_link::caster_bracket_right_link_collision,none,0,0,0,0,0,0
1127.412,combined_rough_section::nino::caster_right_wheel_link::caster_right_wheel_link_collision,rough_approach_ground::ground::rough_collision,1,1,7.76112828206e-08,1.42077435606,1.74913548057,24.8998917296
1127.412,combined_rough_section::nino::left_wheel_link::left_wheel_link_collision,rough_approach_ground::ground::rough_collision,1,1,4.5553492492e-08,1.7227681826,-5.53120905794,20.3031565233
1127.412,combined_rough_section::nino::right_wheel_link::right_wheel_link_collision,none,0,0,0,0,0,0
1127.434,combined_rough_section::nino::base_footprint::base_footprint_fixed_joint_lump__base_link_collision,rough_approach_ground::ground::rough_collision,1,1,2.16798616837e-08,-3.03296172568,3.71225126826,9.23147383613
1127.434,combined_rough_section::nino::base_footprint::base_footprint_fixed_joint_lump__laser_collision_1,none,0,0,0,0,0,0
1127.434,combined_rough_section::nino::caster_bracket_left_link::caster_bracket_left_link_collision,none,0,0,0,0,0,0
1127.434,combined_rough_section::nino::caster_left_wheel_link::caster_left_wheel_link_collision,rough_approach_ground::ground::rough_collision,1,1,1.09917630553e-09,-0.11058797062,0.069817100803,0.390343517434
1127.434,combined_rough_section::nino::caster_bracket_right_link::caster_bracket_right_link_collision,none,0,0,0,0,0,0
1127.434,combined_rough_section::nino::caster_right_wheel_link::caster_right_wheel_link_collision,rough_approach_ground::ground::rough_collision,1,1,7.76112602657e-08,1.4207743482,1.74914016685,24.8998968534
1127.434,combined_rough_section::nino::left_wheel_link::left_wheel_link_collision,rough_approach_ground::ground::rough_collision,1,1,4.55535030669e-08,1.72277545103,-5.53120875491,20.3031596228
1127.434,combined_rough_section::nino::right_wheel_link::right_wheel_link_collision,none,0,0,0,0,0,0
1127.456,combined_rough_section::nino::base_footprint::base_footprint_fixed_joint_lump__base_link_collision,rough_approach_ground::ground::rough_collision,1,1,2.16798541341e-08,-3.03296721914,3.71224856448,9.23147201231
1127.456,combined_rough_section::nino::base_footprint::base_footprint_fixed_joint_lump__laser_collision_1,none,0,0,0,0,0,0
1127.456,combined_rough_section::nino::caster_bracket_left_link::caster_bracket_left_link_collision,none,0,0,0,0,0,0
1127.456,combined_rough_section::nino::caster_left_wheel_link::caster_left_wheel_link_collision,rough_approach_ground::ground::rough_collision,1,1,1.09915574559e-09,-0.110589187641,0.0698150573566,0.390337303947
1127.456,combined_rough_section::nino::caster_bracket_right_link::caster_bracket_right_link_collision,none,0,0,0,0,0,0
1127.456,combined_rough_section::nino::caster_right_wheel_link::caster_right_wheel_link_collision,rough_approach_ground::ground::rough_collision,1,1,7.76112377109e-08,1.420774341,1.74914485384,24.8999019926
1127.456,combined_rough_section::nino::left_wheel_link::left_wheel_link_collision,rough_approach_ground::ground::rough_collision,1,1,4.55535119903e-08,1.72278147021,-5.53120850126,20.3031621791
1127.456,combined_rough_section::nino::right_wheel_link::right_wheel_link_collision,none,0,0,0,0,0,0
1127.476,combined_rough_section::nino::base_footprint::base_footprint_fixed_joint_lump__base_link_collision,rough_approach_ground::ground::rough_collision,1,1,2.16798470287e-08,-3.03297220092,3.71224609999,9.23147035912
1127.476,combined_rough_section::nino::base_footprint::base_footprint_fixed_joint_lump__laser_collision_1,none,0,0,0,0,0,0
1127.476,combined_rough_section::nino::caster_bracket_left_link::caster_bracket_left_link_collision,none,0,0,0,0,0,0
1127.476,combined_rough_section::nino::caster_left_wheel_link::caster_left_wheel_link_collision,rough_approach_ground::ground::rough_collision,1,1,1.09914026145e-09,-0.11059010945,0.0698135119963,0.390332606594
1127.476,combined_rough_section::nino::caster_bracket_right_link::caster_bracket_right_link_collision,none,0,0,0,0,0,0
1127.476,combined_rough_section::nino::caster_right_wheel_link::caster_right_wheel_link_collision,rough_approach_ground::ground::rough_collision,1,1,7.7611220714e-08,1.42077433662,1.74914837021,24.8999058716
1127.476,combined_rough_section::nino::left_wheel_link::left_wheel_link_collision,rough_approach_ground::ground::rough_collision,1,1,4.55535204558e-08,1.72278751264,-5.53120824796,20.3031647505
1127.476,combined_rough_section::nino::right_wheel_link::right_wheel_link_collision,none,0,0,0,0,0,0
1127.498,combined_rough_section::nino::base_footprint::base_footprint_fixed_joint_lump__base_link_collision,rough_approach_ground::ground::rough_collision,1,1,2.16798402564e-08,-3.03297723949,3.71224366566,9.23146868364
1127.498,combined_rough_section::nino::base_footprint::base_footprint_fixed_joint_lump__laser_collision_1,none,0,0,0,0,0,0
1127.498,combined_rough_section::nino::caster_bracket_left_link::caster_bracket_left_link_collision,none,0,0,0,0,0,0
1127.498,combined_rough_section::nino::caster_left_wheel_link::caster_left_wheel_link_collision,rough_approach_ground::ground::rough_collision,1,1,1.09912115173e-09,-0.110591226133,0.0698116367729,0.390326904436
1127.498,combined_rough_section::nino::caster_bracket_right_link::caster_bracket_right_link_collision,none,0,0,0,0,0,0
1127.498,combined_rough_section::nino::caster_right_wheel_link::caster_right_wheel_link_collision,rough_approach_ground::ground::rough_collision,1,1,7.76111981453e-08,1.42077432899,1.7491530567,24.8999110002
1127.498,combined_rough_section::nino::left_wheel_link::left_wheel_link_collision,rough_approach_ground::ground::rough_collision,1,1,4.55535310723e-08,1.72279471868,-5.53120794311,20.3031678062
1127.498,combined_rough_section::nino::right_wheel_link::right_wheel_link_collision,none,0,0,0,0,0,0
1127.52,combined_rough_section::nino::base_footprint::base_footprint_fixed_joint_lump__base_link_collision,rough_approach_ground::ground::rough_collision,1,1,2.16798325958e-08,-3.03298271905,3.71224095462,9.2314668652
1127.52,combined_rough_section::nino::base_footprint::base_footprint_fixed_joint_lump__laser_collision_1,none,0,0,0,0,0,0
1127.52,combined_rough_section::nino::caster_bracket_left_link::caster_bracket_left_link_collision,none,0,0,0,0,0,0
1127.52,combined_rough_section::nino::caster_left_wheel_link::caster_left_wheel_link_collision,rough_approach_ground::ground::rough_collision,1,1,1.09910034199e-09,-0.110592433063,0.0698096076532,0.390320732766
1127.52,combined_rough_section::nino::caster_bracket_right_link::caster_bracket_right_link_collision,none,0,0,0,0,0,0
1127.52,combined_rough_section::nino::caster_right_wheel_link::caster_right_wheel_link_collision,rough_approach_ground::ground::rough_collision,1,1,7.76111811589e-08,1.42077432361,1.74915657193,24.8999148548
1127.52,combined_rough_section::nino::left_wheel_link::left_wheel_link_collision,rough_approach_ground::ground::rough_collision,1,1,4.55535398708e-08,1.72280073151,-5.53120768948,20.3031703587
1127.52,combined_rough_section::nino::right_wheel_link::right_wheel_link_collision,none,0,0,0,0,0,0
1127.542,combined_rough_section::nino::base_footprint::base_footprint_fixed_joint_lump__base_link_collision,rough_approach_ground::ground::rough_collision,1,1,2.16798258235e-08,-3.03298771891,3.71223849949,9.23146520517
1127.542,combined_rough_section::nino::base_footprint::base_footprint_fixed_joint_lump__laser_collision_1,none,0,0,0,0,0,0
1127.542,combined_rough_section::nino::caster_bracket_left_link::caster_bracket_left_link_collision,none,0,0,0,0,0,0
1127.542,combined_rough_section::nino::caster_left_wheel_link::caster_left_wheel_link_collision,rough_approach_ground::ground::rough_collision,1,1,1.09908322721e-09,-0.110593455426,0.0698078928335,0.39031551971
1127.542,combined_rough_section::nino::caster_bracket_right_link::caster_bracket_right_link_collision,none,0,0,0,0,0,0
1127.542,combined_rough_section::nino::caster_right_wheel_link::caster_right_wheel_link_collision,rough_approach_ground::ground::rough_collision,1,1,7.76111584895e-08,1.42077431685,1.74916125935,24.8999200039
1127.542,combined_rough_section::nino::left_wheel_link::left_wheel_link_collision,rough_approach_ground::ground::rough_collision,1,1,4.55535504873e-08,1.72280793644,-5.53120738475,20.3031734141
1127.542,combined_rough_section::nino::right_wheel_link::right_wheel_link_collision,none,0,0,0,0,0,0
1127.564,combined_rough_section::nino::base_footprint::base_footprint_fixed_joint_lump__base_link_collision,rough_approach_ground::ground::rough_collision,1,1,2.16798167196e-08,-3.03299422792,3.71223531327,9.23146304298
1127.564,combined_rough_section::nino::base_footprint::base_footprint_fixed_joint_lump__laser_collision_1,none,0,0,0,0,0,0
1127.564,combined_rough_section::nino::caster_bracket_left_link::caster_bracket_left_link_collision,none,0,0,0,0,0,0
1127.564,combined_rough_section::nino::caster_left_wheel_link::caster_left_wheel_link_collision,rough_approach_ground::ground::rough_collision,1,1,1.09906232726e-09,-0.110594674328,0.0698058466557,0.3903092982
1127.564,combined_rough_section::nino::caster_bracket_right_link::caster_bracket_right_link_collision,none,0,0,0,0,0,0
1127.564,combined_rough_section::nino::caster_right_wheel_link::caster_right_wheel_link_collision,rough_approach_ground::ground::rough_collision,1,1,7.76111359312e-08,1.4207743099,1.74916594654,24.8999251483
1127.564,combined_rough_section::nino::left_wheel_link::left_wheel_link_collision,rough_approach_ground::ground::rough_collision,1,1,4.5553559147e-08,1.72281400999,-5.53120713241,20.3031760077
1127.564,combined_rough_section::nino::right_wheel_link::right_wheel_link_collision,none,0,0,0,0,0,0
1127.586,combined_rough_section::nino::base_footprint::base_footprint_fixed_joint_lump__base_link_collision,rough_approach_ground::ground::rough_collision,1,1,2.16798091701e-08,-3.03299973466,3.71223261676,9.23146121381
1127.586,combined_rough_section::nino::base_footprint::base_footprint_fixed_joint_lump__laser_collision_1,none,0,0,0,0,0,0
1127.586,combined_rough_section::nino::caster_bracket_left_link::caster_bracket_left_link_collision,none,0,0,0,0,0,0
1127.586,combined_rough_section::nino::caster_left_wheel_link::caster_left_wheel_link_collision,rough_approach_ground::ground::rough_collision,1,1,1.0990452784e-09,-0.11059568691,0.0698041463666,0.390304128087
1127.586,combined_rough_section::nino::caster_bracket_right_link::caster_bracket_right_link_collision,none,0,0,0,0,0,0
1127.586,combined_rough_section::nino::caster_right_wheel_link::caster_right_wheel_link_collision,rough_approach_ground::ground::rough_collision,1,1,7.76111190315e-08,1.42077430352,1.74916946064,24.8999289787
1127.586,combined_rough_section::nino::left_wheel_link::left_wheel_link_collision,rough_approach_ground::ground::rough_collision,1,1,4.55535696109e-08,1.7228212246,-5.53120682782,20.3031790694
1127.586,combined_rough_section::nino::right_wheel_link::right_wheel_link_collision,none,0,0,0,0,0,0
1127.608,combined_rough_section::nino::base_footprint::base_footprint_fixed_joint_lump__base_link_collision,rough_approach_ground::ground::rough_collision,1,1,2.16798016206e-08,-3.03300520926,3.71222990249,9.23145939794
1127.608,combined_rough_section::nino::base_footprint::base_footprint_fixed_joint_lump__laser_collision_1,none,0,0,0,0,0,0
1127.608,combined_rough_section::nino::caster_bracket_left_link::caster_bracket_left_link_collision,none,0,0,0,0,0,0
1127.608,combined_rough_section::nino::caster_left_wheel_link::caster_left_wheel_link_collision,rough_approach_ground::ground::rough_collision,1,1,1.09902445478e-09,-0.110596901547,0.0698021062856,0.390297924407
1127.608,combined_rough_section::nino::caster_bracket_right_link::caster_bracket_right_link_collision,none,0,0,0,0,0,0
1127.608,combined_rough_section::nino::caster_right_wheel_link::caster_right_wheel_link_collision,rough_approach_ground::ground::rough_collision,1,1,7.76110964523e-08,1.42077429773,1.74917414908,24.8999341506
1127.608,combined_rough_section::nino::left_wheel_link::left_wheel_link_collision,rough_approach_ground::ground::rough_collision,1,1,4.55535784372e-08,1.72282723853,-5.53120657369,20.3031816208
1127.608,combined_rough_section::nino::right_wheel_link::right_wheel_link_collision,none,0,0,0,0,0,0
1127.63,combined_rough_section::nino::base_footprint::base_footprint_fixed_joint_lump__base_link_collision,rough_approach_ground::ground::rough_collision,1,1,2.16797948482e-08,-3.03301023873,3.71222746383,9.2314577256
1127.63,combined_rough_section::nino::base_footprint::base_footprint_fixed_joint_lump__laser_collision_1,none,0,0,0,0,0,0
1127.63,combined_rough_section::nino::caster_bracket_left_link::caster_bracket_left_link_collision,none,0,0,0,0,0,0
1127.63,combined_rough_section::nino::caster_left_wheel_link::caster_left_wheel_link_collision,rough_approach_ground::ground::rough_collision,1,1,1.09900715611e-09,-0.110597927889,0.0698003853829,0.390292693237
1127.63,combined_rough_section::nino::caster_bracket_right_link::caster_bracket_right_link_collision,none,0,0,0,0,0,0
1127.63,combined_rough_section::nino::caster_right_wheel_link::caster_right_wheel_link_collision,rough_approach_ground::ground::rough_collision,1,1,7.76110737725e-08,1.42077428999,1.74917883535,24.8999392757
1127.63,combined_rough_section::nino::left_wheel_link::left_wheel_link_collision,rough_approach_ground::ground::rough_collision,1,1,4.55535889426e-08,1.72283444009,-5.5312062687,20.3031846734
1127.63,combined_rough_section::nino::right_wheel_link::right_wheel_link_collision,none,0,0,0,0,0,0
1127.652,combined_rough_section::nino::base_footprint::base_footprint_fixed_joint_lump__base_link_collision,rough_approach_ground::ground::rough_collision,1,1,2.16797865216e-08,-3.03301622516,3.71222451127,9.2314557382
1127.652,combined_rough_section::nino::base_footprint::base_footprint_fixed_joint_lump__laser_collision_1,none,0,0,0,0,0,0
1127.652,combined_rough_section::nino::caster_bracket_left_link::caster_bracket_left_link_collision,none,0,0,0,0,0,0
1127.652,combined_rough_section::nino::caster_left_wheel_link::caster_left_wheel_link_collision,rough_approach_ground::ground::rough_collision,1,1,1.09898640188e-09,-0.11059914126,0.0697983467899,0.390286493645
1127.652,combined_rough_section::nino::caster_bracket_right_link::caster_bracket_right_link_collision,none,0,0,0,0,0,0
1127.652,combined_rough_section::nino::caster_right_wheel_link::caster_right_wheel_link_collision,rough_approach_ground::ground::rough_collision,1,1,7.76110567896e-08,1.42077428555,1.74918235155,24.8999431519
1127.652,combined_rough_section::nino::left_wheel_link::left_wheel_link_collision,rough_approach_ground::ground::rough_collision,1,1,4.55535978661e-08,1.72284047292,-5.53120601576,20.3031872403
1127.652,combined_rough_section::nino::right_wheel_link::right_wheel_link_collision,none,0,0,0,0,0,0
1127.674,combined_rough_section::nino::base_footprint::base_footprint_fixed_joint_lump__base_link_collision,rough_approach_ground::ground::rough_collision,1,1,2.16797805264e-08,-3.03302074534,3.7122223128,9.2314542359
1127.674,combined_rough_section::nino::base_footprint::base_footprint_fixed_joint_lump__laser_collision_1,none,0,0,0,0,0,0
1127.674,combined_rough_section::nino::caster_bracket_left_link::caster_bracket_left_link_collision,none,0,0,0,0,0,0
1127.674,combined_rough_section::nino::caster_left_wheel_link::caster_left_wheel_link_collision,rough_approach_ground::ground::rough_collision,1,1,1.09896904771e-09,-0.110600153336,0.0697966468856,0.390281324381
1127.674,combined_rough_section::nino::caster_bracket_right_link::caster_bracket_right_link_collision,none,0,0,0,0,0,0
1127.674,combined_rough_section::nino::caster_right_wheel_link::caster_right_wheel_link_collision,rough_approach_ground::ground::rough_collision,1,1,7.76110341549e-08,1.42077427807,1.74918703808,24.8999482829
1127.674,combined_rough_section::nino::left_wheel_link::left_wheel_link_collision,rough_approach_ground::ground::rough_collision,1,1,4.55536082605e-08,1.7228477306,-5.53120571224,20.3031903317
1127.674,combined_rough_section::nino::right_wheel_link::right_wheel_link_collision,none,0,0,0,0,0,0
1127.696,combined_rough_section::nino::base_footprint::base_footprint_fixed_joint_lump__base_link_collision,rough_approach_ground::ground::rough_collision,1,1,2.16797723107e-08,-3.03302675365,3.71221937195,9.23145223984
1127.696,combined_rough_section::nino::base_footprint::base_footprint_fixed_joint_lump__laser_collision_1,none,0,0,0,0,0,0
1127.696,combined_rough_section::nino::caster_bracket_left_link::caster_bracket_left_link_collision,none,0,0,0,0,0,0
1127.696,combined_rough_section::nino::caster_left_wheel_link::caster_left_wheel_link_collision,rough_approach_ground::ground::rough_collision,1,1,1.09895005942e-09,-0.110601284295,0.0697947510857,0.390275561909
1127.696,combined_rough_section::nino::caster_bracket_right_link::caster_bracket_right_link_collision,none,0,0,0,0,0,0
1127.696,combined_rough_section::nino::caster_right_wheel_link::caster_right_wheel_link_collision,rough_approach_ground::ground::rough_collision,1,1,7.7611011555e-08,1.42077427184,1.74919172597,24.8999534436
1127.696,combined_rough_section::nino::left_wheel_link::left_wheel_link_collision,rough_approach_ground::ground::rough_collision,1,1,4.55536173227e-08,1.72285376452,-5.53120545943,20.3031928997
1127.696,combined_rough_section::nino::right_wheel_link::right_wheel_link_collision,none,0,0,0,0,0,0
1127.718,combined_rough_section::nino::base_footprint::base_footprint_fixed_joint_lump__base_link_collision,rough_approach_ground::ground::rough_collision,1,1,2.16797646502e-08,-3.03303225091,3.7122166702,9.23145041466
1127.718,combined_rough_section::nino::base_footprint::base_footprint_fixed_joint_lump__laser_collision_1,none,0,0,0,0,0,0
1127.718,combined_rough_section::nino::caster_bracket_left_link::caster_bracket_left_link_collision,none,0,0,0,0,0,0
1127.718,combined_rough_section::nino::caster_left_wheel_link::caster_left_wheel_link_collision,rough_approach_ground::ground::rough_collision,1,1,1.09893091849e-09,-0.110602400395,0.0697928772915,0.390269864416
1127.718,combined_rough_section::nino::caster_bracket_right_link::caster_bracket_right_link_collision,none,0,0,0,0,0,0
1127.718,combined_rough_section::nino::caster_right_wheel_link::caster_right_wheel_link_collision,rough_approach_ground::ground::rough_collision,1,1,7.76109946414e-08,1.42077426652,1.74919524117,24.8999572986
1127.718,combined_rough_section::nino::left_wheel_link::left_wheel_link_collision,rough_approach_ground::ground::rough_collision,1,1,4.55536277449e-08,1.72286098148,-5.53120515442,20.3031959614
1127.718,combined_rough_section::nino::right_wheel_link::right_wheel_link_collision,none,0,0,0,0,0,0
1127.74,combined_rough_section::nino::base_footprint::base_footprint_fixed_joint_lump__base_link_collision,rough_approach_ground::ground::rough_collision,1,1,2.16797577668e-08,-3.03303724011,3.71221420991,9.23144875841
1127.74,combined_rough_section::nino::base_footprint::base_footprint_fixed_joint_lump__laser_collision_1,none,0,0,0,0,0,0
1127.74,combined_rough_section::nino::caster_bracket_left_link::caster_bracket_left_link_collision,none,0,0,0,0,0,0
1127.74,combined_rough_section::nino::caster_left_wheel_link::caster_left_wheel_link_collision,rough_approach_ground::ground::rough_collision,1,1,1.09891042446e-09,-0.110603607224,0.06979084845,0.390263693669
1127.74,combined_rough_section::nino::caster_bracket_right_link::caster_bracket_right_link_collision,none,0,0,0,0,0,0
1127.74,combined_rough_section::nino::caster_right_wheel_link::caster_right_wheel_link_collision,rough_approach_ground::ground::rough_collision,1,1,7.76109720206e-08,1.42077425946,1.74919992811,24.8999624391
1127.74,combined_rough_section::nino::left_wheel_link::left_wheel_link_collision,rough_approach_ground::ground::rough_collision,1,1,4.55536364741e-08,1.72286697538,-5.53120490021,20.3031985005
1127.74,combined_rough_section::nino::right_wheel_link::right_wheel_link_collision,none,0,0,0,0,0,0
1127.762,combined_rough_section::nino::base_footprint::base_footprint_fixed_joint_lump__base_link_collision,rough_approach_ground::ground::rough_collision,1,1,2.1679748996e-08,-3.03304376159,3.71221103034,9.23144659143
1127.762,combined_rough_section::nino::base_footprint::base_footprint_fixed_joint_lump__laser_collision_1,none,0,0,0,0,0,0
1127.762,combined_rough_section::nino::caster_bracket_left_link::caster_bracket_left_link_collision,none,0,0,0,0,0,0
1127.762,combined_rough_section::nino::caster_left_wheel_link::caster_left_wheel_link_collision,rough_approach_ground::ground::rough_collision,1,1,1.0988913425e-09,-0.110604739999,0.0697889502906,0.390257924489
1127.762,combined_rough_section::nino::caster_bracket_right_link::caster_bracket_right_link_collision,none,0,0,0,0,0,0
1127.762,combined_rough_section::nino::caster_right_wheel_link::caster_right_wheel_link_collision,rough_approach_ground::ground::rough_collision,1,1,7.7610949431e-08,1.42077425408,1.74920461689,24.8999676196
1127.762,combined_rough_section::nino::left_wheel_link::left_wheel_link_collision,rough_approach_ground::ground::rough_collision,1,1,4.55536471877e-08,1.72287424745,-5.53120459751,20.3032016034
1127.762,combined_rough_section::nino::right_wheel_link::right_wheel_link_collision,none,0,0,0,0,0,0
1127.784,combined_rough_section::nino::base_footprint::base_footprint_fixed_joint_lump__base_link_collision,rough_approach_ground::ground::rough_collision,1,1,2.16797413355e-08,-3.03304925898,3.71220832903,9.23144476586
1127.784,combined_rough_section::nino::base_footprint::base_footprint_fixed_joint_lump__laser_collision_1,none,0,0,0,0,0,0
1127.784,combined_rough_section::nino::caster_bracket_left_link::caster_bracket_left_link_collision,none,0,0,0,0,0,0
1127.784,combined_rough_section::nino::caster_left_wheel_link::caster_left_wheel_link_collision,rough_approach_ground::ground::rough_collision,1,1,1.09887411323e-09,-0.110605750764,0.0697872525096,0.390252761637
1127.784,combined_rough_section::nino::caster_bracket_right_link::caster_bracket_right_link_collision,none,0,0,0,0,0,0
1127.784,combined_rough_section::nino::caster_right_wheel_link::caster_right_wheel_link_collision,rough_approach_ground::ground::rough_collision,1,1,7.76109324759e-08,1.42077424854,1.74920813181,24.8999714689
1127.784,combined_rough_section::nino::left_wheel_link::left_wheel_link_collision,rough_approach_ground::ground::rough_collision,1,1,4.55536558197e-08,1.72288025159,-5.53120434326,20.3032041486
1127.784,combined_rough_section::nino::right_wheel_link::right_wheel_link_collision,none,0,0,0,0,0,0
1127.806,combined_rough_section::nino::base_footprint::base_footprint_fixed_joint_lump__base_link_collision,rough_approach_ground::ground::rough_collision,1,1,2.1679733786e-08,-3.03305474222,3.71220562003,9.23144294604
1127.806,combined_rough_section::nino::base_footprint::base_footprint_fixed_joint_lump__laser_collision_1,none,0,0,0,0,0,0
1127.806,combined_rough_section::nino::caster_bracket_left_link::caster_bracket_left_link_collision,none,0,0,0,0,0,0
1127.806,combined_rough_section::nino::caster_left_wheel_link::caster_left_wheel_link_collision,rough_approach_ground::ground::rough_collision,1,1,1.09885351512e-09,-0.110606966844,0.0697852099881,0.39024655051
1127.806,combined_rough_section::nino::caster_bracket_right_link::caster_bracket_right_link_collision,none,0,0,0,0,0,0
1127.806,combined_rough_section::nino::caster_right_wheel_link::caster_right_wheel_link_collision,rough_approach_ground::ground::rough_collision,1,1,7.76109099973e-08,1.42077424101,1.74921281819,24.8999765976
1127.806,combined_rough_section::nino::left_wheel_link::left_wheel_link_collision,rough_approach_ground::ground::rough_collision,1,1,4.55536665334e-08,1.72288746841,-5.53120403894,20.3032072126
1127.806,combined_rough_section::nino::right_wheel_link::right_wheel_link_collision,none,0,0,0,0,0,0
1127.828,combined_rough_section::nino::base_footprint::base_footprint_fixed_joint_lump__base_link_collision,rough_approach_ground::ground::rough_collision,1,1,2.16797261254e-08,-3.03306024328,3.71220292042,9.2314411193
1127.828,combined_rough_section::nino::base_footprint::base_footprint_fixed_joint_lump__laser_collision_1,none,0,0,0,0,0,0
1127.828,combined_rough_section::nino::caster_bracket_left_link::caster_bracket_left_link_collision,none,0,0,0,0,0,0
1127.828,combined_rough_section::nino::caster_left_wheel_link::caster_left_wheel_link_collision,rough_approach_ground::ground::rough_collision,1,1,1.09883437766e-09,-0.110608084372,0.0697833341004,0.390240846854
1127.828,combined_rough_section::nino::caster_bracket_right_link::caster_bracket_right_link_collision,none,0,0,0,0,0,0
1127.828,combined_rough_section::nino::caster_right_wheel_link::caster_right_wheel_link_collision,rough_approach_ground::ground::rough_collision,1,1,7.76108872932e-08,1.4207742343,1.74921750546,24.8999817459
1127.828,combined_rough_section::nino::left_wheel_link::left_wheel_link_collision,rough_approach_ground::ground::rough_collision,1,1,4.55536751376e-08,1.72289349721,-5.53120378551,20.3032097754
1127.828,combined_rough_section::nino::right_wheel_link::right_wheel_link_collision,none,0,0,0,0,0,0
1127.85,combined_rough_section::nino::base_footprint::base_footprint_fixed_joint_lump__base_link_collision,rough_approach_ground::ground::rough_collision,1,1,2.16797185759e-08,-3.03306575019,3.71220022404,9.23143929015
1127.85,combined_rough_section::nino::base_footprint::base_footprint_fixed_joint_lump__laser_collision_1,none,0,0,0,0,0,0
1127.85,combined_rough_section::nino::caster_bracket_left_link::caster_bracket_left_link_collision,none,0,0,0,0,0,0
1127.85,combined_rough_section::nino::caster_left_wheel_link::caster_left_wheel_link_collision,rough_approach_ground::ground::rough_collision,1,1,1.09881553856e-09,-0.110609204055,0.0697814550043,0.390235133708
1127.85,combined_rough_section::nino::caster_bracket_right_link::caster_bracket_right_link_collision,none,0,0,0,0,0,0
1127.85,combined_rough_section::nino::caster_right_wheel_link::caster_right_wheel_link_collision,rough_approach_ground::ground::rough_collision,1,1,7.7610870404e-08,1.42077422832,1.74922101986,24.8999855844
1127.85,combined_rough_section::nino::left_wheel_link::left_wheel_link_collision,rough_approach_ground::ground::rough_collision,1,1,4.55536857125e-08,1.72290072589,-5.53120348128,20.3032128469
1127.85,combined_rough_section::nino::right_wheel_link::right_wheel_link_collision,none,0,0,0,0,0,0
1127.872,combined_rough_section::nino::base_footprint::base_footprint_fixed_joint_lump__base_link_collision,rough_approach_ground::ground::rough_collision,1,1,2.16797110264e-08,-3.03307125082,3.71219752434,9.23143746347
1127.872,combined_rough_section::nino::base_footprint::base_footprint_fixed_joint_lump__laser_collision_1,none,0,0,0,0,0,0
1127.872,combined_rough_section::nino::caster_bracket_left_link::caster_bracket_left_link_collision,none,0,0,0,0,0,0
1127.872,combined_rough_section::nino::caster_left_wheel_link::caster_left_wheel_link_collision,rough_approach_ground::ground::rough_collision,1,1,1.09879669252e-09,-0.1106103214,0.069779579296,0.390229430508
1127.872,combined_rough_section::nino::caster_bracket_right_link::caster_bracket_right_link_collision,none,0,0,0,0,0,0
1127.872,combined_rough_section::nino::caster_right_wheel_link::caster_right_wheel_link_collision,rough_approach_ground::ground::rough_collision,1,1,7.76108478838e-08,1.42077422184,1.74922570735,24.8999907378
1127.872,combined_rough_section::nino::left_wheel_link::left_wheel_link_collision,rough_approach_ground::ground::rough_collision,1,1,4.55536944416e-08,1.72290672585,-5.53120322695,20.3032153892
1127.872,combined_rough_section::nino::right_wheel_link::right_wheel_link_collision,none,0,0,0,0,0,0
1127.894,combined_rough_section::nino::base_footprint::base_footprint_fixed_joint_lump__base_link_collision,rough_approach_ground::ground::rough_collision,1,1,2.1679704143e-08,-3.03307624466,3.71219506627,9.23143580573
1127.894,combined_rough_section::nino::base_footprint::base_footprint_fixed_joint_lump__laser_collision_1,none,0,0,0,0,0,0
1127.894,combined_rough_section::nino::caster_bracket_left_link::caster_bracket_left_link_collision,none,0,0,0,0,0,0
1127.894,combined_rough_section::nino::caster_left_wheel_link::caster_left_wheel_link_collision,rough_approach_ground::ground::rough_collision,1,1,1.09877765914e-09,-0.110611439459,0.0697777023956,0.390223723681
1127.894,combined_rough_section::nino::caster_bracket_right_link::caster_bracket_right_link_collision,none,0,0,0,0,0,0
1127.894,combined_rough_section::nino::caster_right_wheel_link::caster_right_wheel_link_collision,rough_approach_ground::ground::rough_collision,1,1,7.7610825263e-08,1.42077421583,1.74923039533,24.899995902
1127.894,combined_rough_section::nino::left_wheel_link::left_wheel_link_collision,rough_approach_ground::ground::rough_collision,1,1,4.55537049887e-08,1.72291397709,-5.53120292363,20.3032184774
1127.894,combined_rough_section::nino::right_wheel_link::right_wheel_link_collision,none,0,0,0,0,0,0
1127.916,combined_rough_section::nino::base_footprint::base_footprint_fixed_joint_lump__base_link_collision,rough_approach_ground::ground::rough_collision,1,1,2.16796965935e-08,-3.03308176217,3.71219237557,9.2314339724
1127.916,combined_rough_section::nino::base_footprint::base_footprint_fixed_joint_lump__laser_collision_1,none,0,0,0,0,0,0
1127.916,combined_rough_section::nino::caster_bracket_left_link::caster_bracket_left_link_collision,none,0,0,0,0,0,0
1127.916,combined_rough_section::nino::caster_left_wheel_link::caster_left_wheel_link_collision,rough_approach_ground::ground::rough_collision,1,1,1.09876066232e-09,-0.110612458415,0.0697759929955,0.390218526923
1127.916,combined_rough_section::nino::caster_bracket_right_link::caster_bracket_right_link_collision,none,0,0,0,0,0,0
1127.916,combined_rough_section::nino::caster_right_wheel_link::caster_right_wheel_link_collision,rough_approach_ground::ground::rough_collision,1,1,7.76108082662e-08,1.42077420882,1.74923390856,24.8999997155
1127.916,combined_rough_section::nino::left_wheel_link::left_wheel_link_collision,rough_approach_ground::ground::rough_collision,1,1,4.55537137733e-08,1.72292001006,-5.53120267013,20.3032210425
1127.916,combined_rough_section::nino::right_wheel_link::right_wheel_link_collision,none,0,0,0,0,0,0
1127.938,combined_rough_section::nino::base_footprint::base_footprint_fixed_joint_lump__base_link_collision,rough_approach_ground::ground::rough_collision,1,1,2.1679688933e-08,-3.03308723588,3.71218966145,9.23143215644
1127.938,combined_rough_section::nino::base_footprint::base_footprint_fixed_joint_lump__laser_collision_1,none,0,0,0,0,0,0
1127.938,combined_rough_section::nino::caster_bracket_left_link::caster_bracket_left_link_collision,none,0,0,0,0,0,0
1127.938,combined_rough_section::nino::caster_left_wheel_link::caster_left_wheel_link_collision,rough_approach_ground::ground::rough_collision,1,1,1.0987398387e-09,-0.110613661018,0.069773970406,0.390212374631
1127.938,combined_rough_section::nino::caster_bracket_right_link::caster_bracket_right_link_collision,none,0,0,0,0,0,0
1127.938,combined_rough_section::nino::caster_right_wheel_link::caster_right_wheel_link_collision,rough_approach_ground::ground::rough_collision,1,1,7.7610785694e-08,1.42077420302,1.74923859675,24.9000048847
1127.938,combined_rough_section::nino::left_wheel_link::left_wheel_link_collision,rough_approach_ground::ground::rough_collision,1,1,4.55537242094e-08,1.72292717833,-5.53120236408,20.3032240713
1127.938,combined_rough_section::nino::right_wheel_link::right_wheel_link_collision,none,0,0,0,0,0,0
1127.96,combined_rough_section::nino::base_footprint::base_footprint_fixed_joint_lump__base_link_collision,rough_approach_ground::ground::rough_collision,1,1,2.16796813834e-08,-3.0330927198,3.71218695342,9.23143033583
1127.96,combined_rough_section::nino::base_footprint::base_footprint_fixed_joint_lump__laser_collision_1,none,0,0,0,0,0,0
1127.96,combined_rough_section::nino::caster_bracket_left_link::caster_bracket_left_link_collision,none,0,0,0,0,0,0
1127.96,combined_rough_section::nino::caster_left_wheel_link::caster_left_wheel_link_collision,rough_approach_ground::ground::rough_collision,1,1,1.09872084347e-09,-0.110614778186,0.0697720948807,0.390206671909
1127.96,combined_rough_section::nino::caster_bracket_right_link::caster_bracket_right_link_collision,none,0,0,0,0,0,0
1127.96,combined_rough_section::nino::caster_right_wheel_link::caster_right_wheel_link_collision,rough_approach_ground::ground::rough_collision,1,1,7.7610763146e-08,1.42077419545,1.74924328298,24.9000100114
1127.96,combined_rough_section::nino::left_wheel_link::left_wheel_link_collision,rough_approach_ground::ground::rough_collision,1,1,4.5553733119e-08,1.72293320035,-5.53120211081,20.3032266306
1127.96,combined_rough_section::nino::right_wheel_link::right_wheel_link_collision,none,0,0,0,0,0,0
1127.982,combined_rough_section::nino::base_footprint::base_footprint_fixed_joint_lump__base_link_collision,rough_approach_ground::ground::rough_collision,1,1,2.1679673945e-08,-3.03309823513,3.7121842615,9.23142850346
1127.982,combined_rough_section::nino::base_footprint::base_footprint_fixed_joint_lump__laser_collision_1,none,0,0,0,0,0,0
1127.982,combined_rough_section::nino::caster_bracket_left_link::caster_bracket_left_link_collision,none,0,0,0,0,0,0
1127.982,combined_rough_section::nino::caster_left_wheel_link::caster_left_wheel_link_collision,rough_approach_ground::ground::rough_collision,1,1,1.09870192111e-09,-0.110615904867,0.0697702061606,0.390200930928
1127.982,combined_rough_section::nino::caster_bracket_right_link::caster_bracket_right_link_collision,none,0,0,0,0,0,0
1127.982,combined_rough_section::nino::caster_right_wheel_link::caster_right_wheel_link_collision,rough_approach_ground::ground::rough_collision,1,1,7.76107462012e-08,1.42077418954,1.74924679738,24.9000138507
1127.982,combined_rough_section::nino::left_wheel_link::left_wheel_link_collision,rough_approach_ground::ground::rough_collision,1,1,4.55537434441e-08,1.72294045886,-5.53120180697,20.3032297214
1127.982,combined_rough_section::nino::right_wheel_link::right_wheel_link_collision,none,0,0,0,0,0,0
1128.004,combined_rough_section::nino::base_footprint::base_footprint_fixed_joint_lump__base_link_collision,rough_approach_ground::ground::rough_collision,1,1,2.16796662844e-08,-3.03310372467,3.7121815554,9.2314266817
1128.004,combined_rough_section::nino::base_footprint::base_footprint_fixed_joint_lump__laser_collision_1,none,0,0,0,0,0,0
1128.004,combined_rough_section::nino::caster_bracket_left_link::caster_bracket_left_link_collision,none,0,0,0,0,0,0
1128.004,combined_rough_section::nino::caster_left_wheel_link::caster_left_wheel_link_collision,rough_approach_ground::ground::rough_collision,1,1,1.0986848098e-09,-0.110616913075,0.0697685118209,0.390195777965
1128.004,combined_rough_section::nino::caster_bracket_right_link::caster_bracket_right_link_collision,none,0,0,0,0,0,0
1128.004,combined_rough_section::nino::caster_right_wheel_link::caster_right_wheel_link_collision,rough_approach_ground::ground::rough_collision,1,1,7.76107236325e-08,1.4207741837,1.74925148548,24.9000190182
1128.004,combined_rough_section::nino::left_wheel_link::left_wheel_link_collision,rough_approach_ground::ground::rough_collision,1,1,4.55537522148e-08,1.72294645398,-5.53120155268,20.303232261
1128.004,combined_rough_section::nino::right_wheel_link::right_wheel_link_collision,none,0,0,0,0,0,0
1128.026,combined_rough_section::nino::base_footprint::base_footprint_fixed_joint_lump__base_link_collision,rough_approach_ground::ground::rough_collision,1,1,2.16796587349e-08,-3.0331092137,3.71217884964,9.23142485955
1128.026,combined_rough_section::nino::base_footprint::base_footprint_fixed_joint_lump__laser_collision_1,none,0,0,0,0,0,0
1128.026,combined_rough_section::nino::caster_bracket_left_link::caster_bracket_left_link_collision,none,0,0,0,0,0,0
1128.026,combined_rough_section::nino::caster_left_wheel_link::caster_left_wheel_link_collision,rough_approach_ground::ground::rough_collision,1,1,1.09866394107e-09,-0.11061812716,0.0697664722812,0.390189575664
1128.026,combined_rough_section::nino::caster_bracket_right_link::caster_bracket_right_link_collision,none,0,0,0,0,0,0
1128.026,combined_rough_section::nino::caster_right_wheel_link::caster_right_wheel_link_collision,rough_approach_ground::ground::rough_collision,1,1,7.76107009527e-08,1.42077417635,1.74925617191,24.9000241498
1128.026,combined_rough_section::nino::left_wheel_link::left_wheel_link_collision,rough_approach_ground::ground::rough_collision,1,1,4.55537627481e-08,1.72295366339,-5.53120124813,20.3032353198
1128.026,combined_rough_section::nino::right_wheel_link::right_wheel_link_collision,none,0,0,0,0,0,0
1128.048,combined_rough_section::nino::base_footprint::base_footprint_fixed_joint_lump__base_link_collision,rough_approach_ground::ground::rough_collision,1,1,2.16796510744e-08,-3.03311471252,3.71217614954,9.23142303312
1128.048,combined_rough_section::nino::base_footprint::base_footprint_fixed_joint_lump__laser_collision_1,none,0,0,0,0,0,0
1128.048,combined_rough_section::nino::caster_bracket_left_link::caster_bracket_left_link_collision,none,0,0,0,0,0,0
1128.048,combined_rough_section::nino::caster_left_wheel_link::caster_left_wheel_link_collision,rough_approach_ground::ground::rough_collision,1,1,1.09864674303e-09,-0.110619142667,0.0697647673912,0.390184391751
1128.048,combined_rough_section::nino::caster_bracket_right_link::caster_bracket_right_link_collision,none,0,0,0,0,0,0
1128.048,combined_rough_section::nino::caster_right_wheel_link::caster_right_wheel_link_collision,rough_approach_ground::ground::rough_collision,1,1,7.76106840912e-08,1.42077417152,1.74925968746,24.9000280146
1128.048,combined_rough_section::nino::left_wheel_link::left_wheel_link_collision,rough_approach_ground::ground::rough_collision,1,1,4.55537715466e-08,1.72295968445,-5.53120099463,20.3032378777
1128.048,combined_rough_section::nino::right_wheel_link::right_wheel_link_collision,none,0,0,0,0,0,0
1128.07,combined_rough_section::nino::base_footprint::base_footprint_fixed_joint_lump__base_link_collision,rough_approach_ground::ground::rough_collision,1,1,2.16796428587e-08,-3.03312072505,3.71217321086,9.23142103568
1128.07,combined_rough_section::nino::base_footprint::base_footprint_fixed_joint_lump__laser_collision_1,none,0,0,0,0,0,0
1128.07,combined_rough_section::nino::caster_bracket_left_link::caster_bracket_left_link_collision,none,0,0,0,0,0,0
1128.07,combined_rough_section::nino::caster_left_wheel_link::caster_left_wheel_link_collision,rough_approach_ground::ground::rough_collision,1,1,1.09862595757e-09,-0.110620366082,0.0697627147135,0.390178151191
1128.07,combined_rough_section::nino::caster_bracket_right_link::caster_bracket_right_link_collision,none,0,0,0,0,0,0
1128.07,combined_rough_section::nino::caster_right_wheel_link::caster_right_wheel_link_collision,rough_approach_ground::ground::rough_collision,1,1,7.76106614704e-08,1.42077416424,1.74926437393,24.9000331474
1128.07,combined_rough_section::nino::left_wheel_link::left_wheel_link_collision,rough_approach_ground::ground::rough_collision,1,1,4.55537820521e-08,1.72296692668,-5.53120069086,20.3032409589
1128.07,combined_rough_section::nino::right_wheel_link::right_wheel_link_collision,none,0,0,0,0,0,0
1128.092,combined_rough_section::nino::base_footprint::base_footprint_fixed_joint_lump__base_link_collision,rough_approach_ground::ground::rough_collision,1,1,2.16796358643e-08,-3.0331257158,3.71217075157,9.23141937882
1128.092,combined_rough_section::nino::base_footprint::base_footprint_fixed_joint_lump__laser_collision_1,none,0,0,0,0,0,0
1128.092,combined_rough_section::nino::caster_bracket_left_link::caster_bracket_left_link_collision,none,0,0,0,0,0,0
1128.092,combined_rough_section::nino::caster_left_wheel_link::caster_left_wheel_link_collision,rough_approach_ground::ground::rough_collision,1,1,1.09860698316e-09,-0.110621479132,0.0697608452141,0.390172466205
1128.092,combined_rough_section::nino::caster_bracket_right_link::caster_bracket_right_link_collision,none,0,0,0,0,0,0
1128.092,combined_rough_section::nino::caster_right_wheel_link::caster_right_wheel_link_collision,rough_approach_ground::ground::rough_collision,1,1,7.76106388323e-08,1.42077415767,1.74926906116,24.9000382969
1128.092,combined_rough_section::nino::left_wheel_link::left_wheel_link_collision,rough_approach_ground::ground::rough_collision,1,1,4.55537907673e-08,1.72297293563,-5.53120043697,20.3032435083
1128.092,combined_rough_section::nino::right_wheel_link::right_wheel_link_collision,none,0,0,0,0,0,0
1128.114,combined_rough_section::nino::base_footprint::base_footprint_fixed_joint_lump__base_link_collision,rough_approach_ground::ground::rough_collision,1,1,2.16796283148e-08,-3.03313121044,3.71216804877,9.23141755454
1128.114,combined_rough_section::nino::base_footprint::base_footprint_fixed_joint_lump__laser_collision_1,none,0,0,0,0,0,0
1128.114,combined_rough_section::nino::caster_bracket_left_link::caster_bracket_left_link_collision,none,0,0,0,0,0,0
1128.114,combined_rough_section::nino::caster_left_wheel_link::caster_left_wheel_link_collision,rough_approach_ground::ground::rough_collision,1,1,1.09858804692e-09,-0.110622596586,0.0697589694207,0.390166762812
1128.114,combined_rough_section::nino::caster_bracket_right_link::caster_bracket_right_link_collision,none,0,0,0,0,0,0
1128.114,combined_rough_section::nino::caster_right_wheel_link::caster_right_wheel_link_collision,rough_approach_ground::ground::rough_collision,1,1,7.76106219222e-08,1.42077415225,1.74927257603,24.9000421472
1128.114,combined_rough_section::nino::left_wheel_link::left_wheel_link_collision,rough_approach_ground::ground::rough_collision,1,1,4.55538012728e-08,1.72298015982,-5.53120013262,20.3032465766
1128.114,combined_rough_section::nino::right_wheel_link::right_wheel_link_collision,none,0,0,0,0,0,0
1128.136,combined_rough_section::nino::base_footprint::base_footprint_fixed_joint_lump__base_link_collision,rough_approach_ground::ground::rough_collision,1,1,2.16796214314e-08,-3.03313622567,3.7121656025,9.23141588807
1128.136,combined_rough_section::nino::base_footprint::base_footprint_fixed_joint_lump__laser_collision_1,none,0,0,0,0,0,0
1128.136,combined_rough_section::nino::caster_bracket_left_link::caster_bracket_left_link_collision,none,0,0,0,0,0,0
1128.136,combined_rough_section::nino::caster_left_wheel_link::caster_left_wheel_link_collision,rough_approach_ground::ground::rough_collision,1,1,1.09857091479e-09,-0.110623613756,0.0697572621522,0.390161571943
1128.136,combined_rough_section::nino::caster_bracket_right_link::caster_bracket_right_link_collision,none,0,0,0,0,0,0
1128.136,combined_rough_section::nino::caster_right_wheel_link::caster_right_wheel_link_collision,rough_approach_ground::ground::rough_collision,1,1,7.76105992459e-08,1.42077414598,1.74927726357,24.9000473037
1128.136,combined_rough_section::nino::left_wheel_link::left_wheel_link_collision,rough_approach_ground::ground::rough_collision,1,1,4.55538100297e-08,1.7229861867,-5.5311998793,20.3032491387
1128.136,combined_rough_section::nino::right_wheel_link::right_wheel_link_collision,none,0,0,0,0,0,0
1128.158,combined_rough_section::nino::base_footprint::base_footprint_fixed_joint_lump__base_link_collision,rough_approach_ground::ground::rough_collision,1,1,2.16796132158e-08,-3.03314221832,3.71216265345,9.2314138983
1128.158,combined_rough_section::nino::base_footprint::base_footprint_fixed_joint_lump__laser_collision_1,none,0,0,0,0,0,0
1128.158,combined_rough_section::nino::caster_bracket_left_link::caster_bracket_left_link_collision,none,0,0,0,0,0,0
1128.158,combined_rough_section::nino::caster_left_wheel_link::caster_left_wheel_link_collision,rough_approach_ground::ground::rough_collision,1,1,1.09855008076e-09,-0.110624834871,0.0697552124055,0.390155339663
1128.158,combined_rough_section::nino::caster_bracket_right_link::caster_bracket_right_link_collision,none,0,0,0,0,0,0
1128.158,combined_rough_section::nino::caster_right_wheel_link::caster_right_wheel_link_collision,rough_approach_ground::ground::rough_collision,1,1,7.76105766043e-08,1.4207741395,1.74928195085,24.9000524549
1128.158,combined_rough_section::nino::left_wheel_link::left_wheel_link_collision,rough_approach_ground::ground::rough_collision,1,1,4.55538206046e-08,1.72299342106,-5.53119957557,20.3032522153
1128.158,combined_rough_section::nino::right_wheel_link::right_wheel_link_collision,none,0,0,0,0,0,0
1128.178,combined_rough_section::nino::base_footprint::base_footprint_fixed_joint_lump__base_link_collision,rough_approach_ground::ground::rough_collision,1,1,2.16796061103e-08,-3.03314724384,3.71216021313,9.23141222734
1128.178,combined_rough_section::nino::base_footprint::base_footprint_fixed_joint_lump__laser_collision_1,none,0,0,0,0,0,0
1128.178,combined_rough_section::nino::caster_bracket_left_link::caster_bracket_left_link_collision,none,0,0,0,0,0,0
1128.178,combined_rough_section::nino::caster_left_wheel_link::caster_left_wheel_link_collision,rough_approach_ground::ground::rough_collision,1,1,1.09853633481e-09,-0.110625645985,0.0697538507653,0.390151199523
1128.178,combined_rough_section::nino::caster_bracket_right_link::caster_bracket_right_link_collision,none,0,0,0,0,0,0
1128.178,combined_rough_section::nino::caster_right_wheel_link::caster_right_wheel_link_collision,rough_approach_ground::ground::rough_collision,1,1,7.76105597289e-08,1.42077413521,1.74928546693,24.9000563317
1128.178,combined_rough_section::nino::left_wheel_link::left_wheel_link_collision,rough_approach_ground::ground::rough_collision,1,1,4.55538294725e-08,1.72299939281,-5.53119932047,20.3032547381
1128.178,combined_rough_section::nino::right_wheel_link::right_wheel_link_collision,none,0,0,0,0,0,0
1128.2,combined_rough_section::nino::base_footprint::base_footprint_fixed_joint_lump__base_link_collision,rough_approach_ground::ground::rough_collision,1,1,2.16795980057e-08,-3.03315322998,3.71215726083,9.23141023995
1128.2,combined_rough_section::nino::base_footprint::base_footprint_fixed_joint_lump__laser_collision_1,none,0,0,0,0,0,0
1128.2,combined_rough_section::nino::caster_bracket_left_link::caster_bracket_left_link_collision,none,0,0,0,0,0,0
1128.2,combined_rough_section::nino::caster_left_wheel_link::caster_left_wheel_link_collision,rough_approach_ground::ground::rough_collision,1,1,1.09851399158e-09,-0.110626969121,0.0697516295557,0.390144445758
1128.2,combined_rough_section::nino::caster_bracket_right_link::caster_bracket_right_link_collision,none,0,0,0,0,0,0
1128.2,combined_rough_section::nino::caster_right_wheel_link::caster_right_wheel_link_collision,rough_approach_ground::ground::rough_collision,1,1,7.7610537174e-08,1.42077412784,1.7492901532,24.9000614614
1128.2,combined_rough_section::nino::left_wheel_link::left_wheel_link_collision,rough_approach_ground::ground::rough_collision,1,1,4.55538380489e-08,1.72300542869,-5.53119906707,20.3032573053
1128.2,combined_rough_section::nino::right_wheel_link::right_wheel_link_collision,none,0,0,0,0,0,0
1128.222,combined_rough_section::nino::base_footprint::base_footprint_fixed_joint_lump__base_link_collision,rough_approach_ground::ground::rough_collision,1,1,2.16795912333e-08,-3.0331581923,3.71215478582,9.23140859492
1128.222,combined_rough_section::nino::base_footprint::base_footprint_fixed_joint_lump__laser_collision_1,none,0,0,0,0,0,0
1128.222,combined_rough_section::nino::caster_bracket_left_link::caster_bracket_left_link_collision,none,0,0,0,0,0,0
1128.222,combined_rough_section::nino::caster_left_wheel_link::caster_left_wheel_link_collision,rough_approach_ground::ground::rough_collision,1,1,1.09849506921e-09,-0.110628088206,0.0697497518318,0.390138737047
1128.222,combined_rough_section::nino::caster_bracket_right_link::caster_bracket_right_link_collision,none,0,0,0,0,0,0
1128.222,combined_rough_section::nino::caster_right_wheel_link::caster_right_wheel_link_collision,rough_approach_ground::ground::rough_collision,1,1,7.76105202535e-08,1.42077412262,1.74929366823,24.9000653158
1128.222,combined_rough_section::nino::left_wheel_link::left_wheel_link_collision,rough_approach_ground::ground::rough_collision,1,1,4.55538486793e-08,1.72301270084,-5.53119876457,20.3032604089
1128.222,combined_rough_section::nino::right_wheel_link::right_wheel_link_collision,none,0,0,0,0,0,0
1128.244,combined_rough_section::nino::base_footprint::base_footprint_fixed_joint_lump__base_link_collision,rough_approach_ground::ground::rough_collision,1,1,2.16795841279e-08,-3.03316322341,3.71215234811,9.23140692214
1128.244,combined_rough_section::nino::base_footprint::base_footprint_fixed_joint_lump__laser_collision_1,none,0,0,0,0,0,0
1128.244,combined_rough_section::nino::caster_bracket_left_link::caster_bracket_left_link_collision,none,0,0,0,0,0,0
1128.244,combined_rough_section::nino::caster_left_wheel_link::caster_left_wheel_link_collision,rough_approach_ground::ground::rough_collision,1,1,1.0984777879e-09,-0.110629095532,0.0697480590171,0.390133588759
1128.244,combined_rough_section::nino::caster_bracket_right_link::caster_bracket_right_link_collision,none,0,0,0,0,0,0
1128.244,combined_rough_section::nino::caster_right_wheel_link::caster_right_wheel_link_collision,rough_approach_ground::ground::rough_collision,1,1,7.76104976848e-08,1.4207741152,1.74929835443,24.900070444
1128.244,combined_rough_section::nino::left_wheel_link::left_wheel_link_collision,rough_approach_ground::ground::rough_collision,1,1,4.55538574085e-08,1.72301869237,-5.53119851006,20.3032629456
1128.244,combined_rough_section::nino::right_wheel_link::right_wheel_link_collision,none,0,0,0,0,0,0
1128.266,combined_rough_section::nino::base_footprint::base_footprint_fixed_joint_lump__base_link_collision,rough_approach_ground::ground::rough_collision,1,1,2.16795753571e-08,-3.03316970586,3.71214914841,9.2314047702
1128.266,combined_rough_section::nino::base_footprint::base_footprint_fixed_joint_lump__laser_collision_1,none,0,0,0,0,0,0
1128.266,combined_rough_section::nino::caster_bracket_left_link::caster_bracket_left_link_collision,none,0,0,0,0,0,0
1128.266,combined_rough_section::nino::caster_left_wheel_link::caster_left_wheel_link_collision,rough_approach_ground::ground::rough_collision,1,1,1.09845903901e-09,-0.110630201069,0.0697462003853,0.390127935659
1128.266,combined_rough_section::nino::caster_bracket_right_link::caster_bracket_right_link_collision,none,0,0,0,0,0,0
1128.266,combined_rough_section::nino::caster_right_wheel_link::caster_right_wheel_link_collision,rough_approach_ground::ground::rough_collision,1,1,7.76104751195e-08,1.42077410819,1.74930304104,24.9000755816
1128.266,combined_rough_section::nino::left_wheel_link::left_wheel_link_collision,rough_approach_ground::ground::rough_collision,1,1,4.55538680944e-08,1.72302590949,-5.53119820575,20.3032660098
1128.266,combined_rough_section::nino::right_wheel_link::right_wheel_link_collision,none,0,0,0,0,0,0
1128.288,combined_rough_section::nino::base_footprint::base_footprint_fixed_joint_lump__base_link_collision,rough_approach_ground::ground::rough_collision,1,1,2.16795678076e-08,-3.03317520801,3.71214644975,9.2314029429
1128.288,combined_rough_section::nino::base_footprint::base_footprint_fixed_joint_lump__laser_collision_1,none,0,0,0,0,0,0
1128.288,combined_rough_section::nino::caster_bracket_left_link::caster_bracket_left_link_collision,none,0,0,0,0,0,0
1128.288,combined_rough_section::nino::caster_left_wheel_link::caster_left_wheel_link_collision,rough_approach_ground::ground::rough_collision,1,1,1.09844154952e-09,-0.110631243409,0.0697444563921,0.390122636779
1128.288,combined_rough_section::nino::caster_bracket_right_link::caster_bracket_right_link_collision,none,0,0,0,0,0,0
1128.288,combined_rough_section::nino::caster_right_wheel_link::caster_right_wheel_link_collision,rough_approach_ground::ground::rough_collision,1,1,7.76104581782e-08,1.42077410518,1.74930655847,24.9000794885
1128.288,combined_rough_section::nino::left_wheel_link::left_wheel_link_collision,rough_approach_ground::ground::rough_collision,1,1,4.55538767402e-08,1.72303193332,-5.53119795209,20.3032685689
1128.288,combined_rough_section::nino::right_wheel_link::right_wheel_link_collision,none,0,0,0,0,0,0
1128.31,combined_rough_section::nino::base_footprint::base_footprint_fixed_joint_lump__base_link_collision,rough_approach_ground::ground::rough_collision,1,1,2.16795610353e-08,-3.03318021104,3.71214399713,9.23140128119
1128.31,combined_rough_section::nino::base_footprint::base_footprint_fixed_joint_lump__laser_collision_1,none,0,0,0,0,0,0
1128.31,combined_rough_section::nino::caster_bracket_left_link::caster_bracket_left_link_collision,none,0,0,0,0,0,0
1128.31,combined_rough_section::nino::caster_left_wheel_link::caster_left_wheel_link_collision,rough_approach_ground::ground::rough_collision,1,1,1.0984209653e-09,-0.110632446727,0.0697424330697,0.390116482579
1128.31,combined_rough_section::nino::caster_bracket_right_link::caster_bracket_right_link_collision,none,0,0,0,0,0,0
1128.31,combined_rough_section::nino::caster_right_wheel_link::caster_right_wheel_link_collision,rough_approach_ground::ground::rough_collision,1,1,7.76104355366e-08,1.42077409661,1.74931124335,24.9000845887
1128.31,combined_rough_section::nino::left_wheel_link::left_wheel_link_collision,rough_approach_ground::ground::rough_collision,1,1,4.55538872873e-08,1.72303912887,-5.53119764686,20.303271617
1128.31,combined_rough_section::nino::right_wheel_link::right_wheel_link_collision,none,0,0,0,0,0,0
1128.332,combined_rough_section::nino::base_footprint::base_footprint_fixed_joint_lump__base_link_collision,rough_approach_ground::ground::rough_collision,1,1,2.16795533747e-08,-3.03318570449,3.7121412942,9.23139945698
1128.332,combined_rough_section::nino::base_footprint::base_footprint_fixed_joint_lump__laser_collision_1,none,0,0,0,0,0,0
1128.332,combined_rough_section::nino::caster_bracket_left_link::caster_bracket_left_link_collision,none,0,0,0,0,0,0
1128.332,combined_rough_section::nino::caster_left_wheel_link::caster_left_wheel_link_collision,rough_approach_ground::ground::rough_collision,1,1,1.09840030821e-09,-0.110633657782,0.0697403985024,0.390110295344
1128.332,combined_rough_section::nino::caster_bracket_right_link::caster_bracket_right_link_collision,none,0,0,0,0,0,0
1128.332,combined_rough_section::nino::caster_right_wheel_link::caster_right_wheel_link_collision,rough_approach_ground::ground::rough_collision,1,1,7.76104129262e-08,1.42077408895,1.74931592922,24.9000897106
1128.332,combined_rough_section::nino::left_wheel_link::left_wheel_link_collision,rough_approach_ground::ground::rough_collision,1,1,4.55538960997e-08,1.72304517567,-5.53119739457,20.3032741946
1128.332,combined_rough_section::nino::right_wheel_link::right_wheel_link_collision,none,0,0,0,0,0,0
1128.354,combined_rough_section::nino::base_footprint::base_footprint_fixed_joint_lump__base_link_collision,rough_approach_ground::ground::rough_collision,1,1,2.16795467134e-08,-3.0331907319,3.71213885415,9.23139778609
1128.354,combined_rough_section::nino::base_footprint::base_footprint_fixed_joint_lump__laser_collision_1,none,0,0,0,0,0,0
1128.354,combined_rough_section::nino::caster_bracket_left_link::caster_bracket_left_link_collision,none,0,0,0,0,0,0
1128.354,combined_rough_section::nino::caster_left_wheel_link::caster_left_wheel_link_collision,rough_approach_ground::ground::rough_collision,1,1,1.09838473386e-09,-0.110634587502,0.0697388413764,0.390105563207
1128.354,combined_rough_section::nino::caster_bracket_right_link::caster_bracket_right_link_collision,none,0,0,0,0,0,0
1128.354,combined_rough_section::nino::caster_right_wheel_link::caster_right_wheel_link_collision,rough_approach_ground::ground::rough_collision,1,1,7.76103959051e-08,1.42077408573,1.74931944638,24.900093612
1128.354,combined_rough_section::nino::left_wheel_link::left_wheel_link_collision,rough_approach_ground::ground::rough_collision,1,1,4.55539066468e-08,1.72305240126,-5.53119709024,20.3032772639
1128.354,combined_rough_section::nino::right_wheel_link::right_wheel_link_collision,none,0,0,0,0,0,0
1128.376,combined_rough_section::nino::base_footprint::base_footprint_fixed_joint_lump__base_link_collision,rough_approach_ground::ground::rough_collision,1,1,2.16795390529e-08,-3.0331962304,3.71213615395,9.23139595988
1128.376,combined_rough_section::nino::base_footprint::base_footprint_fixed_joint_lump__laser_collision_1,none,0,0,0,0,0,0
1128.376,combined_rough_section::nino::caster_bracket_left_link::caster_bracket_left_link_collision,none,0,0,0,0,0,0
1128.376,combined_rough_section::nino::caster_left_wheel_link::caster_left_wheel_link_collision,rough_approach_ground::ground::rough_collision,1,1,1.09836573517e-09,-0.11063570409,0.0697369665851,0.390099862552
1128.376,combined_rough_section::nino::caster_bracket_right_link::caster_bracket_right_link_collision,none,0,0,0,0,0,0
1128.376,combined_rough_section::nino::caster_right_wheel_link::caster_right_wheel_link_collision,rough_approach_ground::ground::rough_collision,1,1,7.76103733398e-08,1.42077407801,1.74932413215,24.900098732
1128.376,combined_rough_section::nino::left_wheel_link::left_wheel_link_collision,rough_approach_ground::ground::rough_collision,1,1,4.55539154454e-08,1.72305842777,-5.53119683704,20.3032798262
1128.376,combined_rough_section::nino::right_wheel_link::right_wheel_link_collision,none,0,0,0,0,0,0
1128.398,combined_rough_section::nino::base_footprint::base_footprint_fixed_joint_lump__base_link_collision,rough_approach_ground::ground::rough_collision,1,1,2.16795301711e-08,-3.03320269472,3.71213294461,9.23139381514
1128.398,combined_rough_section::nino::base_footprint::base_footprint_fixed_joint_lump__laser_collision_1,none,0,0,0,0,0,0
1128.398,combined_rough_section::nino::caster_bracket_left_link::caster_bracket_left_link_collision,none,0,0,0,0,0,0
1128.398,combined_rough_section::nino::caster_left_wheel_link::caster_left_wheel_link_collision,rough_approach_ground::ground::rough_collision,1,1,1.09834348561e-09,-0.110637011085,0.0697347692986,0.390093179442
1128.398,combined_rough_section::nino::caster_bracket_right_link::caster_bracket_right_link_collision,none,0,0,0,0,0,0
1128.398,combined_rough_section::nino::caster_right_wheel_link::caster_right_wheel_link_collision,rough_approach_ground::ground::rough_collision,1,1,7.76103506565e-08,1.4207740707,1.74932881834,24.9001038615
1128.398,combined_rough_section::nino::left_wheel_link::left_wheel_link_collision,rough_approach_ground::ground::rough_collision,1,1,4.55539260619e-08,1.72306563504,-5.53119653223,20.3032828828
1128.398,combined_rough_section::nino::right_wheel_link::right_wheel_link_collision,none,0,0,0,0,0,0
1128.42,combined_rough_section::nino::base_footprint::base_footprint_fixed_joint_lump__base_link_collision,rough_approach_ground::ground::rough_collision,1,1,2.16795231767e-08,-3.03320769962,3.71213049312,9.23139215261
1128.42,combined_rough_section::nino::base_footprint::base_footprint_fixed_joint_lump__laser_collision_1,none,0,0,0,0,0,0
1128.42,combined_rough_section::nino::caster_bracket_left_link::caster_bracket_left_link_collision,none,0,0,0,0,0,0
1128.42,combined_rough_section::nino::caster_left_wheel_link::caster_left_wheel_link_collision,rough_approach_ground::ground::rough_collision,1,1,1.09832442446e-09,-0.110638130657,0.0697328905419,0.390087467435
1128.42,combined_rough_section::nino::caster_bracket_right_link::caster_bracket_right_link_collision,none,0,0,0,0,0,0
1128.42,combined_rough_section::nino::caster_right_wheel_link::caster_right_wheel_link_collision,rough_approach_ground::ground::rough_collision,1,1,7.76103336771e-08,1.42077406605,1.74933233389,24.9001077284
1128.42,combined_rough_section::nino::left_wheel_link::left_wheel_link_collision,rough_approach_ground::ground::rough_collision,1,1,4.55539347771e-08,1.7230716628,-5.53119627899,20.3032854457
1128.42,combined_rough_section::nino::right_wheel_link::right_wheel_link_collision,none,0,0,0,0,0,0
1128.442,combined_rough_section::nino::base_footprint::base_footprint_fixed_joint_lump__base_link_collision,rough_approach_ground::ground::rough_collision,1,1,2.16795155161e-08,-3.03321317434,3.71212778027,9.23139033579
1128.442,combined_rough_section::nino::base_footprint::base_footprint_fixed_joint_lump__laser_collision_1,none,0,0,0,0,0,0
1128.442,combined_rough_section::nino::caster_bracket_left_link::caster_bracket_left_link_collision,none,0,0,0,0,0,0
1128.442,combined_rough_section::nino::caster_left_wheel_link::caster_left_wheel_link_collision,rough_approach_ground::ground::rough_collision,1,1,1.09830720907e-09,-0.11063913631,0.0697311996563,0.39008232441
1128.442,combined_rough_section::nino::caster_bracket_right_link::caster_bracket_right_link_collision,none,0,0,0,0,0,0
1128.442,combined_rough_section::nino::caster_right_wheel_link::caster_right_wheel_link_collision,rough_approach_ground::ground::rough_collision,1,1,7.7610311025e-08,1.4207740581,1.74933701936,24.9001128424
1128.442,combined_rough_section::nino::left_wheel_link::left_wheel_link_collision,rough_approach_ground::ground::rough_collision,1,1,4.55539453104e-08,1.72307886998,-5.53119597418,20.3032885023
1128.442,combined_rough_section::nino::right_wheel_link::right_wheel_link_collision,none,0,0,0,0,0,0
1128.464,combined_rough_section::nino::base_footprint::base_footprint_fixed_joint_lump__base_link_collision,rough_approach_ground::ground::rough_collision,1,1,2.16795087438e-08,-3.03321818419,3.71212533106,9.23138867167
1128.464,combined_rough_section::nino::base_footprint::base_footprint_fixed_joint_lump__laser_collision_1,none,0,0,0,0,0,0
1128.464,combined_rough_section::nino::caster_bracket_left_link::caster_bracket_left_link_collision,none,0,0,0,0,0,0
1128.464,combined_rough_section::nino::caster_left_wheel_link::caster_left_wheel_link_collision,rough_approach_ground::ground::rough_collision,1,1,1.0982883214e-09,-0.110640264358,0.0697293086845,0.3900765766
1128.464,combined_rough_section::nino::caster_bracket_right_link::caster_bracket_right_link_collision,none,0,0,0,0,0,0
1128.464,combined_rough_section::nino::caster_right_wheel_link::caster_right_wheel_link_collision,rough_approach_ground::ground::rough_collision,1,1,7.76102883904e-08,1.42077405161,1.74934170642,24.9001179911
1128.464,combined_rough_section::nino::left_wheel_link::left_wheel_link_collision,rough_approach_ground::ground::rough_collision,1,1,4.55539540534e-08,1.7230849141,-5.53119572149,20.3032910769
1128.464,combined_rough_section::nino::right_wheel_link::right_wheel_link_collision,none,0,0,0,0,0,0
1128.486,combined_rough_section::nino::base_footprint::base_footprint_fixed_joint_lump__base_link_collision,rough_approach_ground::ground::rough_collision,1,1,2.1679499751e-08,-3.0332246531,3.71212212422,9.23138652512
1128.486,combined_rough_section::nino::base_footprint::base_footprint_fixed_joint_lump__laser_collision_1,none,0,0,0,0,0,0
1128.486,combined_rough_section::nino::caster_bracket_left_link::caster_bracket_left_link_collision,none,0,0,0,0,0,0
1128.486,combined_rough_section::nino::caster_left_wheel_link::caster_left_wheel_link_collision,rough_approach_ground::ground::rough_collision,1,1,1.09826931577e-09,-0.110641375347,0.0697274420106,0.390070899778
1128.486,combined_rough_section::nino::caster_bracket_right_link::caster_bracket_right_link_collision,none,0,0,0,0,0,0
1128.486,combined_rough_section::nino::caster_right_wheel_link::caster_right_wheel_link_collision,rough_approach_ground::ground::rough_collision,1,1,7.76102714699e-08,1.42077404726,1.74934522227,24.9001218649
1128.486,combined_rough_section::nino::left_wheel_link::left_wheel_link_collision,rough_approach_ground::ground::rough_collision,1,1,4.55539645311e-08,1.72309207326,-5.53119541527,20.3032940996
1128.486,combined_rough_section::nino::right_wheel_link::right_wheel_link_collision,none,0,0,0,0,0,0
1128.508,combined_rough_section::nino::base_footprint::base_footprint_fixed_joint_lump__base_link_collision,rough_approach_ground::ground::rough_collision,1,1,2.16794936447e-08,-3.03322916943,3.71211992426,9.23138502414
1128.508,combined_rough_section::nino::base_footprint::base_footprint_fixed_joint_lump__laser_collision_1,none,0,0,0,0,0,0
1128.508,combined_rough_section::nino::caster_bracket_left_link::caster_bracket_left_link_collision,none,0,0,0,0,0,0
1128.508,combined_rough_section::nino::caster_left_wheel_link::caster_left_wheel_link_collision,rough_approach_ground::ground::rough_collision,1,1,1.09825029279e-09,-0.110642491316,0.0697255685534,0.390065203391
1128.508,combined_rough_section::nino::caster_bracket_right_link::caster_bracket_right_link_collision,none,0,0,0,0,0,0
1128.508,combined_rough_section::nino::caster_right_wheel_link::caster_right_wheel_link_collision,rough_approach_ground::ground::rough_collision,1,1,7.76102489219e-08,1.42077404008,1.74934990853,24.9001269969
1128.508,combined_rough_section::nino::left_wheel_link::left_wheel_link_collision,rough_approach_ground::ground::rough_collision,1,1,4.55539732741e-08,1.72309813389,-5.53119516305,20.3032966859
1128.508,combined_rough_section::nino::right_wheel_link::right_wheel_link_collision,none,0,0,0,0,0,0
1128.53,combined_rough_section::nino::base_footprint::base_footprint_fixed_joint_lump__base_link_collision,rough_approach_ground::ground::rough_collision,1,1,2.16794860952e-08,-3.03323470204,3.71211724209,9.23138318471
1128.53,combined_rough_section::nino::base_footprint::base_footprint_fixed_joint_lump__laser_collision_1,none,0,0,0,0,0,0
1128.53,combined_rough_section::nino::caster_bracket_left_link::caster_bracket_left_link_collision,none,0,0,0,0,0,0
1128.53,combined_rough_section::nino::caster_left_wheel_link::caster_left_wheel_link_collision,rough_approach_ground::ground::rough_collision,1,1,1.09822954203e-09,-0.110643711618,0.0697235206014,0.390058976876
1128.53,combined_rough_section::nino::caster_bracket_right_link::caster_bracket_right_link_collision,none,0,0,0,0,0,0
1128.53,combined_rough_section::nino::caster_right_wheel_link::caster_right_wheel_link_collision,rough_approach_ground::ground::rough_collision,1,1,7.7610226256e-08,1.42077403357,1.74935459551,24.9001321444
1128.53,combined_rough_section::nino::left_wheel_link::left_wheel_link_collision,rough_approach_ground::ground::rough_collision,1,1,4.55539836269e-08,1.72310536436,-5.5311948589,20.3032997587
1128.53,combined_rough_section::nino::right_wheel_link::right_wheel_link_collision,none,0,0,0,0,0,0
1128.552,combined_rough_section::nino::base_footprint::base_footprint_fixed_joint_lump__base_link_collision,rough_approach_ground::ground::rough_collision,1,1,2.16794777685e-08,-3.03324066754,3.71211427889,9.23138120556
1128.552,combined_rough_section::nino::base_footprint::base_footprint_fixed_joint_lump__laser_collision_1,none,0,0,0,0,0,0
1128.552,combined_rough_section::nino::caster_bracket_left_link::caster_bracket_left_link_collision,none,0,0,0,0,0,0
1128.552,combined_rough_section::nino::caster_left_wheel_link::caster_left_wheel_link_collision,rough_approach_ground::ground::rough_collision,1,1,1.09821246888e-09,-0.110644720224,0.0697218256432,0.390053822062
1128.552,combined_rough_section::nino::caster_bracket_right_link::caster_bracket_right_link_collision,none,0,0,0,0,0,0
1128.552,combined_rough_section::nino::caster_right_wheel_link::caster_right_wheel_link_collision,rough_approach_ground::ground::rough_collision,1,1,7.76102092905e-08,1.42077402661,1.74935810846,24.9001359556
1128.552,combined_rough_section::nino::left_wheel_link::left_wheel_link_collision,rough_approach_ground::ground::rough_collision,1,1,4.5553992592e-08,1.7231113605,-5.53119460481,20.3033022996
1128.552,combined_rough_section::nino::right_wheel_link::right_wheel_link_collision,none,0,0,0,0,0,0
1128.574,combined_rough_section::nino::base_footprint::base_footprint_fixed_joint_lump__base_link_collision,rough_approach_ground::ground::rough_collision,1,1,2.16794708852e-08,-3.0332456792,3.71211183086,9.23137954057
1128.574,combined_rough_section::nino::base_footprint::base_footprint_fixed_joint_lump__laser_collision_1,none,0,0,0,0,0,0
1128.574,combined_rough_section::nino::caster_bracket_left_link::caster_bracket_left_link_collision,none,0,0,0,0,0,0
1128.574,combined_rough_section::nino::caster_left_wheel_link::caster_left_wheel_link_collision,rough_approach_ground::ground::rough_collision,1,1,1.09819530206e-09,-0.110645740377,0.0697201143564,0.39004861964
1128.574,combined_rough_section::nino::caster_bracket_right_link::caster_bracket_right_link_collision,none,0,0,0,0,0,0
1128.574,combined_rough_section::nino::caster_right_wheel_link::caster_right_wheel_link_collision,rough_approach_ground::ground::rough_collision,1,1,7.76101866974e-08,1.42077402049,1.74936279584,24.9001411122
1128.574,combined_rough_section::nino::left_wheel_link::left_wheel_link_collision,rough_approach_ground::ground::rough_collision,1,1,4.55540029726e-08,1.7231185613,-5.5311942998,20.3033053517
1128.574,combined_rough_section::nino::right_wheel_link::right_wheel_link_collision,none,0,0,0,0,0,0
1128.596,combined_rough_section::nino::base_footprint::base_footprint_fixed_joint_lump__base_link_collision,rough_approach_ground::ground::rough_collision,1,1,2.16794618924e-08,-3.03325215701,3.71210862847,9.23137739086
1128.596,combined_rough_section::nino::base_footprint::base_footprint_fixed_joint_lump__laser_collision_1,none,0,0,0,0,0,0
1128.596,combined_rough_section::nino::caster_bracket_left_link::caster_bracket_left_link_collision,none,0,0,0,0,0,0
1128.596,combined_rough_section::nino::caster_left_wheel_link::caster_left_wheel_link_collision,rough_approach_ground::ground::rough_collision,1,1,1.098172768e-09,-0.110647052661,0.069717909881,0.39004191581
1128.596,combined_rough_section::nino::caster_bracket_right_link::caster_bracket_right_link_collision,none,0,0,0,0,0,0
1128.596,combined_rough_section::nino::caster_right_wheel_link::caster_right_wheel_link_collision,rough_approach_ground::ground::rough_collision,1,1,7.76101640454e-08,1.42077401398,1.74936748278,24.9001462595
1128.596,combined_rough_section::nino::left_wheel_link::left_wheel_link_collision,rough_approach_ground::ground::rough_collision,1,1,4.55540117433e-08,1.72312457342,-5.53119404585,20.3033079027
1128.596,combined_rough_section::nino::right_wheel_link::right_wheel_link_collision,none,0,0,0,0,0,0
1128.618,combined_rough_section::nino::base_footprint::base_footprint_fixed_joint_lump__base_link_collision,rough_approach_ground::ground::rough_collision,1,1,2.1679455009e-08,-3.03325716874,3.71210618114,9.23137572521
1128.618,combined_rough_section::nino::base_footprint::base_footprint_fixed_joint_lump__laser_collision_1,none,0,0,0,0,0,0
1128.618,combined_rough_section::nino::caster_bracket_left_link::caster_bracket_left_link_collision,none,0,0,0,0,0,0
1128.618,combined_rough_section::nino::caster_left_wheel_link::caster_left_wheel_link_collision,rough_approach_ground::ground::rough_collision,1,1,1.09815560118e-09,-0.110648072595,0.0697161982915,0.390036711999
1128.618,combined_rough_section::nino::caster_bracket_right_link::caster_bracket_right_link_collision,none,0,0,0,0,0,0
1128.618,combined_rough_section::nino::caster_right_wheel_link::caster_right_wheel_link_collision,rough_approach_ground::ground::rough_collision,1,1,7.7610147059e-08,1.42077401013,1.74937099912,24.9001501446
1128.618,combined_rough_section::nino::left_wheel_link::left_wheel_link_collision,rough_approach_ground::ground::rough_collision,1,1,4.55540223737e-08,1.72313181293,-5.53119374259,20.3033109841
1128.618,combined_rough_section::nino::right_wheel_link::right_wheel_link_collision,none,0,0,0,0,0,0
1128.64,combined_rough_section::nino::base_footprint::base_footprint_fixed_joint_lump__base_link_collision,rough_approach_ground::ground::rough_collision,1,1,2.16794481256e-08,-3.03326216121,3.7121037235,9.23137406721
1128.64,combined_rough_section::nino::base_footprint::base_footprint_fixed_joint_lump__laser_collision_1,none,0,0,0,0,0,0
1128.64,combined_rough_section::nino::caster_bracket_left_link::caster_bracket_left_link_collision,none,0,0,0,0,0,0
1128.64,combined_rough_section::nino::caster_left_wheel_link::caster_left_wheel_link_collision,rough_approach_ground::ground::rough_collision,1,1,1.09813651922e-09,-0.110649186488,0.069714327729,0.390031024018
1128.64,combined_rough_section::nino::caster_bracket_right_link::caster_bracket_right_link_collision,none,0,0,0,0,0,0
1128.64,combined_rough_section::nino::caster_right_wheel_link::caster_right_wheel_link_collision,rough_approach_ground::ground::rough_collision,1,1,7.76101244937e-08,1.4207740025,1.74937568478,24.9001552645
1128.64,combined_rough_section::nino::left_wheel_link::left_wheel_link_collision,rough_approach_ground::ground::rough_collision,1,1,4.5554031089e-08,1.72313784343,-5.53119348921,20.3033135482
1128.64,combined_rough_section::nino::right_wheel_link::right_wheel_link_collision,none,0,0,0,0,0,0
1128.662,combined_rough_section::nino::base_footprint::base_footprint_fixed_joint_lump__base_link_collision,rough_approach_ground::ground::rough_collision,1,1,2.16794405761e-08,-3.03326765563,3.7121010208,9.23137224308
1128.662,combined_rough_section::nino::base_footprint::base_footprint_fixed_joint_lump__laser_collision_1,none,0,0,0,0,0,0
1128.662,combined_rough_section::nino::caster_bracket_left_link::caster_bracket_left_link_collision,none,0,0,0,0,0,0
1128.662,combined_rough_section::nino::caster_left_wheel_link::caster_left_wheel_link_collision,rough_approach_ground::ground::rough_collision,1,1,1.09811762461e-09,-0.11065030001,0.0697124575193,0.390025336924
1128.662,combined_rough_section::nino::caster_bracket_right_link::caster_bracket_right_link_collision,none,0,0,0,0,0,0
1128.662,combined_rough_section::nino::caster_right_wheel_link::caster_right_wheel_link_collision,rough_approach_ground::ground::rough_collision,1,1,7.76101019562e-08,1.42077399546,1.74938037109,24.9001603986
1128.662,combined_rough_section::nino::left_wheel_link::left_wheel_link_collision,rough_approach_ground::ground::rough_collision,1,1,4.55540416777e-08,1.7231450566,-5.53119318459,20.303316609
1128.662,combined_rough_section::nino::right_wheel_link::right_wheel_link_collision,none,0,0,0,0,0,0
1128.684,combined_rough_section::nino::base_footprint::base_footprint_fixed_joint_lump__base_link_collision,rough_approach_ground::ground::rough_collision,1,1,2.16794331376e-08,-3.03327316054,3.71209832378,9.23137041473
1128.684,combined_rough_section::nino::base_footprint::base_footprint_fixed_joint_lump__laser_collision_1,none,0,0,0,0,0,0
1128.684,combined_rough_section::nino::caster_bracket_left_link::caster_bracket_left_link_collision,none,0,0,0,0,0,0
1128.684,combined_rough_section::nino::caster_left_wheel_link::caster_left_wheel_link_collision,rough_approach_ground::ground::rough_collision,1,1,1.09809874735e-09,-0.11065141985,0.0697105781668,0.390019623001
1128.684,combined_rough_section::nino::caster_bracket_right_link::caster_bracket_right_link_collision,none,0,0,0,0,0,0
1128.684,combined_rough_section::nino::caster_right_wheel_link::caster_right_wheel_link_collision,rough_approach_ground::ground::rough_collision,1,1,7.76100849142e-08,1.42077399095,1.74938388666,24.9001642674
1128.684,combined_rough_section::nino::left_wheel_link::left_wheel_link_collision,rough_approach_ground::ground::rough_collision,1,1,4.55540505179e-08,1.72315108586,-5.53119293167,20.3033191739
1128.684,combined_rough_section::nino::right_wheel_link::right_wheel_link_collision,none,0,0,0,0,0,0
1128.706,combined_rough_section::nino::base_footprint::base_footprint_fixed_joint_lump__base_link_collision,rough_approach_ground::ground::rough_collision,1,1,2.16794241448e-08,-3.03327965933,3.71209513341,9.23136825599
1128.706,combined_rough_section::nino::base_footprint::base_footprint_fixed_joint_lump__laser_collision_1,none,0,0,0,0,0,0
1128.706,combined_rough_section::nino::caster_bracket_left_link::caster_bracket_left_link_collision,none,0,0,0,0,0,0
1128.706,combined_rough_section::nino::caster_left_wheel_link::caster_left_wheel_link_collision,rough_approach_ground::ground::rough_collision,1,1,1.09807995335e-09,-0.110652535777,0.0697087048575,0.390013927118
1128.706,combined_rough_section::nino::caster_bracket_right_link::caster_bracket_right_link_collision,none,0,0,0,0,0,0
1128.706,combined_rough_section::nino::caster_right_wheel_link::caster_right_wheel_link_collision,rough_approach_ground::ground::rough_collision,1,1,7.76100623802e-08,1.42077398398,1.74938857302,24.9001694029
1128.706,combined_rough_section::nino::left_wheel_link::left_wheel_link_collision,rough_approach_ground::ground::rough_collision,1,1,4.55540610095e-08,1.72315831535,-5.53119262772,20.3033222469
1128.706,combined_rough_section::nino::right_wheel_link::right_wheel_link_collision,none,0,0,0,0,0,0
1128.726,combined_rough_section::nino::base_footprint::base_footprint_fixed_joint_lump__base_link_collision,rough_approach_ground::ground::rough_collision,1,1,2.16794172614e-08,-3.0332846461,3.71209267216,9.23136660085
1128.726,combined_rough_section::nino::base_footprint::base_footprint_fixed_joint_lump__laser_collision_1,none,0,0,0,0,0,0
1128.726,combined_rough_section::nino::caster_bracket_left_link::caster_bracket_left_link_collision,none,0,0,0,0,0,0
1128.726,combined_rough_section::nino::caster_left_wheel_link::caster_left_wheel_link_collision,rough_approach_ground::ground::rough_collision,1,1,1.09806260265e-09,-0.110653550128,0.0697070016513,0.390008748154
1128.726,combined_rough_section::nino::caster_bracket_right_link::caster_bracket_right_link_collision,none,0,0,0,0,0,0
1128.726,combined_rough_section::nino::caster_right_wheel_link::caster_right_wheel_link_collision,rough_approach_ground::ground::rough_collision,1,1,7.7610045425e-08,1.4207739781,1.74939208705,24.9001732386
1128.726,combined_rough_section::nino::left_wheel_link::left_wheel_link_collision,rough_approach_ground::ground::rough_collision,1,1,4.55540697109e-08,1.72316431914,-5.53119237359,20.3033247923
1128.726,combined_rough_section::nino::right_wheel_link::right_wheel_link_collision,none,0,0,0,0,0,0
1128.748,combined_rough_section::nino::base_footprint::base_footprint_fixed_joint_lump__base_link_collision,rough_approach_ground::ground::rough_collision,1,1,2.1679410378e-08,-3.03328963651,3.71209021338,9.23136494376
1128.748,combined_rough_section::nino::base_footprint::base_footprint_fixed_joint_lump__laser_collision_1,none,0,0,0,0,0,0
1128.748,combined_rough_section::nino::caster_bracket_left_link::caster_bracket_left_link_collision,none,0,0,0,0,0,0
1128.748,combined_rough_section::nino::caster_left_wheel_link::caster_left_wheel_link_collision,rough_approach_ground::ground::rough_collision,1,1,1.09804374621e-09,-0.110654662858,0.0697051325151,0.390003064151
1128.748,combined_rough_section::nino::caster_bracket_right_link::caster_bracket_right_link_collision,none,0,0,0,0,0,0
1128.748,combined_rough_section::nino::caster_right_wheel_link::caster_right_wheel_link_collision,rough_approach_ground::ground::rough_collision,1,1,7.76100228979e-08,1.42077397176,1.74939677407,24.9001783889
1128.748,combined_rough_section::nino::left_wheel_link::left_wheel_link_collision,rough_approach_ground::ground::rough_collision,1,1,4.55540785649e-08,1.72317032754,-5.53119211994,20.3033273421
1128.748,combined_rough_section::nino::right_wheel_link::right_wheel_link_collision,none,0,0,0,0,0,0
1128.77,combined_rough_section::nino::base_footprint::base_footprint_fixed_joint_lump__base_link_collision,rough_approach_ground::ground::rough_collision,1,1,2.16794020513e-08,-3.03329563625,3.71208726858,9.23136295108
1128.77,combined_rough_section::nino::base_footprint::base_footprint_fixed_joint_lump__laser_collision_1,none,0,0,0,0,0,0
1128.77,combined_rough_section::nino::caster_bracket_left_link::caster_bracket_left_link_collision,none,0,0,0,0,0,0
1128.77,combined_rough_section::nino::caster_left_wheel_link::caster_left_wheel_link_collision,rough_approach_ground::ground::rough_collision,1,1,1.09802312728e-09,-0.110655881666,0.0697030865066,0.389996843161
1128.77,combined_rough_section::nino::caster_bracket_right_link::caster_bracket_right_link_collision,none,0,0,0,0,0,0
1128.77,combined_rough_section::nino::caster_right_wheel_link::caster_right_wheel_link_collision,rough_approach_ground::ground::rough_collision,1,1,7.76100002597e-08,1.42077396516,1.74940146079,24.9001835327
1128.77,combined_rough_section::nino::left_wheel_link::left_wheel_link_collision,rough_approach_ground::ground::rough_collision,1,1,4.55540890565e-08,1.72317755268,-5.53119181585,20.303330412
1128.77,combined_rough_section::nino::right_wheel_link::right_wheel_link_collision,none,0,0,0,0,0,0
1128.792,combined_rough_section::nino::base_footprint::base_footprint_fixed_joint_lump__base_link_collision,rough_approach_ground::ground::rough_collision,1,1,2.16793947239e-08,-3.03330115002,3.71208457659,9.23136111899
1128.792,combined_rough_section::nino::base_footprint::base_footprint_fixed_joint_lump__laser_collision_1,none,0,0,0,0,0,0
1128.792,combined_rough_section::nino::caster_bracket_left_link::caster_bracket_left_link_collision,none,0,0,0,0,0,0
1128.792,combined_rough_section::nino::caster_left_wheel_link::caster_left_wheel_link_collision,rough_approach_ground::ground::rough_collision,1,1,1.09800567943e-09,-0.110656893228,0.0697013877737,0.389991677675
1128.792,combined_rough_section::nino::caster_bracket_right_link::caster_bracket_right_link_collision,none,0,0,0,0,0,0
1128.792,combined_rough_section::nino::caster_right_wheel_link::caster_right_wheel_link_collision,rough_approach_ground::ground::rough_collision,1,1,7.76099834017e-08,1.42077396021,1.74940497581,24.9001873904
1128.792,combined_rough_section::nino::left_wheel_link::left_wheel_link_collision,rough_approach_ground::ground::rough_collision,1,1,4.55540977995e-08,1.72318355864,-5.53119156178,20.3033329589
1128.792,combined_rough_section::nino::right_wheel_link::right_wheel_link_collision,none,0,0,0,0,0,0
1128.814,combined_rough_section::nino::base_footprint::base_footprint_fixed_joint_lump__base_link_collision,rough_approach_ground::ground::rough_collision,1,1,2.16793877295e-08,-3.03330613208,3.71208211324,9.23135946534
1128.814,combined_rough_section::nino::base_footprint::base_footprint_fixed_joint_lump__laser_collision_1,none,0,0,0,0,0,0
1128.814,combined_rough_section::nino::caster_bracket_left_link::caster_bracket_left_link_collision,none,0,0,0,0,0,0
1128.814,combined_rough_section::nino::caster_left_wheel_link::caster_left_wheel_link_collision,rough_approach_ground::ground::rough_collision,1,1,1.09798664952e-09,-0.110658013228,0.0696995079841,0.389985962304
1128.814,combined_rough_section::nino::caster_bracket_right_link::caster_bracket_right_link_collision,none,0,0,0,0,0,0
1128.814,combined_rough_section::nino::caster_right_wheel_link::caster_right_wheel_link_collision,rough_approach_ground::ground::rough_collision,1,1,7.76099607115e-08,1.42077395347,1.74940966234,24.9001925305
1128.814,combined_rough_section::nino::left_wheel_link::left_wheel_link_collision,rough_approach_ground::ground::rough_collision,1,1,4.55541082911e-08,1.72319080095,-5.53119125809,20.3033360405
1128.814,combined_rough_section::nino::right_wheel_link::right_wheel_link_collision,none,0,0,0,0,0,0
1128.836,combined_rough_section::nino::base_footprint::base_footprint_fixed_joint_lump__base_link_collision,rough_approach_ground::ground::rough_collision,1,1,2.16793801799e-08,-3.03331162417,3.71207940977,9.23135764175
1128.836,combined_rough_section::nino::base_footprint::base_footprint_fixed_joint_lump__laser_collision_1,none,0,0,0,0,0,0
1128.836,combined_rough_section::nino::caster_bracket_left_link::caster_bracket_left_link_collision,none,0,0,0,0,0,0
1128.836,combined_rough_section::nino::caster_left_wheel_link::caster_left_wheel_link_collision,rough_approach_ground::ground::rough_collision,1,1,1.09796621447e-09,-0.110659236628,0.0696974554915,0.389979722416
1128.836,combined_rough_section::nino::caster_bracket_right_link::caster_bracket_right_link_collision,none,0,0,0,0,0,0
1128.836,combined_rough_section::nino::caster_right_wheel_link::caster_right_wheel_link_collision,rough_approach_ground::ground::rough_collision,1,1,7.76099381115e-08,1.42077394742,1.74941434961,24.9001976867
1128.836,combined_rough_section::nino::left_wheel_link::left_wheel_link_collision,rough_approach_ground::ground::rough_collision,1,1,4.55541172145e-08,1.72319680463,-5.53119100448,20.3033385876
1128.836,combined_rough_section::nino::right_wheel_link::right_wheel_link_collision,none,0,0,0,0,0,0
1128.858,combined_rough_section::nino::base_footprint::base_footprint_fixed_joint_lump__base_link_collision,rough_approach_ground::ground::rough_collision,1,1,2.16793731855e-08,-3.03331664275,3.71207696591,9.23135597368
1128.858,combined_rough_section::nino::base_footprint::base_footprint_fixed_joint_lump__laser_collision_1,none,0,0,0,0,0,0
1128.858,combined_rough_section::nino::caster_bracket_left_link::caster_bracket_left_link_collision,none,0,0,0,0,0,0
1128.858,combined_rough_section::nino::caster_left_wheel_link::caster_left_wheel_link_collision,rough_approach_ground::ground::rough_collision,1,1,1.09795059156e-09,-0.110660150334,0.0696959214052,0.389975057777
1128.858,combined_rough_section::nino::caster_bracket_right_link::caster_bracket_right_link_collision,none,0,0,0,0,0,0
1128.858,combined_rough_section::nino::caster_right_wheel_link::caster_right_wheel_link_collision,rough_approach_ground::ground::rough_collision,1,1,7.76099211355e-08,1.42077394246,1.74941786459,24.9002015438
1128.858,combined_rough_section::nino::left_wheel_link::left_wheel_link_collision,rough_approach_ground::ground::rough_collision,1,1,4.55541275951e-08,1.72320399307,-5.53119069905,20.3033416307
1128.858,combined_rough_section::nino::right_wheel_link::right_wheel_link_collision,none,0,0,0,0,0,0
1128.88,combined_rough_section::nino::base_footprint::base_footprint_fixed_joint_lump__base_link_collision,rough_approach_ground::ground::rough_collision,1,1,2.16793650809e-08,-3.03332263659,3.71207401824,9.23135398312
1128.88,combined_rough_section::nino::base_footprint::base_footprint_fixed_joint_lump__laser_collision_1,none,0,0,0,0,0,0
1128.88,combined_rough_section::nino::caster_bracket_left_link::caster_bracket_left_link_collision,none,0,0,0,0,0,0
1128.88,combined_rough_section::nino::caster_left_wheel_link::caster_left_wheel_link_collision,rough_approach_ground::ground::rough_collision,1,1,1.09792804362e-09,-0.110661464977,0.0696937131984,0.389968342741
1128.88,combined_rough_section::nino::caster_bracket_right_link::caster_bracket_right_link_collision,none,0,0,0,0,0,0
1128.88,combined_rough_section::nino::caster_right_wheel_link::caster_right_wheel_link_collision,rough_approach_ground::ground::rough_collision,1,1,7.76098984939e-08,1.42077393565,1.74942255099,24.9002066816
1128.88,combined_rough_section::nino::left_wheel_link::left_wheel_link_collision,rough_approach_ground::ground::rough_collision,1,1,4.55541364491e-08,1.72321006778,-5.53119044769,20.3033442284
1128.88,combined_rough_section::nino::right_wheel_link::right_wheel_link_collision,none,0,0,0,0,0,0
1128.902,combined_rough_section::nino::base_footprint::base_footprint_fixed_joint_lump__base_link_collision,rough_approach_ground::ground::rough_collision,1,1,2.16793570873e-08,-3.03332862007,3.71207106441,9.23135199728
1128.902,combined_rough_section::nino::base_footprint::base_footprint_fixed_joint_lump__laser_collision_1,none,0,0,0,0,0,0
1128.902,combined_rough_section::nino::caster_bracket_left_link::caster_bracket_left_link_collision,none,0,0,0,0,0,0
1128.902,combined_rough_section::nino::caster_left_wheel_link::caster_left_wheel_link_collision,rough_approach_ground::ground::rough_collision,1,1,1.09791085598e-09,-0.110662476402,0.0696920142029,0.389963176112
1128.902,combined_rough_section::nino::caster_bracket_right_link::caster_bracket_right_link_collision,none,0,0,0,0,0,0
1128.902,combined_rough_section::nino::caster_right_wheel_link::caster_right_wheel_link_collision,rough_approach_ground::ground::rough_collision,1,1,7.7609875939e-08,1.42077392836,1.74942723686,24.9002118081
1128.902,combined_rough_section::nino::left_wheel_link::left_wheel_link_collision,rough_approach_ground::ground::rough_collision,1,1,4.55541470379e-08,1.72321727152,-5.53119014266,20.3033472822
1128.902,combined_rough_section::nino::right_wheel_link::right_wheel_link_collision,none,0,0,0,0,0,0
1128.924,combined_rough_section::nino::base_footprint::base_footprint_fixed_joint_lump__base_link_collision,rough_approach_ground::ground::rough_collision,1,1,2.16793500929e-08,-3.03333365508,3.71206862984,9.23135032224
1128.924,combined_rough_section::nino::base_footprint::base_footprint_fixed_joint_lump__laser_collision_1,none,0,0,0,0,0,0
1128.924,combined_rough_section::nino::caster_bracket_left_link::caster_bracket_left_link_collision,none,0,0,0,0,0,0
1128.924,combined_rough_section::nino::caster_left_wheel_link::caster_left_wheel_link_collision,rough_approach_ground::ground::rough_collision,1,1,1.09789179137e-09,-0.110663608537,0.0696901171035,0.389957410148
1128.924,combined_rough_section::nino::caster_bracket_right_link::caster_bracket_right_link_collision,none,0,0,0,0,0,0
1128.924,combined_rough_section::nino::caster_right_wheel_link::caster_right_wheel_link_collision,rough_approach_ground::ground::rough_collision,1,1,7.76098590428e-08,1.42077392234,1.74943075063,24.9002156395
1128.924,combined_rough_section::nino::left_wheel_link::left_wheel_link_collision,rough_approach_ground::ground::rough_collision,1,1,4.55541558364e-08,1.72322333909,-5.53118989105,20.3033498747
1128.924,combined_rough_section::nino::right_wheel_link::right_wheel_link_collision,none,0,0,0,0,0,0
1128.946,combined_rough_section::nino::base_footprint::base_footprint_fixed_joint_lump__base_link_collision,rough_approach_ground::ground::rough_collision,1,1,2.16793424324e-08,-3.03333911803,3.71206591068,9.23134851037
1128.946,combined_rough_section::nino::base_footprint::base_footprint_fixed_joint_lump__laser_collision_1,none,0,0,0,0,0,0
1128.946,combined_rough_section::nino::caster_bracket_left_link::caster_bracket_left_link_collision,none,0,0,0,0,0,0
1128.946,combined_rough_section::nino::caster_left_wheel_link::caster_left_wheel_link_collision,rough_approach_ground::ground::rough_collision,1,1,1.09787138061e-09,-0.110664823763,0.0696880764146,0.389951204877
1128.946,combined_rough_section::nino::caster_bracket_right_link::caster_bracket_right_link_collision,none,0,0,0,0,0,0
1128.946,combined_rough_section::nino::caster_right_wheel_link::caster_right_wheel_link_collision,rough_approach_ground::ground::rough_collision,1,1,7.7609836422e-08,1.42077391685,1.74943543845,24.9002208085
1128.946,combined_rough_section::nino::left_wheel_link::left_wheel_link_collision,rough_approach_ground::ground::rough_collision,1,1,4.55541663696e-08,1.72323055117,-5.53118958653,20.3033529352
1128.946,combined_rough_section::nino::right_wheel_link::right_wheel_link_collision,none,0,0,0,0,0,0
1128.968,combined_rough_section::nino::base_footprint::base_footprint_fixed_joint_lump__base_link_collision,rough_approach_ground::ground::rough_collision,1,1,2.16793349939e-08,-3.03334461022,3.71206320712,9.23134668695
1128.968,combined_rough_section::nino::base_footprint::base_footprint_fixed_joint_lump__laser_collision_1,none,0,0,0,0,0,0
1128.968,combined_rough_section::nino::caster_bracket_left_link::caster_bracket_left_link_collision,none,0,0,0,0,0,0
1128.968,combined_rough_section::nino::caster_left_wheel_link::caster_left_wheel_link_collision,rough_approach_ground::ground::rough_collision,1,1,1.09785417216e-09,-0.110665826777,0.0696863901945,0.389946076225
1128.968,combined_rough_section::nino::caster_bracket_right_link::caster_bracket_right_link_collision,none,0,0,0,0,0,0
1128.968,combined_rough_section::nino::caster_right_wheel_link::caster_right_wheel_link_collision,rough_approach_ground::ground::rough_collision,1,1,7.76098137041e-08,1.42077391014,1.74944012489,24.9002259479
1128.968,combined_rough_section::nino::left_wheel_link::left_wheel_link_collision,rough_approach_ground::ground::rough_collision,1,1,4.55541750849e-08,1.72323652641,-5.53118933147,20.3033554602
1128.968,combined_rough_section::nino::right_wheel_link::right_wheel_link_collision,none,0,0,0,0,0,0
1128.99,combined_rough_section::nino::base_footprint::base_footprint_fixed_joint_lump__base_link_collision,rough_approach_ground::ground::rough_collision,1,1,2.16793274443e-08,-3.0333500742,3.7120604885,9.2313448747
1128.99,combined_rough_section::nino::base_footprint::base_footprint_fixed_joint_lump__laser_collision_1,none,0,0,0,0,0,0
1128.99,combined_rough_section::nino::caster_bracket_left_link::caster_bracket_left_link_collision,none,0,0,0,0,0,0
1128.99,combined_rough_section::nino::caster_left_wheel_link::caster_left_wheel_link_collision,rough_approach_ground::ground::rough_collision,1,1,1.09783354976e-09,-0.110667045649,0.0696843440547,0.389939854817
1128.99,combined_rough_section::nino::caster_bracket_right_link::caster_bracket_right_link_collision,none,0,0,0,0,0,0
1128.99,combined_rough_section::nino::caster_right_wheel_link::caster_right_wheel_link_collision,rough_approach_ground::ground::rough_collision,1,1,7.7609796905e-08,1.42077390424,1.74944363877,24.9002297819
1128.99,combined_rough_section::nino::left_wheel_link::left_wheel_link_collision,rough_approach_ground::ground::rough_collision,1,1,4.55541855904e-08,1.72324375159,-5.53118902748,20.3033585305
1128.99,combined_rough_section::nino::right_wheel_link::right_wheel_link_collision,none,0,0,0,0,0,0
1129.012,combined_rough_section::nino::base_footprint::base_footprint_fixed_joint_lump__base_link_collision,rough_approach_ground::ground::rough_collision,1,1,2.16793198948e-08,-3.03335560323,3.71205780507,9.23134303628
1129.012,combined_rough_section::nino::base_footprint::base_footprint_fixed_joint_lump__laser_collision_1,none,0,0,0,0,0,0
1129.012,combined_rough_section::nino::caster_bracket_left_link::caster_bracket_left_link_collision,none,0,0,0,0,0,0
1129.012,combined_rough_section::nino::caster_left_wheel_link::caster_left_wheel_link_collision,rough_approach_ground::ground::rough_collision,1,1,1.09781632396e-09,-0.110668059027,0.0696826426267,0.389934681369
1129.012,combined_rough_section::nino::caster_bracket_right_link::caster_bracket_right_link_collision,none,0,0,0,0,0,0
1129.012,combined_rough_section::nino::caster_right_wheel_link::caster_right_wheel_link_collision,rough_approach_ground::ground::rough_collision,1,1,7.76097741698e-08,1.42077389828,1.74944832601,24.900234939
1129.012,combined_rough_section::nino::left_wheel_link::left_wheel_link_collision,rough_approach_ground::ground::rough_collision,1,1,4.5554194375e-08,1.72324976392,-5.53118877369,20.3033610822
1129.012,combined_rough_section::nino::right_wheel_link::right_wheel_link_collision,none,0,0,0,0,0,0
1129.034,combined_rough_section::nino::base_footprint::base_footprint_fixed_joint_lump__base_link_collision,rough_approach_ground::ground::rough_collision,1,1,2.16793115682e-08,-3.03336160763,3.71205486333,9.23134104135
1129.034,combined_rough_section::nino::base_footprint::base_footprint_fixed_joint_lump__laser_collision_1,none,0,0,0,0,0,0
1129.034,combined_rough_section::nino::caster_bracket_left_link::caster_bracket_left_link_collision,none,0,0,0,0,0,0
1129.034,combined_rough_section::nino::caster_left_wheel_link::caster_left_wheel_link_collision,rough_approach_ground::ground::rough_collision,1,1,1.09779565993e-09,-0.110669279525,0.0696805938863,0.389928452131
1129.034,combined_rough_section::nino::caster_bracket_right_link::caster_bracket_right_link_collision,none,0,0,0,0,0,0
1129.034,combined_rough_section::nino::caster_right_wheel_link::caster_right_wheel_link_collision,rough_approach_ground::ground::rough_collision,1,1,7.76097515177e-08,1.42077389198,1.74945301287,24.9002400881
1129.034,combined_rough_section::nino::left_wheel_link::left_wheel_link_collision,rough_approach_ground::ground::rough_collision,1,1,4.5554204936e-08,1.7232569951,-5.53118847007,20.3033641574
1129.034,combined_rough_section::nino::right_wheel_link::right_wheel_link_collision,none,0,0,0,0,0,0
1129.056,combined_rough_section::nino::base_footprint::base_footprint_fixed_joint_lump__base_link_collision,rough_approach_ground::ground::rough_collision,1,1,2.16793046848e-08,-3.03336659148,3.71205240082,9.23133938722
1129.056,combined_rough_section::nino::base_footprint::base_footprint_fixed_joint_lump__laser_collision_1,none,0,0,0,0,0,0
1129.056,combined_rough_section::nino::caster_bracket_left_link::caster_bracket_left_link_collision,none,0,0,0,0,0,0
1129.056,combined_rough_section::nino::caster_left_wheel_link::caster_left_wheel_link_collision,rough_approach_ground::ground::rough_collision,1,1,1.09777847576e-09,-0.110670289414,0.0696788975051,0.389923293489
1129.056,combined_rough_section::nino::caster_bracket_right_link::caster_bracket_right_link_collision,none,0,0,0,0,0,0
1129.056,combined_rough_section::nino::caster_right_wheel_link::caster_right_wheel_link_collision,rough_approach_ground::ground::rough_collision,1,1,7.76097345903e-08,1.42077388637,1.74945652703,24.9002439285
1129.056,combined_rough_section::nino::left_wheel_link::left_wheel_link_collision,rough_approach_ground::ground::rough_collision,1,1,4.55542136651e-08,1.72326299497,-5.53118821592,20.3033667003
1129.056,combined_rough_section::nino::right_wheel_link::right_wheel_link_collision,none,0,0,0,0,0,0
1129.078,combined_rough_section::nino::base_footprint::base_footprint_fixed_joint_lump__base_link_collision,rough_approach_ground::ground::rough_collision,1,1,2.16792971353e-08,-3.03337211684,3.71204971551,9.23133755021
1129.078,combined_rough_section::nino::base_footprint::base_footprint_fixed_joint_lump__laser_collision_1,none,0,0,0,0,0,0
1129.078,combined_rough_section::nino::caster_bracket_left_link::caster_bracket_left_link_collision,none,0,0,0,0,0,0
1129.078,combined_rough_section::nino::caster_left_wheel_link::caster_left_wheel_link_collision,rough_approach_ground::ground::rough_collision,1,1,1.09775945625e-09,-0.110671416226,0.0696770079976,0.389917549713
1129.078,combined_rough_section::nino::caster_bracket_right_link::caster_bracket_right_link_collision,none,0,0,0,0,0,0
1129.078,combined_rough_section::nino::caster_right_wheel_link::caster_right_wheel_link_collision,rough_approach_ground::ground::rough_collision,1,1,7.76097120146e-08,1.42077388103,1.7494612149,24.9002490999
1129.078,combined_rough_section::nino::left_wheel_link::left_wheel_link_collision,rough_approach_ground::ground::rough_collision,1,1,4.55542241151e-08,1.72327022876,-5.53118791221,20.3033697767
1129.078,combined_rough_section::nino::right_wheel_link::right_wheel_link_collision,none,0,0,0,0,0,0
1129.1,combined_rough_section::nino::base_footprint::base_footprint_fixed_joint_lump__base_link_collision,rough_approach_ground::ground::rough_collision,1,1,2.16792902519e-08,-3.03337711843,3.71204726274,9.23133588881
1129.1,combined_rough_section::nino::base_footprint::base_footprint_fixed_joint_lump__laser_collision_1,none,0,0,0,0,0,0
1129.1,combined_rough_section::nino::caster_bracket_left_link::caster_bracket_left_link_collision,none,0,0,0,0,0,0
1129.1,combined_rough_section::nino::caster_left_wheel_link::caster_left_wheel_link_collision,rough_approach_ground::ground::rough_collision,1,1,1.09774050266e-09,-0.110672524059,0.0696751462515,0.389911887641
1129.1,combined_rough_section::nino::caster_bracket_right_link::caster_bracket_right_link_collision,none,0,0,0,0,0,0
1129.1,combined_rough_section::nino::caster_right_wheel_link::caster_right_wheel_link_collision,rough_approach_ground::ground::rough_collision,1,1,7.76096894112e-08,1.42077387255,1.74946589932,24.9002541964
1129.1,combined_rough_section::nino::left_wheel_link::left_wheel_link_collision,rough_approach_ground::ground::rough_collision,1,1,4.55542328859e-08,1.72327624107,-5.5311876586,20.3033723291
1129.1,combined_rough_section::nino::right_wheel_link::right_wheel_link_collision,none,0,0,0,0,0,0
1129.122,combined_rough_section::nino::base_footprint::base_footprint_fixed_joint_lump__base_link_collision,rough_approach_ground::ground::rough_collision,1,1,2.16792812591e-08,-3.03338358516,3.71204405507,9.23133374319
1129.122,combined_rough_section::nino::base_footprint::base_footprint_fixed_joint_lump__laser_collision_1,none,0,0,0,0,0,0
1129.122,combined_rough_section::nino::caster_bracket_left_link::caster_bracket_left_link_collision,none,0,0,0,0,0,0
1129.122,combined_rough_section::nino::caster_left_wheel_link::caster_left_wheel_link_collision,rough_approach_ground::ground::rough_collision,1,1,1.0977216254e-09,-0.110673629171,0.0696732888599,0.389906238682
1129.122,combined_rough_section::nino::caster_bracket_right_link::caster_bracket_right_link_collision,none,0,0,0,0,0,0
1129.122,combined_rough_section::nino::caster_right_wheel_link::caster_right_wheel_link_collision,rough_approach_ground::ground::rough_collision,1,1,7.76096723866e-08,1.42077386714,1.74946941365,24.9002580411
1129.122,combined_rough_section::nino::left_wheel_link::left_wheel_link_collision,rough_approach_ground::ground::rough_collision,1,1,4.55542434052e-08,1.72328345877,-5.53118735431,20.3033753938
1129.122,combined_rough_section::nino::right_wheel_link::right_wheel_link_collision,none,0,0,0,0,0,0
1129.144,combined_rough_section::nino::base_footprint::base_footprint_fixed_joint_lump__base_link_collision,rough_approach_ground::ground::rough_collision,1,1,2.16792737096e-08,-3.0333890666,3.71204134657,9.23133192333
1129.144,combined_rough_section::nino::base_footprint::base_footprint_fixed_joint_lump__laser_collision_1,none,0,0,0,0,0,0
1129.144,combined_rough_section::nino::caster_bracket_left_link::caster_bracket_left_link_collision,none,0,0,0,0,0,0
1129.144,combined_rough_section::nino::caster_left_wheel_link::caster_left_wheel_link_collision,rough_approach_ground::ground::rough_collision,1,1,1.09770263712e-09,-0.110674758602,0.0696713951967,0.389900482415
1129.144,combined_rough_section::nino::caster_bracket_right_link::caster_bracket_right_link_collision,none,0,0,0,0,0,0
1129.144,combined_rough_section::nino::caster_right_wheel_link::caster_right_wheel_link_collision,rough_approach_ground::ground::rough_collision,1,1,7.76096497762e-08,1.42077386207,1.74947410179,24.9002632187
1129.144,combined_rough_section::nino::left_wheel_link::left_wheel_link_collision,rough_approach_ground::ground::rough_collision,1,1,4.55542522176e-08,1.72328948668,-5.53118710126,20.3033779575
1129.144,combined_rough_section::nino::right_wheel_link::right_wheel_link_collision,none,0,0,0,0,0,0
1129.166,combined_rough_section::nino::base_footprint::base_footprint_fixed_joint_lump__base_link_collision,rough_approach_ground::ground::rough_collision,1,1,2.167926616e-08,-3.03339457644,3.7120386529,9.23133009258
1129.166,combined_rough_section::nino::base_footprint::base_footprint_fixed_joint_lump__laser_collision_1,none,0,0,0,0,0,0
1129.166,combined_rough_section::nino::caster_bracket_left_link::caster_bracket_left_link_collision,none,0,0,0,0,0,0
1129.166,combined_rough_section::nino::caster_left_wheel_link::caster_left_wheel_link_collision,rough_approach_ground::ground::rough_collision,1,1,1.09768195922e-09,-0.110675972379,0.0696693562687,0.38989428204
1129.166,combined_rough_section::nino::caster_bracket_right_link::caster_bracket_right_link_collision,none,0,0,0,0,0,0
1129.166,combined_rough_section::nino::caster_right_wheel_link::caster_right_wheel_link_collision,rough_approach_ground::ground::rough_collision,1,1,7.76096271866e-08,1.42077385502,1.74947878773,24.9002683488
1129.166,combined_rough_section::nino::left_wheel_link::left_wheel_link_collision,rough_approach_ground::ground::rough_collision,1,1,4.55542628203e-08,1.72329669373,-5.53118679688,20.3033810155
1129.166,combined_rough_section::nino::right_wheel_link::right_wheel_link_collision,none,0,0,0,0,0,0
1129.188,combined_rough_section::nino::base_footprint::base_footprint_fixed_joint_lump__base_link_collision,rough_approach_ground::ground::rough_collision,1,1,2.16792584995e-08,-3.03340005615,3.71203594341,9.23132827349
1129.188,combined_rough_section::nino::base_footprint::base_footprint_fixed_joint_lump__laser_collision_1,none,0,0,0,0,0,0
1129.188,combined_rough_section::nino::caster_bracket_left_link::caster_bracket_left_link_collision,none,0,0,0,0,0,0
1129.188,combined_rough_section::nino::caster_left_wheel_link::caster_left_wheel_link_collision,rough_approach_ground::ground::rough_collision,1,1,1.09766472994e-09,-0.110676986096,0.0696676542674,0.389889106842
1129.188,combined_rough_section::nino::caster_bracket_right_link::caster_bracket_right_link_collision,none,0,0,0,0,0,0
1129.188,combined_rough_section::nino::caster_right_wheel_link::caster_right_wheel_link_collision,rough_approach_ground::ground::rough_collision,1,1,7.76096101725e-08,1.42077385011,1.74948230259,24.9002722053
1129.188,combined_rough_section::nino::left_wheel_link::left_wheel_link_collision,rough_approach_ground::ground::rough_collision,1,1,4.55542715633e-08,1.72330270721,-5.53118654323,20.3033835684
1129.188,combined_rough_section::nino::right_wheel_link::right_wheel_link_collision,none,0,0,0,0,0,0
1129.21,combined_rough_section::nino::base_footprint::base_footprint_fixed_joint_lump__base_link_collision,rough_approach_ground::ground::rough_collision,1,1,2.167925095e-08,-3.03340555719,3.71203324483,9.23132644646
1129.21,combined_rough_section::nino::base_footprint::base_footprint_fixed_joint_lump__laser_collision_1,none,0,0,0,0,0,0
1129.21,combined_rough_section::nino::caster_bracket_left_link::caster_bracket_left_link_collision,none,0,0,0,0,0,0
1129.21,combined_rough_section::nino::caster_left_wheel_link::caster_left_wheel_link_collision,rough_approach_ground::ground::rough_collision,1,1,1.09764403469e-09,-0.110678200076,0.0696656151372,0.389882905947
1129.21,combined_rough_section::nino::caster_bracket_right_link::caster_bracket_right_link_collision,none,0,0,0,0,0,0
1129.21,combined_rough_section::nino::caster_right_wheel_link::caster_right_wheel_link_collision,rough_approach_ground::ground::rough_collision,1,1,7.76095876835e-08,1.42077384171,1.749486987,24.9002773025
1129.21,combined_rough_section::nino::left_wheel_link::left_wheel_link_collision,rough_approach_ground::ground::rough_collision,1,1,4.55542821104e-08,1.72330991483,-5.53118623882,20.3033866267
1129.21,combined_rough_section::nino::right_wheel_link::right_wheel_link_collision,none,0,0,0,0,0,0
1129.232,combined_rough_section::nino::base_footprint::base_footprint_fixed_joint_lump__base_link_collision,rough_approach_ground::ground::rough_collision,1,1,2.16792441776e-08,-3.0334105709,3.71203079842,9.23132478044
1129.232,combined_rough_section::nino::base_footprint::base_footprint_fixed_joint_lump__laser_collision_1,none,0,0,0,0,0,0
1129.232,combined_rough_section::nino::caster_bracket_left_link::caster_bracket_left_link_collision,none,0,0,0,0,0,0
1129.232,combined_rough_section::nino::caster_left_wheel_link::caster_left_wheel_link_collision,rough_approach_ground::ground::rough_collision,1,1,1.09762670134e-09,-0.11067922114,0.0696639025515,0.389877699727
1129.232,combined_rough_section::nino::caster_bracket_right_link::caster_bracket_right_link_collision,none,0,0,0,0,0,0
1129.232,combined_rough_section::nino::caster_right_wheel_link::caster_right_wheel_link_collision,rough_approach_ground::ground::rough_collision,1,1,7.76095650523e-08,1.42077383803,1.74949167661,24.9002825127
1129.232,combined_rough_section::nino::left_wheel_link::left_wheel_link_collision,rough_approach_ground::ground::rough_collision,1,1,4.55542908395e-08,1.72331595438,-5.53118598595,20.303389198
1129.232,combined_rough_section::nino::right_wheel_link::right_wheel_link_collision,none,0,0,0,0,0,0
1129.254,combined_rough_section::nino::base_footprint::base_footprint_fixed_joint_lump__base_link_collision,rough_approach_ground::ground::rough_collision,1,1,2.1679235962e-08,-3.03341653473,3.71202783472,9.23132280197
1129.254,combined_rough_section::nino::base_footprint::base_footprint_fixed_joint_lump__laser_collision_1,none,0,0,0,0,0,0
1129.254,combined_rough_section::nino::caster_bracket_left_link::caster_bracket_left_link_collision,none,0,0,0,0,0,0
1129.254,combined_rough_section::nino::caster_left_wheel_link::caster_left_wheel_link_collision,rough_approach_ground::ground::rough_collision,1,1,1.09760620384e-09,-0.11068042676,0.0696618758808,0.389871535687
1129.254,combined_rough_section::nino::caster_bracket_right_link::caster_bracket_right_link_collision,none,0,0,0,0,0,0
1129.254,combined_rough_section::nino::caster_right_wheel_link::caster_right_wheel_link_collision,rough_approach_ground::ground::rough_collision,1,1,7.76095480312e-08,1.42077383103,1.74949518912,24.9002863188
1129.254,combined_rough_section::nino::left_wheel_link::left_wheel_link_collision,rough_approach_ground::ground::rough_collision,1,1,4.55543013728e-08,1.72332313183,-5.53118568038,20.303392234
1129.254,combined_rough_section::nino::right_wheel_link::right_wheel_link_collision,none,0,0,0,0,0,0
1129.276,combined_rough_section::nino::base_footprint::base_footprint_fixed_joint_lump__base_link_collision,rough_approach_ground::ground::rough_collision,1,1,2.16792290786e-08,-3.03342156372,3.7120253969,9.23132112951
1129.276,combined_rough_section::nino::base_footprint::base_footprint_fixed_joint_lump__laser_collision_1,none,0,0,0,0,0,0
1129.276,combined_rough_section::nino::caster_bracket_left_link::caster_bracket_left_link_collision,none,0,0,0,0,0,0
1129.276,combined_rough_section::nino::caster_left_wheel_link::caster_left_wheel_link_collision,rough_approach_ground::ground::rough_collision,1,1,1.09758703515e-09,-0.110681550398,0.0696599909133,0.389865805189
1129.276,combined_rough_section::nino::caster_bracket_right_link::caster_bracket_right_link_collision,none,0,0,0,0,0,0
1129.276,combined_rough_section::nino::caster_right_wheel_link::caster_right_wheel_link_collision,rough_approach_ground::ground::rough_collision,1,1,7.76095254382e-08,1.42077382551,1.74949987666,24.9002914844
1129.276,combined_rough_section::nino::left_wheel_link::left_wheel_link_collision,rough_approach_ground::ground::rough_collision,1,1,4.55543101713e-08,1.72332919153,-5.5311854284,20.3033948206
1129.276,combined_rough_section::nino::right_wheel_link::right_wheel_link_collision,none,0,0,0,0,0,0
1129.298,combined_rough_section::nino::base_footprint::base_footprint_fixed_joint_lump__base_link_collision,rough_approach_ground::ground::rough_collision,1,1,2.1679221418e-08,-3.03342705124,3.71202269138,9.23131930758
1129.298,combined_rough_section::nino::base_footprint::base_footprint_fixed_joint_lump__laser_collision_1,none,0,0,0,0,0,0
1129.298,combined_rough_section::nino::caster_bracket_left_link::caster_bracket_left_link_collision,none,0,0,0,0,0,0
1129.298,combined_rough_section::nino::caster_left_wheel_link::caster_left_wheel_link_collision,rough_approach_ground::ground::rough_collision,1,1,1.09756976077e-09,-0.110682566204,0.0696582858263,0.389860620885
1129.298,combined_rough_section::nino::caster_bracket_right_link::caster_bracket_right_link_collision,none,0,0,0,0,0,0
1129.298,combined_rough_section::nino::caster_right_wheel_link::caster_right_wheel_link_collision,rough_approach_ground::ground::rough_collision,1,1,7.76095027827e-08,1.42077381666,1.74950456053,24.9002965706
1129.298,combined_rough_section::nino::left_wheel_link::left_wheel_link_collision,rough_approach_ground::ground::rough_collision,1,1,4.55543205796e-08,1.72333634323,-5.53118512199,20.3033978382
1129.298,combined_rough_section::nino::right_wheel_link::right_wheel_link_collision,none,0,0,0,0,0,0
1129.32,combined_rough_section::nino::base_footprint::base_footprint_fixed_joint_lump__base_link_collision,rough_approach_ground::ground::rough_collision,1,1,2.16792133134e-08,-3.03343301094,3.71201972464,9.23131733159
1129.32,combined_rough_section::nino::base_footprint::base_footprint_fixed_joint_lump__laser_collision_1,none,0,0,0,0,0,0
1129.32,combined_rough_section::nino::caster_bracket_left_link::caster_bracket_left_link_collision,none,0,0,0,0,0,0
1129.32,combined_rough_section::nino::caster_left_wheel_link::caster_left_wheel_link_collision,rough_approach_ground::ground::rough_collision,1,1,1.09755093208e-09,-0.11068367404,0.069656423949,0.389854958325
1129.32,combined_rough_section::nino::caster_bracket_right_link::caster_bracket_right_link_collision,none,0,0,0,0,0,0
1129.32,combined_rough_section::nino::caster_right_wheel_link::caster_right_wheel_link_collision,rough_approach_ground::ground::rough_collision,1,1,7.7609485824e-08,1.42077381278,1.74950807644,24.9003004508
1129.32,combined_rough_section::nino::left_wheel_link::left_wheel_link_collision,rough_approach_ground::ground::rough_collision,1,1,4.55543293643e-08,1.72334238734,-5.53118486961,20.303400414
1129.32,combined_rough_section::nino::right_wheel_link::right_wheel_link_collision,none,0,0,0,0,0,0
1129.342,combined_rough_section::nino::base_footprint::base_footprint_fixed_joint_lump__base_link_collision,rough_approach_ground::ground::rough_collision,1,1,2.167920643e-08,-3.03343803452,3.71201728434,9.2313156609
1129.342,combined_rough_section::nino::base_footprint::base_footprint_fixed_joint_lump__laser_collision_1,none,0,0,0,0,0,0
1129.342,combined_rough_section::nino::caster_bracket_left_link::caster_bracket_left_link_collision,none,0,0,0,0,0,0
1129.342,combined_rough_section::nino::caster_left_wheel_link::caster_left_wheel_link_collision,rough_approach_ground::ground::rough_collision,1,1,1.09753195074e-09,-0.110684795143,0.0696545434641,0.389849241637
1129.342,combined_rough_section::nino::caster_bracket_right_link::caster_bracket_right_link_collision,none,0,0,0,0,0,0
1129.342,combined_rough_section::nino::caster_right_wheel_link::caster_right_wheel_link_collision,rough_approach_ground::ground::rough_collision,1,1,7.7609463224e-08,1.4207738066,1.74951276321,24.9003056003
1129.342,combined_rough_section::nino::left_wheel_link::left_wheel_link_collision,rough_approach_ground::ground::rough_collision,1,1,4.55543397171e-08,1.72334959569,-5.53118456461,20.3034034706
1129.342,combined_rough_section::nino::right_wheel_link::right_wheel_link_collision,none,0,0,0,0,0,0
1129.364,combined_rough_section::nino::base_footprint::base_footprint_fixed_joint_lump__base_link_collision,rough_approach_ground::ground::rough_collision,1,1,2.16791993246e-08,-3.03344302221,3.71201482462,9.23131400466
1129.364,combined_rough_section::nino::base_footprint::base_footprint_fixed_joint_lump__laser_collision_1,none,0,0,0,0,0,0
1129.364,combined_rough_section::nino::caster_bracket_left_link::caster_bracket_left_link_collision,none,0,0,0,0,0,0
1129.364,combined_rough_section::nino::caster_left_wheel_link::caster_left_wheel_link_collision,rough_approach_ground::ground::rough_collision,1,1,1.09751139774e-09,-0.110686007635,0.0696525067439,0.389843048022
1129.364,combined_rough_section::nino::caster_bracket_right_link::caster_bracket_right_link_collision,none,0,0,0,0,0,0
1129.364,combined_rough_section::nino::caster_right_wheel_link::caster_right_wheel_link_collision,rough_approach_ground::ground::rough_collision,1,1,7.76094405894e-08,1.42077379943,1.74951744888,24.900310726
1129.364,combined_rough_section::nino::left_wheel_link::left_wheel_link_collision,rough_approach_ground::ground::rough_collision,1,1,4.55543485434e-08,1.72335563812,-5.53118431216,20.3034060451
1129.364,combined_rough_section::nino::right_wheel_link::right_wheel_link_collision,none,0,0,0,0,0,0
1129.386,combined_rough_section::nino::base_footprint::base_footprint_fixed_joint_lump__base_link_collision,rough_approach_ground::ground::rough_collision,1,1,2.16791918861e-08,-3.0334485428,3.71201213681,9.23131216966
1129.386,combined_rough_section::nino::base_footprint::base_footprint_fixed_joint_lump__laser_collision_1,none,0,0,0,0,0,0
1129.386,combined_rough_section::nino::caster_bracket_left_link::caster_bracket_left_link_collision,none,0,0,0,0,0,0
1129.386,combined_rough_section::nino::caster_left_wheel_link::caster_left_wheel_link_collision,rough_approach_ground::ground::rough_collision,1,1,1.09749240598e-09,-0.110687133064,0.0696506195057,0.389837311119
1129.386,combined_rough_section::nino::caster_bracket_right_link::caster_bracket_right_link_collision,none,0,0,0,0,0,0
1129.386,combined_rough_section::nino::caster_right_wheel_link::caster_right_wheel_link_collision,rough_approach_ground::ground::rough_collision,1,1,7.7609423655e-08,1.42077379579,1.74952096502,24.9003146116
1129.386,combined_rough_section::nino::left_wheel_link::left_wheel_link_collision,rough_approach_ground::ground::rough_collision,1,1,4.55543590211e-08,1.72336287645,-5.5311840085,20.3034091244
1129.386,combined_rough_section::nino::right_wheel_link::right_wheel_link_collision,none,0,0,0,0,0,0
1129.408,combined_rough_section::nino::base_footprint::base_footprint_fixed_joint_lump__base_link_collision,rough_approach_ground::ground::rough_collision,1,1,2.16791828933e-08,-3.03345501984,3.71200893492,9.23131001986
1129.408,combined_rough_section::nino::base_footprint::base_footprint_fixed_joint_lump__laser_collision_1,none,0,0,0,0,0,0
1129.408,combined_rough_section::nino::caster_bracket_left_link::caster_bracket_left_link_collision,none,0,0,0,0,0,0
1129.408,combined_rough_section::nino::caster_left_wheel_link::caster_left_wheel_link_collision,rough_approach_ground::ground::rough_collision,1,1,1.09747342811e-09,-0.110688243731,0.0696487534077,0.389831636073
1129.408,combined_rough_section::nino::caster_bracket_right_link::caster_bracket_right_link_collision,none,0,0,0,0,0,0
1129.408,combined_rough_section::nino::caster_right_wheel_link::caster_right_wheel_link_collision,rough_approach_ground::ground::rough_collision,1,1,7.76094009301e-08,1.42077378693,1.74952564879,24.9003196966
1129.408,combined_rough_section::nino::left_wheel_link::left_wheel_link_collision,rough_approach_ground::ground::rough_collision,1,1,4.55543677363e-08,1.72336882955,-5.53118375284,20.3034116341
1129.408,combined_rough_section::nino::right_wheel_link::right_wheel_link_collision,none,0,0,0,0,0,0
1129.428,combined_rough_section::nino::base_footprint::base_footprint_fixed_joint_lump__base_link_collision,rough_approach_ground::ground::rough_collision,1,1,2.16791761209e-08,-3.03346000505,3.71200647358,9.23130836493
1129.428,combined_rough_section::nino::base_footprint::base_footprint_fixed_joint_lump__laser_collision_1,none,0,0,0,0,0,0
1129.428,combined_rough_section::nino::caster_bracket_left_link::caster_bracket_left_link_collision,none,0,0,0,0,0,0
1129.428,combined_rough_section::nino::caster_left_wheel_link::caster_left_wheel_link_collision,rough_approach_ground::ground::rough_collision,1,1,1.0974563272e-09,-0.110689254154,0.069647056128,0.389826474693
1129.428,combined_rough_section::nino::caster_bracket_right_link::caster_bracket_right_link_collision,none,0,0,0,0,0,0
1129.428,combined_rough_section::nino::caster_right_wheel_link::caster_right_wheel_link_collision,rough_approach_ground::ground::rough_collision,1,1,7.76093840339e-08,1.42077378361,1.74952916528,24.9003235897
1129.428,combined_rough_section::nino::left_wheel_link::left_wheel_link_collision,rough_approach_ground::ground::rough_collision,1,1,4.55543767014e-08,1.7233748489,-5.53118349958,20.3034141919
1129.428,combined_rough_section::nino::right_wheel_link::right_wheel_link_collision,none,0,0,0,0,0,0
1129.45,combined_rough_section::nino::base_footprint::base_footprint_fixed_joint_lump__base_link_collision,rough_approach_ground::ground::rough_collision,1,1,2.16791692376e-08,-3.03346499857,3.7120040169,9.2313067065
1129.45,combined_rough_section::nino::base_footprint::base_footprint_fixed_joint_lump__laser_collision_1,none,0,0,0,0,0,0
1129.45,combined_rough_section::nino::caster_bracket_left_link::caster_bracket_left_link_collision,none,0,0,0,0,0,0
1129.45,combined_rough_section::nino::caster_left_wheel_link::caster_left_wheel_link_collision,rough_approach_ground::ground::rough_collision,1,1,1.09743731116e-09,-0.110690366959,0.0696451875619,0.389820792909
1129.45,combined_rough_section::nino::caster_bracket_right_link::caster_bracket_right_link_collision,none,0,0,0,0,0,0
1129.45,combined_rough_section::nino::caster_right_wheel_link::caster_right_wheel_link_collision,rough_approach_ground::ground::rough_collision,1,1,7.76093615033e-08,1.42077377634,1.74953385076,24.9003287123
1129.45,combined_rough_section::nino::left_wheel_link::left_wheel_link_collision,rough_approach_ground::ground::rough_collision,1,1,4.55543870126e-08,1.72338208334,-5.53118319592,20.3034172689
1129.45,combined_rough_section::nino::right_wheel_link::right_wheel_link_collision,none,0,0,0,0,0,0
1129.472,combined_rough_section::nino::base_footprint::base_footprint_fixed_joint_lump__base_link_collision,rough_approach_ground::ground::rough_collision,1,1,2.16791609109e-08,-3.03347098283,3.71200106412,9.23130472006
1129.472,combined_rough_section::nino::base_footprint::base_footprint_fixed_joint_lump__laser_collision_1,none,0,0,0,0,0,0
1129.472,combined_rough_section::nino::caster_bracket_left_link::caster_bracket_left_link_collision,none,0,0,0,0,0,0
1129.472,combined_rough_section::nino::caster_left_wheel_link::caster_left_wheel_link_collision,rough_approach_ground::ground::rough_collision,1,1,1.09742024496e-09,-0.110691376097,0.0696434920066,0.38981563648
1129.472,combined_rough_section::nino::caster_bracket_right_link::caster_bracket_right_link_collision,none,0,0,0,0,0,0
1129.472,combined_rough_section::nino::caster_right_wheel_link::caster_right_wheel_link_collision,rough_approach_ground::ground::rough_collision,1,1,7.76093388964e-08,1.42077376928,1.74953853647,24.9003338398
1129.472,combined_rough_section::nino::left_wheel_link::left_wheel_link_collision,rough_approach_ground::ground::rough_collision,1,1,4.55543958527e-08,1.72338808045,-5.53118294198,20.3034198109
1129.472,combined_rough_section::nino::right_wheel_link::right_wheel_link_collision,none,0,0,0,0,0,0
1129.494,combined_rough_section::nino::base_footprint::base_footprint_fixed_joint_lump__base_link_collision,rough_approach_ground::ground::rough_collision,1,1,2.16791540275e-08,-3.03347596649,3.71199860186,9.23130306585
1129.494,combined_rough_section::nino::base_footprint::base_footprint_fixed_joint_lump__laser_collision_1,none,0,0,0,0,0,0
1129.494,combined_rough_section::nino::caster_bracket_left_link::caster_bracket_left_link_collision,none,0,0,0,0,0,0
1129.494,combined_rough_section::nino::caster_left_wheel_link::caster_left_wheel_link_collision,rough_approach_ground::ground::rough_collision,1,1,1.09739971277e-09,-0.11069259812,0.0696414420202,0.389809404359
1129.494,combined_rough_section::nino::caster_bracket_right_link::caster_bracket_right_link_collision,none,0,0,0,0,0,0
1129.494,combined_rough_section::nino::caster_right_wheel_link::caster_right_wheel_link_collision,rough_approach_ground::ground::rough_collision,1,1,7.76093219725e-08,1.42077376439,1.74954205119,24.900337695
1129.494,combined_rough_section::nino::left_wheel_link::left_wheel_link_collision,rough_approach_ground::ground::rough_collision,1,1,4.55544062333e-08,1.72339531565,-5.53118263796,20.3034228872
1129.494,combined_rough_section::nino::right_wheel_link::right_wheel_link_collision,none,0,0,0,0,0,0
1129.516,combined_rough_section::nino::base_footprint::base_footprint_fixed_joint_lump__base_link_collision,rough_approach_ground::ground::rough_collision,1,1,2.16791472551e-08,-3.03348098139,3.711996156,9.23130139959
1129.516,combined_rough_section::nino::base_footprint::base_footprint_fixed_joint_lump__laser_collision_1,none,0,0,0,0,0,0
1129.516,combined_rough_section::nino::caster_bracket_left_link::caster_bracket_left_link_collision,none,0,0,0,0,0,0
1129.516,combined_rough_section::nino::caster_left_wheel_link::caster_left_wheel_link_collision,rough_approach_ground::ground::rough_collision,1,1,1.09738064469e-09,-0.110693707806,0.0696395774153,0.389803733753
1129.516,combined_rough_section::nino::caster_bracket_right_link::caster_bracket_right_link_collision,none,0,0,0,0,0,0
1129.516,combined_rough_section::nino::caster_right_wheel_link::caster_right_wheel_link_collision,rough_approach_ground::ground::rough_collision,1,1,7.760929931e-08,1.42077375607,1.74954673548,24.9003427921
1129.516,combined_rough_section::nino::left_wheel_link::left_wheel_link_collision,rough_approach_ground::ground::rough_collision,1,1,4.55544150596e-08,1.72340127558,-5.53118238299,20.3034254033
1129.516,combined_rough_section::nino::right_wheel_link::right_wheel_link_collision,none,0,0,0,0,0,0
1129.538,combined_rough_section::nino::base_footprint::base_footprint_fixed_joint_lump__base_link_collision,rough_approach_ground::ground::rough_collision,1,1,2.16791389285e-08,-3.03348697196,3.71199320738,9.2312994099
1129.538,combined_rough_section::nino::base_footprint::base_footprint_fixed_joint_lump__laser_collision_1,none,0,0,0,0,0,0
1129.538,combined_rough_section::nino::caster_bracket_left_link::caster_bracket_left_link_collision,none,0,0,0,0,0,0
1129.538,combined_rough_section::nino::caster_left_wheel_link::caster_left_wheel_link_collision,rough_approach_ground::ground::rough_collision,1,1,1.09736339113e-09,-0.110694728053,0.0696378655154,0.389798529145
1129.538,combined_rough_section::nino::caster_bracket_right_link::caster_bracket_right_link_collision,none,0,0,0,0,0,0
1129.538,combined_rough_section::nino::caster_right_wheel_link::caster_right_wheel_link_collision,rough_approach_ground::ground::rough_collision,1,1,7.76092767274e-08,1.42077375042,1.74955142269,24.9003479527
1129.538,combined_rough_section::nino::left_wheel_link::left_wheel_link_collision,rough_approach_ground::ground::rough_collision,1,1,4.55544255096e-08,1.72340852189,-5.53118207974,20.3034284888
1129.538,combined_rough_section::nino::right_wheel_link::right_wheel_link_collision,none,0,0,0,0,0,0
1129.56,combined_rough_section::nino::base_footprint::base_footprint_fixed_joint_lump__base_link_collision,rough_approach_ground::ground::rough_collision,1,1,2.16791307128e-08,-3.03349298135,3.71199026863,9.23129741297
1129.56,combined_rough_section::nino::base_footprint::base_footprint_fixed_joint_lump__laser_collision_1,none,0,0,0,0,0,0
1129.56,combined_rough_section::nino::caster_bracket_left_link::caster_bracket_left_link_collision,none,0,0,0,0,0,0
1129.56,combined_rough_section::nino::caster_left_wheel_link::caster_left_wheel_link_collision,rough_approach_ground::ground::rough_collision,1,1,1.09734457632e-09,-0.110695836454,0.0696360030746,0.389792865134
1129.56,combined_rough_section::nino::caster_bracket_right_link::caster_bracket_right_link_collision,none,0,0,0,0,0,0
1129.56,combined_rough_section::nino::caster_right_wheel_link::caster_right_wheel_link_collision,rough_approach_ground::ground::rough_collision,1,1,7.76092597514e-08,1.42077374546,1.74955493729,24.9003518059
1129.56,combined_rough_section::nino::left_wheel_link::left_wheel_link_collision,rough_approach_ground::ground::rough_collision,1,1,4.55544344052e-08,1.72341453864,-5.53118182636,20.3034310447
1129.56,combined_rough_section::nino::right_wheel_link::right_wheel_link_collision,none,0,0,0,0,0,0
1129.582,combined_rough_section::nino::base_footprint::base_footprint_fixed_joint_lump__base_link_collision,rough_approach_ground::ground::rough_collision,1,1,2.16791237184e-08,-3.03349796474,3.71198780668,9.23129575847
1129.582,combined_rough_section::nino::base_footprint::base_footprint_fixed_joint_lump__laser_collision_1,none,0,0,0,0,0,0
1129.582,combined_rough_section::nino::caster_bracket_left_link::caster_bracket_left_link_collision,none,0,0,0,0,0,0
1129.582,combined_rough_section::nino::caster_left_wheel_link::caster_left_wheel_link_collision,rough_approach_ground::ground::rough_collision,1,1,1.09732542497e-09,-0.110696960307,0.0696341175339,0.389787132744
1129.582,combined_rough_section::nino::caster_bracket_right_link::caster_bracket_right_link_collision,none,0,0,0,0,0,0
1129.582,combined_rough_section::nino::caster_right_wheel_link::caster_right_wheel_link_collision,rough_approach_ground::ground::rough_collision,1,1,7.76092371306e-08,1.42077374,1.74955962467,24.9003569706
1129.582,combined_rough_section::nino::left_wheel_link::left_wheel_link_collision,rough_approach_ground::ground::rough_collision,1,1,4.55544449107e-08,1.72342174739,-5.53118152222,20.3034341046
1129.582,combined_rough_section::nino::right_wheel_link::right_wheel_link_collision,none,0,0,0,0,0,0
1129.604,combined_rough_section::nino::base_footprint::base_footprint_fixed_joint_lump__base_link_collision,rough_approach_ground::ground::rough_collision,1,1,2.16791161689e-08,-3.03350347383,3.71198511254,9.23129392831
1129.604,combined_rough_section::nino::base_footprint::base_footprint_fixed_joint_lump__laser_collision_1,none,0,0,0,0,0,0
1129.604,combined_rough_section::nino::caster_bracket_left_link::caster_bracket_left_link_collision,none,0,0,0,0,0,0
1129.604,combined_rough_section::nino::caster_left_wheel_link::caster_left_wheel_link_collision,rough_approach_ground::ground::rough_collision,1,1,1.09730646791e-09,-0.110698081423,0.0696322369004,0.389781415515
1129.604,combined_rough_section::nino::caster_bracket_right_link::caster_bracket_right_link_collision,none,0,0,0,0,0,0
1129.604,combined_rough_section::nino::caster_right_wheel_link::caster_right_wheel_link_collision,rough_approach_ground::ground::rough_collision,1,1,7.76092145723e-08,1.42077373374,1.74956431117,24.9003621163
1129.604,combined_rough_section::nino::left_wheel_link::left_wheel_link_collision,rough_approach_ground::ground::rough_collision,1,1,4.55544535288e-08,1.72342782059,-5.53118127041,20.3034366998
1129.604,combined_rough_section::nino::right_wheel_link::right_wheel_link_collision,none,0,0,0,0,0,0
1129.626,combined_rough_section::nino::base_footprint::base_footprint_fixed_joint_lump__base_link_collision,rough_approach_ground::ground::rough_collision,1,1,2.16791087304e-08,-3.03350894459,3.71198239835,9.2312921129
1129.626,combined_rough_section::nino::base_footprint::base_footprint_fixed_joint_lump__laser_collision_1,none,0,0,0,0,0,0
1129.626,combined_rough_section::nino::caster_bracket_left_link::caster_bracket_left_link_collision,none,0,0,0,0,0,0
1129.626,combined_rough_section::nino::caster_left_wheel_link::caster_left_wheel_link_collision,rough_approach_ground::ground::rough_collision,1,1,1.09728759759e-09,-0.110699188075,0.0696303768308,0.389775758334
1129.626,combined_rough_section::nino::caster_bracket_right_link::caster_bracket_right_link_collision,none,0,0,0,0,0,0
1129.626,combined_rough_section::nino::caster_right_wheel_link::caster_right_wheel_link_collision,rough_approach_ground::ground::rough_collision,1,1,7.76091976067e-08,1.42077372947,1.74956782649,24.9003659855
1129.626,combined_rough_section::nino::left_wheel_link::left_wheel_link_collision,rough_approach_ground::ground::rough_collision,1,1,4.55544642147e-08,1.72343501357,-5.53118096541,20.3034397472
1129.626,combined_rough_section::nino::right_wheel_link::right_wheel_link_collision,none,0,0,0,0,0,0
1129.648,combined_rough_section::nino::base_footprint::base_footprint_fixed_joint_lump__base_link_collision,rough_approach_ground::ground::rough_collision,1,1,2.16791004037e-08,-3.03351493417,3.71197944896,9.23129012391
1129.648,combined_rough_section::nino::base_footprint::base_footprint_fixed_joint_lump__laser_collision_1,none,0,0,0,0,0,0
1129.648,combined_rough_section::nino::caster_bracket_left_link::caster_bracket_left_link_collision,none,0,0,0,0,0,0
1129.648,combined_rough_section::nino::caster_left_wheel_link::caster_left_wheel_link_collision,rough_approach_ground::ground::rough_collision,1,1,1.09726696826e-09,-0.110700403338,0.0696283360224,0.389769552657
1129.648,combined_rough_section::nino::caster_bracket_right_link::caster_bracket_right_link_collision,none,0,0,0,0,0,0
1129.648,combined_rough_section::nino::caster_right_wheel_link::caster_right_wheel_link_collision,rough_approach_ground::ground::rough_collision,1,1,7.76091749546e-08,1.42077372114,1.74957251068,24.9003710813
1129.648,combined_rough_section::nino::left_wheel_link::left_wheel_link_collision,rough_approach_ground::ground::rough_collision,1,1,4.55544729161e-08,1.72344100925,-5.53118071159,20.3034422889
1129.648,combined_rough_section::nino::right_wheel_link::right_wheel_link_collision,none,0,0,0,0,0,0
1129.67,combined_rough_section::nino::base_footprint::base_footprint_fixed_joint_lump__base_link_collision,rough_approach_ground::ground::rough_collision,1,1,2.16790928542e-08,-3.03352040259,3.71197673344,9.23128830954
1129.67,combined_rough_section::nino::base_footprint::base_footprint_fixed_joint_lump__laser_collision_1,none,0,0,0,0,0,0
1129.67,combined_rough_section::nino::caster_bracket_left_link::caster_bracket_left_link_collision,none,0,0,0,0,0,0
1129.67,combined_rough_section::nino::caster_left_wheel_link::caster_left_wheel_link_collision,rough_approach_ground::ground::rough_collision,1,1,1.09724817079e-09,-0.110701509186,0.0696264772562,0.389763899414
1129.67,combined_rough_section::nino::caster_bracket_right_link::caster_bracket_right_link_collision,none,0,0,0,0,0,0
1129.67,combined_rough_section::nino::caster_right_wheel_link::caster_right_wheel_link_collision,rough_approach_ground::ground::rough_collision,1,1,7.76091522853e-08,1.42077371364,1.74957719575,24.9003761967
1129.67,combined_rough_section::nino::left_wheel_link::left_wheel_link_collision,rough_approach_ground::ground::rough_collision,1,1,4.55544834632e-08,1.72344819807,-5.53118040643,20.3034453332
1129.67,combined_rough_section::nino::right_wheel_link::right_wheel_link_collision,none,0,0,0,0,0,0
1129.692,combined_rough_section::nino::base_footprint::base_footprint_fixed_joint_lump__base_link_collision,rough_approach_ground::ground::rough_collision,1,1,2.16790853047e-08,-3.03352591878,3.71197404326,9.23128647645
1129.692,combined_rough_section::nino::base_footprint::base_footprint_fixed_joint_lump__laser_collision_1,none,0,0,0,0,0,0
1129.692,combined_rough_section::nino::caster_bracket_left_link::caster_bracket_left_link_collision,none,0,0,0,0,0,0
1129.692,combined_rough_section::nino::caster_left_wheel_link::caster_left_wheel_link_collision,rough_approach_ground::ground::rough_collision,1,1,1.09723105948e-09,-0.11070252843,0.0696247674894,0.389758701615
1129.692,combined_rough_section::nino::caster_bracket_right_link::caster_bracket_right_link_collision,none,0,0,0,0,0,0
1129.692,combined_rough_section::nino::caster_right_wheel_link::caster_right_wheel_link_collision,rough_approach_ground::ground::rough_collision,1,1,7.76091353821e-08,1.42077370953,1.74958071123,24.9003800696
1129.692,combined_rough_section::nino::left_wheel_link::left_wheel_link_collision,rough_approach_ground::ground::rough_collision,1,1,4.5554492123e-08,1.72345423058,-5.53118015334,20.3034478995
1129.692,combined_rough_section::nino::right_wheel_link::right_wheel_link_collision,none,0,0,0,0,0,0
1129.714,combined_rough_section::nino::base_footprint::base_footprint_fixed_joint_lump__base_link_collision,rough_approach_ground::ground::rough_collision,1,1,2.16790790875e-08,-3.03353040307,3.71197182688,9.23128498797
1129.714,combined_rough_section::nino::base_footprint::base_footprint_fixed_joint_lump__laser_collision_1,none,0,0,0,0,0,0
1129.714,combined_rough_section::nino::caster_bracket_left_link::caster_bracket_left_link_collision,none,0,0,0,0,0,0
1129.714,combined_rough_section::nino::caster_left_wheel_link::caster_left_wheel_link_collision,rough_approach_ground::ground::rough_collision,1,1,1.09721030178e-09,-0.110703741438,0.0696227298721,0.389752505244
1129.714,combined_rough_section::nino::caster_bracket_right_link::caster_bracket_right_link_collision,none,0,0,0,0,0,0
1129.714,combined_rough_section::nino::caster_right_wheel_link::caster_right_wheel_link_collision,rough_approach_ground::ground::rough_collision,1,1,7.76091127544e-08,1.4207737025,1.7495853968,24.900385196
1129.714,combined_rough_section::nino::left_wheel_link::left_wheel_link_collision,rough_approach_ground::ground::rough_collision,1,1,4.55545026562e-08,1.72346143415,-5.53117984888,20.3034509552
1129.714,combined_rough_section::nino::right_wheel_link::right_wheel_link_collision,none,0,0,0,0,0,0
1129.736,combined_rough_section::nino::base_footprint::base_footprint_fixed_joint_lump__base_link_collision,rough_approach_ground::ground::rough_collision,1,1,2.16790707608e-08,-3.03353638237,3.71196887216,9.23128300294
1129.736,combined_rough_section::nino::base_footprint::base_footprint_fixed_joint_lump__laser_collision_1,none,0,0,0,0,0,0
1129.736,combined_rough_section::nino::caster_bracket_left_link::caster_bracket_left_link_collision,none,0,0,0,0,0,0
1129.736,combined_rough_section::nino::caster_left_wheel_link::caster_left_wheel_link_collision,rough_approach_ground::ground::rough_collision,1,1,1.0971932668e-09,-0.110704752929,0.0696210311247,0.38974733962
1129.736,combined_rough_section::nino::caster_bracket_right_link::caster_bracket_right_link_collision,none,0,0,0,0,0,0
1129.736,combined_rough_section::nino::caster_right_wheel_link::caster_right_wheel_link_collision,rough_approach_ground::ground::rough_collision,1,1,7.76090900885e-08,1.42077369496,1.74959008178,24.9003903098
1129.736,combined_rough_section::nino::left_wheel_link::left_wheel_link_collision,rough_approach_ground::ground::rough_collision,1,1,4.55545114131e-08,1.72346743922,-5.5311795951,20.3034535026
1129.736,combined_rough_section::nino::right_wheel_link::right_wheel_link_collision,none,0,0,0,0,0,0
1129.758,combined_rough_section::nino::base_footprint::base_footprint_fixed_joint_lump__base_link_collision,rough_approach_ground::ground::rough_collision,1,1,2.16790626562e-08,-3.03354240286,3.71196593937,9.23128100169
1129.758,combined_rough_section::nino::base_footprint::base_footprint_fixed_joint_lump__laser_collision_1,none,0,0,0,0,0,0
1129.758,combined_rough_section::nino::caster_bracket_left_link::caster_bracket_left_link_collision,none,0,0,0,0,0,0
1129.758,combined_rough_section::nino::caster_left_wheel_link::caster_left_wheel_link_collision,rough_approach_ground::ground::rough_collision,1,1,1.09717433056e-09,-0.110705865152,0.0696191632521,0.38974165975
1129.758,combined_rough_section::nino::caster_bracket_right_link::caster_bracket_right_link_collision,none,0,0,0,0,0,0
1129.758,combined_rough_section::nino::caster_right_wheel_link::caster_right_wheel_link_collision,rough_approach_ground::ground::rough_collision,1,1,7.76090731056e-08,1.42077368995,1.74959359622,24.9003941608
1129.758,combined_rough_section::nino::left_wheel_link::left_wheel_link_collision,rough_approach_ground::ground::rough_collision,1,1,4.55545219741e-08,1.72347469191,-5.53117929211,20.3034565929
1129.758,combined_rough_section::nino::right_wheel_link::right_wheel_link_collision,none,0,0,0,0,0,0
1129.78,combined_rough_section::nino::base_footprint::base_footprint_fixed_joint_lump__base_link_collision,rough_approach_ground::ground::rough_collision,1,1,2.16790563279e-08,-3.03354688869,3.71196372382,9.23127951263
1129.78,combined_rough_section::nino::base_footprint::base_footprint_fixed_joint_lump__laser_collision_1,none,0,0,0,0,0,0
1129.78,combined_rough_section::nino::caster_bracket_left_link::caster_bracket_left_link_collision,none,0,0,0,0,0,0
1129.78,combined_rough_section::nino::caster_left_wheel_link::caster_left_wheel_link_collision,rough_approach_ground::ground::rough_collision,1,1,1.0971535e-09,-0.110707084713,0.0696171162679,0.389735435985
1129.78,combined_rough_section::nino::caster_bracket_right_link::caster_bracket_right_link_collision,none,0,0,0,0,0,0
1129.78,combined_rough_section::nino::caster_right_wheel_link::caster_right_wheel_link_collision,rough_approach_ground::ground::rough_collision,1,1,7.76090505125e-08,1.42077368435,1.74959828331,24.9003993207
1129.78,combined_rough_section::nino::left_wheel_link::left_wheel_link_collision,rough_approach_ground::ground::rough_collision,1,1,4.55545306199e-08,1.72348068052,-5.53117903773,20.3034591284
1129.78,combined_rough_section::nino::right_wheel_link::right_wheel_link_collision,none,0,0,0,0,0,0
1129.802,combined_rough_section::nino::base_footprint::base_footprint_fixed_joint_lump__base_link_collision,rough_approach_ground::ground::rough_collision,1,1,2.16790475571e-08,-3.03355338642,3.71196053345,9.23127735443
1129.802,combined_rough_section::nino::base_footprint::base_footprint_fixed_joint_lump__laser_collision_1,none,0,0,0,0,0,0
1129.802,combined_rough_section::nino::caster_bracket_left_link::caster_bracket_left_link_collision,none,0,0,0,0,0,0
1129.802,combined_rough_section::nino::caster_left_wheel_link::caster_left_wheel_link_collision,rough_approach_ground::ground::rough_collision,1,1,1.09713458457e-09,-0.110708208963,0.0696152307018,0.389729703961
1129.802,combined_rough_section::nino::caster_bracket_right_link::caster_bracket_right_link_collision,none,0,0,0,0,0,0
1129.802,combined_rough_section::nino::caster_right_wheel_link::caster_right_wheel_link_collision,rough_approach_ground::ground::rough_collision,1,1,7.76090278362e-08,1.42077367845,1.74960297007,24.9004044735
1129.802,combined_rough_section::nino::left_wheel_link::left_wheel_link_collision,rough_approach_ground::ground::rough_collision,1,1,4.55545411532e-08,1.72348791686,-5.5311787342,20.303462207
1129.802,combined_rough_section::nino::right_wheel_link::right_wheel_link_collision,none,0,0,0,0,0,0
1129.824,combined_rough_section::nino::base_footprint::base_footprint_fixed_joint_lump__base_link_collision,rough_approach_ground::ground::rough_collision,1,1,2.16790414509e-08,-3.03355788195,3.71195832329,9.23127586134
1129.824,combined_rough_section::nino::base_footprint::base_footprint_fixed_joint_lump__laser_collision_1,none,0,0,0,0,0,0
1129.824,combined_rough_section::nino::caster_bracket_left_link::caster_bracket_left_link_collision,none,0,0,0,0,0,0
1129.824,combined_rough_section::nino::caster_left_wheel_link::caster_left_wheel_link_collision,rough_approach_ground::ground::rough_collision,1,1,1.09711572119e-09,-0.110709318843,0.0696133657994,0.389724032467
1129.824,combined_rough_section::nino::caster_bracket_right_link::caster_bracket_right_link_collision,none,0,0,0,0,0,0
1129.824,combined_rough_section::nino::caster_right_wheel_link::caster_right_wheel_link_collision,rough_approach_ground::ground::rough_collision,1,1,7.76090109955e-08,1.42077367358,1.74960648462,24.9004083272
1129.824,combined_rough_section::nino::left_wheel_link::left_wheel_link_collision,rough_approach_ground::ground::rough_collision,1,1,4.55545499933e-08,1.72349390849,-5.53117847986,20.3034647444
1129.824,combined_rough_section::nino::right_wheel_link::right_wheel_link_collision,none,0,0,0,0,0,0
1129.846,combined_rough_section::nino::base_footprint::base_footprint_fixed_joint_lump__base_link_collision,rough_approach_ground::ground::rough_collision,1,1,2.16790339014e-08,-3.03356337391,3.71195562055,9.23127403754
1129.846,combined_rough_section::nino::base_footprint::base_footprint_fixed_joint_lump__laser_collision_1,none,0,0,0,0,0,0
1129.846,combined_rough_section::nino::caster_bracket_left_link::caster_bracket_left_link_collision,none,0,0,0,0,0,0
1129.846,combined_rough_section::nino::caster_left_wheel_link::caster_left_wheel_link_collision,rough_approach_ground::ground::rough_collision,1,1,1.09709848845e-09,-0.110710335654,0.06961165963,0.389718845286
1129.846,combined_rough_section::nino::caster_bracket_right_link::caster_bracket_right_link_collision,none,0,0,0,0,0,0
1129.846,combined_rough_section::nino::caster_right_wheel_link::caster_right_wheel_link_collision,rough_approach_ground::ground::rough_collision,1,1,7.76089883088e-08,1.42077366671,1.74961117027,24.9004134565
1129.846,combined_rough_section::nino::left_wheel_link::left_wheel_link_collision,rough_approach_ground::ground::rough_collision,1,1,4.55545605405e-08,1.72350111218,-5.53117817559,20.3034678008
1129.846,combined_rough_section::nino::right_wheel_link::right_wheel_link_collision,none,0,0,0,0,0,0
1129.868,combined_rough_section::nino::base_footprint::base_footprint_fixed_joint_lump__base_link_collision,rough_approach_ground::ground::rough_collision,1,1,2.16790264629e-08,-3.03356886875,3.71195291919,9.23127221276
1129.868,combined_rough_section::nino::base_footprint::base_footprint_fixed_joint_lump__laser_collision_1,none,0,0,0,0,0,0
1129.868,combined_rough_section::nino::caster_bracket_left_link::caster_bracket_left_link_collision,none,0,0,0,0,0,0
1129.868,combined_rough_section::nino::caster_left_wheel_link::caster_left_wheel_link_collision,rough_approach_ground::ground::rough_collision,1,1,1.09707961118e-09,-0.110711451658,0.0696097858147,0.389713147597
1129.868,combined_rough_section::nino::caster_bracket_right_link::caster_bracket_right_link_collision,none,0,0,0,0,0,0
1129.868,combined_rough_section::nino::caster_right_wheel_link::caster_right_wheel_link_collision,rough_approach_ground::ground::rough_collision,1,1,7.76089657331e-08,1.42077365938,1.7496158554,24.9004185747
1129.868,combined_rough_section::nino::left_wheel_link::left_wheel_link_collision,rough_approach_ground::ground::rough_collision,1,1,4.5554569339e-08,1.72350715421,-5.53117792304,20.3034703747
1129.868,combined_rough_section::nino::right_wheel_link::right_wheel_link_collision,none,0,0,0,0,0,0
1129.89,combined_rough_section::nino::base_footprint::base_footprint_fixed_joint_lump__base_link_collision,rough_approach_ground::ground::rough_collision,1,1,2.16790174701e-08,-3.03357534481,3.71194971698,9.23127006344
1129.89,combined_rough_section::nino::base_footprint::base_footprint_fixed_joint_lump__laser_collision_1,none,0,0,0,0,0,0
1129.89,combined_rough_section::nino::caster_bracket_left_link::caster_bracket_left_link_collision,none,0,0,0,0,0,0
1129.89,combined_rough_section::nino::caster_left_wheel_link::caster_left_wheel_link_collision,rough_approach_ground::ground::rough_collision,1,1,1.097059079e-09,-0.110712664245,0.0696077496936,0.389706956332
1129.89,combined_rough_section::nino::caster_bracket_right_link::caster_bracket_right_link_collision,none,0,0,0,0,0,0
1129.89,combined_rough_section::nino::caster_right_wheel_link::caster_right_wheel_link_collision,rough_approach_ground::ground::rough_collision,1,1,7.7608948712e-08,1.42077365473,1.74961937016,24.9004224332
1129.89,combined_rough_section::nino::left_wheel_link::left_wheel_link_collision,rough_approach_ground::ground::rough_collision,1,1,4.55545796779e-08,1.72351435522,-5.53117761796,20.3034734267
1129.89,combined_rough_section::nino::right_wheel_link::right_wheel_link_collision,none,0,0,0,0,0,0
1129.912,combined_rough_section::nino::base_footprint::base_footprint_fixed_joint_lump__base_link_collision,rough_approach_ground::ground::rough_collision,1,1,2.16790105867e-08,-3.03358034022,3.71194726161,9.2312684042
1129.912,combined_rough_section::nino::base_footprint::base_footprint_fixed_joint_lump__laser_collision_1,none,0,0,0,0,0,0
1129.912,combined_rough_section::nino::caster_bracket_left_link::caster_bracket_left_link_collision,none,0,0,0,0,0,0
1129.912,combined_rough_section::nino::caster_left_wheel_link::caster_left_wheel_link_collision,rough_approach_ground::ground::rough_collision,1,1,1.09704184278e-09,-0.110713678529,0.0696060467091,0.389701778116
1129.912,combined_rough_section::nino::caster_bracket_right_link::caster_bracket_right_link_collision,none,0,0,0,0,0,0
1129.912,combined_rough_section::nino::caster_right_wheel_link::caster_right_wheel_link_collision,rough_approach_ground::ground::rough_collision,1,1,7.76089260808e-08,1.4207736484,1.74962405636,24.9004275748
1129.912,combined_rough_section::nino::left_wheel_link::left_wheel_link_collision,rough_approach_ground::ground::rough_collision,1,1,4.55545884764e-08,1.72352037028,-5.53117736465,20.3034759818
1129.912,combined_rough_section::nino::right_wheel_link::right_wheel_link_collision,none,0,0,0,0,0,0
